Date,Workout Name,Duration,Exercise Name,Set Order,Weight,Reps,Distance,Seconds,RPE
2021-11-22 16:56:25,"Push",36m,"Side Bend (Dumbbell)",1,100.0,6.0,0,0.0,
2021-11-22 16:56:25,"Push",36m,"Side Bend (Dumbbell)",2,115.0,10.0,0,0.0,
2021-11-22 16:56:25,"Push",36m,"Side Bend (Dumbbell)",3,145.0,2.0,0,0.0,
2021-11-22 16:56:25,"Push",36m,"Seated Overhead Press (Dumbbell)",1,60.0,10.0,0,0.0,
2021-11-22 16:56:25,"Push",36m,"Seated Overhead Press (Dumbbell)",2,70.0,10.0,0,0.0,
2021-11-22 16:56:25,"Push",36m,"Seated Overhead Press (Dumbbell)",3,70.0,10.0,0,0.0,
2021-11-22 16:56:25,"Push",36m,"Bench Press (Smith Machine)",1,95.0,10.0,0,0.0,
2021-11-22 16:56:25,"Push",36m,"Bench Press (Smith Machine)",2,115.0,10.0,0,0.0,
2021-11-22 16:56:25,"Push",36m,"Bench Press (Smith Machine)",3,145.0,2.0,0,0.0,
2021-11-22 16:56:25,"Push",36m,"Bench Press (Smith Machine)",4,150.0,1.0,0,0.0,
2021-11-22 16:56:25,"Push",36m,"Triceps Pushdown (Cable - Straight Bar)",1,32.5,10.0,0,0.0,
2021-11-22 16:56:25,"Push",36m,"Triceps Pushdown (Cable - Straight Bar)",2,37.5,10.0,0,0.0,
2021-11-22 16:56:25,"Push",36m,"Triceps Pushdown (Cable - Straight Bar)",3,37.5,10.0,0,0.0,
2021-11-26 06:10:46,"Legs",38m,"Squat (Barbell)",1,40.0,3.0,0,0.0,
2021-11-26 06:10:46,"Legs",38m,"Squat (Barbell)",2,40.0,6.0,0,0.0,
2021-11-26 06:10:46,"Legs",38m,"Squat (Barbell)",3,40.0,5.0,0,0.0,
2021-11-26 06:10:46,"Legs",38m,"Trap Bar Deadlift",1,50.0,10.0,0,0.0,
2021-11-26 06:10:46,"Legs",38m,"Trap Bar Deadlift",2,100.0,10.0,0,0.0,
2021-11-26 06:10:46,"Legs",38m,"Trap Bar Deadlift",3,100.0,10.0,0,0.0,
2021-11-26 06:10:46,"Legs",38m,"Bulgarian Split Squat",1,25.0,10.0,0,0.0,
2021-11-26 06:10:46,"Legs",38m,"Bulgarian Split Squat",2,25.0,10.0,0,0.0,
2021-11-29 16:26:58,"Push",40m,"Side Bend (Dumbbell)",1,100.0,6.0,0,0.0,
2021-11-29 16:26:58,"Push",40m,"Side Bend (Dumbbell)",2,100.0,5.0,0,0.0,
2021-11-29 16:26:58,"Push",40m,"Side Bend (Dumbbell)",3,90.0,5.0,0,0.0,
2021-11-29 16:26:58,"Push",40m,"Arnold Press (Dumbbell)",1,60.0,10.0,0,0.0,
2021-11-29 16:26:58,"Push",40m,"Arnold Press (Dumbbell)",2,70.0,10.0,0,0.0,
2021-11-29 16:26:58,"Push",40m,"Arnold Press (Dumbbell)",3,70.0,9.0,0,0.0,
2021-11-29 16:26:58,"Push",40m,"Bench Press (Smith Machine)",1,115.0,10.0,0,0.0,
2021-11-29 16:26:58,"Push",40m,"Bench Press (Smith Machine)",2,115.0,10.0,0,0.0,
2021-11-29 16:26:58,"Push",40m,"Bench Press (Smith Machine)",3,150.0,1.0,0,0.0,
2021-11-29 16:26:58,"Push",40m,"Triceps Pushdown (Cable - Straight Bar)",1,37.5,10.0,0,0.0,
2021-11-29 16:26:58,"Push",40m,"Triceps Pushdown (Cable - Straight Bar)",2,37.5,10.0,0,0.0,
2021-11-29 16:26:58,"Push",40m,"Triceps Pushdown (Cable - Straight Bar)",3,37.5,10.0,0,0.0,
2021-12-23 10:05:06,"Push",19m,"Bench Press (Smith Machine)",1,95.0,10.0,0,0.0,
2021-12-23 10:05:06,"Push",19m,"Bench Press (Smith Machine)",2,115.0,10.0,0,0.0,
2021-12-23 10:05:06,"Push",19m,"Bench Press (Smith Machine)",3,115.0,10.0,0,0.0,
2021-12-23 10:05:06,"Push",19m,"Arnold Press (Dumbbell)",1,60.0,10.0,0,0.0,
2021-12-23 10:05:06,"Push",19m,"Arnold Press (Dumbbell)",2,50.0,10.0,0,0.0,
2021-12-23 10:05:06,"Push",19m,"Triceps Pushdown (Cable - Straight Bar)",1,35.0,10.0,0,0.0,
2021-12-23 10:05:06,"Push",19m,"Triceps Pushdown (Cable - Straight Bar)",2,35.0,10.0,0,0.0,
2021-12-23 10:05:06,"Push",19m,"Triceps Pushdown (Cable - Straight Bar)",3,35.0,10.0,0,0.0,
2021-12-26 08:53:57,"Push",1h 5m,"Bench Press (Smith Machine)",1,115.0,5.0,0,0.0,
2021-12-26 08:53:57,"Push",1h 5m,"Arnold Press (Dumbbell)",1,55.0,10.0,0,0.0,
2021-12-26 08:53:57,"Push",1h 5m,"Arnold Press (Dumbbell)",2,55.0,10.0,0,0.0,
2021-12-26 08:53:57,"Push",1h 5m,"Arnold Press (Dumbbell)",3,55.0,10.0,0,0.0,
2021-12-26 08:53:57,"Push",1h 5m,"Triceps Pushdown (Cable - Straight Bar)",1,32.5,10.0,0,0.0,
2021-12-26 08:53:57,"Push",1h 5m,"Triceps Pushdown (Cable - Straight Bar)",2,37.5,10.0,0,0.0,
2021-12-26 08:53:57,"Push",1h 5m,"Triceps Pushdown (Cable - Straight Bar)",3,37.5,10.0,0,0.0,
2021-12-26 08:53:57,"Push",1h 5m,"Bench Press (Dumbbell)",1,90.0,10.0,0,0.0,
2021-12-26 08:53:57,"Push",1h 5m,"Bench Press (Dumbbell)",2,90.0,10.0,0,0.0,
2021-12-26 08:53:57,"Push",1h 5m,"Bench Press (Dumbbell)",3,90.0,10.0,0,0.0,
2021-12-26 08:53:57,"Push",1h 5m,"Incline Bench Press (Dumbbell)",1,55.0,10.0,0,0.0,
2021-12-26 08:53:57,"Push",1h 5m,"Incline Bench Press (Dumbbell)",2,55.0,10.0,0,0.0,
2021-12-26 08:53:57,"Push",1h 5m,"Incline Bench Press (Dumbbell)",3,55.0,10.0,0,0.0,
2021-12-26 08:53:57,"Push",1h 5m,"Triceps Dip",1,0,5.0,0,0.0,
2021-12-26 08:53:57,"Push",1h 5m,"Triceps Dip",2,0,5.0,0,0.0,
2021-12-26 08:53:57,"Push",1h 5m,"Triceps Dip",3,0,5.0,0,0.0,
2021-12-26 08:53:57,"Push",1h 5m,"Battle Ropes",1,0,0.0,52.8,60.0,
2021-12-26 08:53:57,"Push",1h 5m,"Battle Ropes",2,0,0.0,109.1,60.0,
2021-12-26 08:53:57,"Push",1h 5m,"Battle Ropes",3,0,0.0,155.7,60.0,
2021-12-27 15:08:55,"Pull",31m,"Bicep Curl (Dumbbell)",1,50.0,10.0,0,0.0,
2021-12-27 15:08:55,"Pull",31m,"Bicep Curl (Dumbbell)",2,50.0,10.0,0,0.0,
2021-12-27 15:08:55,"Pull",31m,"Bicep Curl (Dumbbell)",3,50.0,10.0,0,0.0,
2021-12-27 15:08:55,"Pull",31m,"Pull Up",1,0,5.0,0,0.0,
2021-12-27 15:08:55,"Pull",31m,"Pull Up",2,0,2.0,0,0.0,
2021-12-27 15:08:55,"Pull",31m,"Pull Up",3,0,2.0,0,0.0,
2021-12-27 15:08:55,"Pull",31m,"Seated Row (Cable)",1,70.0,10.0,0,0.0,
2021-12-27 15:08:55,"Pull",31m,"Seated Row (Cable)",2,70.0,10.0,0,0.0,
2021-12-27 15:08:55,"Pull",31m,"Seated Row (Cable)",3,70.0,10.0,0,0.0,
2021-12-27 15:08:55,"Pull",31m,"Preacher Curl (Machine)",1,25.0,10.0,0,0.0,
2021-12-27 15:08:55,"Pull",31m,"Preacher Curl (Machine)",2,35.0,10.0,0,0.0,
2021-12-27 15:08:55,"Pull",31m,"Preacher Curl (Machine)",3,35.0,10.0,0,0.0,
2021-12-28 15:27:24,"Legs",1h 2m,"Squat (Barbell)",1,40.0,10.0,0,0.0,
2021-12-28 15:27:24,"Legs",1h 2m,"Squat (Barbell)",2,40.0,10.0,0,0.0,
2021-12-28 15:27:24,"Legs",1h 2m,"Squat (Barbell)",3,40.0,10.0,0,0.0,
2021-12-28 15:27:24,"Legs",1h 2m,"Trap Bar Deadlift",1,50.0,10.0,0,0.0,
2021-12-28 15:27:24,"Legs",1h 2m,"Trap Bar Deadlift",2,90.0,10.0,0,0.0,
2021-12-28 15:27:24,"Legs",1h 2m,"Trap Bar Deadlift",3,90.0,10.0,0,0.0,
2021-12-28 15:27:24,"Legs",1h 2m,"Bulgarian Split Squat",1,25.0,10.0,0,0.0,
2021-12-28 15:27:24,"Legs",1h 2m,"Bulgarian Split Squat",2,25.0,10.0,0,0.0,
2021-12-28 15:27:24,"Legs",1h 2m,"Bulgarian Split Squat",3,25.0,10.0,0,0.0,
2022-01-01 11:10:47,"Push",46m,"Bench Press (Smith Machine)",1,115.0,3.0,0,0.0,
2022-01-01 11:10:47,"Push",46m,"Bench Press (Smith Machine)",2,125.0,1.0,0,0.0,
2022-01-01 11:10:47,"Push",46m,"Triceps Pushdown (Cable - Straight Bar)",1,37.5,10.0,0,0.0,
2022-01-01 11:10:47,"Push",46m,"Triceps Pushdown (Cable - Straight Bar)",2,37.5,10.0,0,0.0,
2022-01-01 11:10:47,"Push",46m,"Triceps Pushdown (Cable - Straight Bar)",3,37.5,6.0,0,0.0,
2022-01-01 11:10:47,"Push",46m,"Bench Press (Dumbbell)",1,90.0,10.0,0,0.0,
2022-01-01 11:10:47,"Push",46m,"Bench Press (Dumbbell)",2,100.0,10.0,0,0.0,
2022-01-01 11:10:47,"Push",46m,"Bench Press (Dumbbell)",3,100.0,6.0,0,0.0,
2022-01-01 11:10:47,"Push",46m,"Incline Bench Press (Dumbbell)",1,55.0,10.0,0,0.0,
2022-01-01 11:10:47,"Push",46m,"Incline Bench Press (Dumbbell)",2,60.0,10.0,0,0.0,
2022-01-01 11:10:47,"Push",46m,"Incline Bench Press (Dumbbell)",3,60.0,10.0,0,0.0,
2022-01-01 11:10:47,"Push",46m,"Triceps Dip",1,0,6.0,0,0.0,
2022-01-01 11:10:47,"Push",46m,"Triceps Dip",2,0,6.0,0,0.0,
2022-01-01 11:10:47,"Push",46m,"Triceps Dip",3,0,2.0,0,0.0,
2022-01-01 11:10:47,"Push",46m,"Rope Pull Down",1,0,0.0,261.15,60.0,
2022-01-01 11:10:47,"Push",46m,"Rope Pull Down",2,0,0.0,271.8,60.0,
2022-01-01 11:10:47,"Push",46m,"Rope Pull Down",3,0,0.0,218.4,60.0,
2022-01-02 16:06:45,"Pull",38m,"Bicep Curl (Dumbbell)",1,50.0,10.0,0,0.0,
2022-01-02 16:06:45,"Pull",38m,"Bicep Curl (Dumbbell)",2,55.0,10.0,0,0.0,
2022-01-02 16:06:45,"Pull",38m,"Bicep Curl (Dumbbell)",3,55.0,5.0,0,0.0,
2022-01-02 16:06:45,"Pull",38m,"Pull Up",1,0,6.0,0,0.0,
2022-01-02 16:06:45,"Pull",38m,"Pull Up",2,0,10.0,0,0.0,
2022-01-02 16:06:45,"Pull",38m,"Pull Up",3,0,3.0,0,0.0,
2022-01-02 16:06:45,"Pull",38m,"Seated Row (Cable)",1,70.0,10.0,0,0.0,
2022-01-02 16:06:45,"Pull",38m,"Seated Row (Cable)",2,70.0,10.0,0,0.0,
2022-01-02 16:06:45,"Pull",38m,"Seated Row (Cable)",3,70.0,10.0,0,0.0,
2022-01-02 16:06:45,"Pull",38m,"Preacher Curl (Machine)",1,35.0,10.0,0,0.0,
2022-01-02 16:06:45,"Pull",38m,"Preacher Curl (Machine)",2,35.0,8.0,0,0.0,
2022-01-02 16:06:45,"Pull",38m,"Preacher Curl (Machine)",3,35.0,5.0,0,0.0,
2022-01-02 16:06:45,"Pull",38m,"Hammer Curl (Dumbbell)",1,40.0,10.0,0,0.0,
2022-01-02 16:06:45,"Pull",38m,"Hammer Curl (Dumbbell)",2,40.0,6.0,0,0.0,
2022-01-02 16:06:45,"Pull",38m,"Hammer Curl (Dumbbell)",3,40.0,10.0,0,0.0,
2022-01-03 10:12:57,"Legs",49m,"Squat (Barbell)",1,50.0,10.0,0,0.0,
2022-01-03 10:12:57,"Legs",49m,"Squat (Barbell)",2,50.0,10.0,0,0.0,
2022-01-03 10:12:57,"Legs",49m,"Squat (Barbell)",3,50.0,7.0,0,0.0,
2022-01-03 10:12:57,"Legs",49m,"Trap Bar Deadlift",1,90.0,10.0,0,0.0,
2022-01-03 10:12:57,"Legs",49m,"Trap Bar Deadlift",2,90.0,10.0,0,0.0,
2022-01-03 10:12:57,"Legs",49m,"Trap Bar Deadlift",3,90.0,10.0,0,0.0,
2022-01-03 10:12:57,"Legs",49m,"Bulgarian Split Squat",1,25.0,10.0,0,0.0,
2022-01-03 10:12:57,"Legs",49m,"Bulgarian Split Squat",2,25.0,10.0,0,0.0,
2022-01-03 10:12:57,"Legs",49m,"Bulgarian Split Squat",3,25.0,10.0,0,0.0,
2022-01-03 10:12:57,"Legs",49m,"Standing Calf Raise (Machine)",1,50.0,10.0,0,0.0,
2022-01-03 10:12:57,"Legs",49m,"Standing Calf Raise (Machine)",2,70.0,10.0,0,0.0,
2022-01-03 10:12:57,"Legs",49m,"Standing Calf Raise (Machine)",3,70.0,10.0,0,0.0,
2022-01-04 13:10:26,"Push",50m,"Bench Press (Smith Machine)",1,115.0,10.0,0,0.0,
2022-01-04 13:10:26,"Push",50m,"Bench Press (Smith Machine)",2,135.0,5.0,0,0.0,
2022-01-04 13:10:26,"Push",50m,"Bench Press (Smith Machine)",3,145.0,2.0,0,0.0,
2022-01-04 13:10:26,"Push",50m,"Bench Press (Smith Machine)",4,155.0,1.0,0,0.0,
2022-01-04 13:10:26,"Push",50m,"Arnold Press (Dumbbell)",1,55.0,10.0,0,0.0,
2022-01-04 13:10:26,"Push",50m,"Arnold Press (Dumbbell)",2,55.0,10.0,0,0.0,
2022-01-04 13:10:26,"Push",50m,"Arnold Press (Dumbbell)",3,60.0,10.0,0,0.0,
2022-01-04 13:10:26,"Push",50m,"Triceps Pushdown (Cable - Straight Bar)",1,37.5,10.0,0,0.0,
2022-01-04 13:10:26,"Push",50m,"Triceps Pushdown (Cable - Straight Bar)",2,37.5,10.0,0,0.0,
2022-01-04 13:10:26,"Push",50m,"Triceps Pushdown (Cable - Straight Bar)",3,42.5,10.0,0,0.0,
2022-01-04 13:10:26,"Push",50m,"Bench Press (Dumbbell)",1,100.0,5.0,0,0.0,
2022-01-04 13:10:26,"Push",50m,"Incline Bench Press (Dumbbell)",1,60.0,10.0,0,0.0,
2022-01-04 13:10:26,"Push",50m,"Incline Bench Press (Dumbbell)",2,70.0,10.0,0,0.0,
2022-01-04 13:10:26,"Push",50m,"Incline Bench Press (Dumbbell)",3,70.0,10.0,0,0.0,
2022-01-04 13:10:26,"Push",50m,"Rope Pull Down",1,0,0.0,256.0,60.0,
2022-01-04 13:10:26,"Push",50m,"Rope Pull Down",2,0,0.0,242.0,60.0,
2022-01-04 13:10:26,"Push",50m,"Rope Pull Down",3,0,0.0,202.99999999999997,60.0,
2022-01-07 18:44:12,"Pull",51m,"Bicep Curl (Dumbbell)",1,50.0,10.0,0,0.0,
2022-01-07 18:44:12,"Pull",51m,"Bicep Curl (Dumbbell)",2,55.0,10.0,0,0.0,
2022-01-07 18:44:12,"Pull",51m,"Bicep Curl (Dumbbell)",3,50.0,10.0,0,0.0,
2022-01-07 18:44:12,"Pull",51m,"Pull Up",1,0,10.0,0,0.0,
2022-01-07 18:44:12,"Pull",51m,"Pull Up",2,0,4.0,0,0.0,
2022-01-07 18:44:12,"Pull",51m,"Pull Up",3,0,4.0,0,0.0,
2022-01-07 18:44:12,"Pull",51m,"Seated Row (Cable)",1,70.0,10.0,0,0.0,
2022-01-07 18:44:12,"Pull",51m,"Seated Row (Cable)",2,85.0,10.0,0,0.0,
2022-01-07 18:44:12,"Pull",51m,"Seated Row (Cable)",3,85.0,10.0,0,0.0,
2022-01-07 18:44:12,"Pull",51m,"Preacher Curl (Machine)",1,35.0,10.0,0,0.0,
2022-01-07 18:44:12,"Pull",51m,"Preacher Curl (Machine)",2,35.0,10.0,0,0.0,
2022-01-07 18:44:12,"Pull",51m,"Preacher Curl (Machine)",3,35.0,10.0,0,0.0,
2022-01-07 18:44:12,"Pull",51m,"Hammer Curl (Dumbbell)",1,40.0,10.0,0,0.0,
2022-01-07 18:44:12,"Pull",51m,"Hammer Curl (Dumbbell)",2,35.0,10.0,0,0.0,
2022-01-07 18:44:12,"Pull",51m,"Hammer Curl (Dumbbell)",3,30.0,10.0,0,0.0,
2022-01-08 09:48:25,"Legs",30m,"Squat (Barbell)",1,95.0,10.0,0,0.0,
2022-01-08 09:48:25,"Legs",30m,"Squat (Barbell)",2,115.0,1.0,0,0.0,
2022-01-08 09:48:25,"Legs",30m,"Squat (Barbell)",3,135.0,1.0,0,0.0,
2022-01-08 09:48:25,"Legs",30m,"Squat (Barbell)",4,95.0,10.0,0,0.0,
2022-01-08 09:48:25,"Legs",30m,"Trap Bar Deadlift",1,90.0,10.0,0,0.0,
2022-01-08 09:48:25,"Legs",30m,"Trap Bar Deadlift",2,90.0,10.0,0,0.0,
2022-01-09 11:51:03,"Push",1h 37m,"Arnold Press (Dumbbell)",1,60.0,10.0,0,0.0,
2022-01-09 11:51:03,"Push",1h 37m,"Arnold Press (Dumbbell)",2,60.0,10.0,0,0.0,
2022-01-09 11:51:03,"Push",1h 37m,"Arnold Press (Dumbbell)",3,60.0,10.0,0,0.0,
2022-01-09 11:51:03,"Push",1h 37m,"Triceps Pushdown (Cable - Straight Bar)",1,37.5,10.0,0,0.0,
2022-01-09 11:51:03,"Push",1h 37m,"Triceps Pushdown (Cable - Straight Bar)",2,37.5,10.0,0,0.0,
2022-01-09 11:51:03,"Push",1h 37m,"Triceps Pushdown (Cable - Straight Bar)",3,42.5,10.0,0,0.0,
2022-01-09 11:51:03,"Push",1h 37m,"Incline Bench Press (Dumbbell)",1,70.0,10.0,0,0.0,
2022-01-09 11:51:03,"Push",1h 37m,"Incline Bench Press (Dumbbell)",2,70.0,10.0,0,0.0,
2022-01-09 11:51:03,"Push",1h 37m,"Incline Bench Press (Dumbbell)",3,70.0,10.0,0,0.0,
2022-01-09 11:51:03,"Push",1h 37m,"Triceps Dip",1,0,10.0,0,0.0,
2022-01-09 11:51:03,"Push",1h 37m,"Triceps Dip",2,0,10.0,0,0.0,
2022-01-09 11:51:03,"Push",1h 37m,"Triceps Dip",3,0,10.0,0,0.0,
2022-01-11 15:13:57,"Push",33m,"Seated Overhead Press (Barbell)",1,40.0,10.0,0,0.0,
2022-01-11 15:13:57,"Push",33m,"Seated Overhead Press (Barbell)",2,50.0,10.0,0,0.0,
2022-01-11 15:13:57,"Push",33m,"Bench Press (Dumbbell)",1,100.0,10.0,0,0.0,
2022-01-11 15:13:57,"Push",33m,"Bench Press (Dumbbell)",2,110.0,9.0,0,0.0,
2022-01-11 15:13:57,"Push",33m,"Bench Press (Dumbbell)",3,110.0,5.0,0,0.0,
2022-01-11 15:13:57,"Push",33m,"Incline Bench Press (Dumbbell)",1,70.0,10.0,0,0.0,
2022-01-11 15:13:57,"Push",33m,"Incline Bench Press (Dumbbell)",2,70.0,10.0,0,0.0,
2022-01-11 15:13:57,"Push",33m,"Incline Bench Press (Dumbbell)",3,70.0,10.0,0,0.0,
2022-01-11 15:13:57,"Push",33m,"Triceps Dip",1,0,10.0,0,0.0,
2022-01-11 15:13:57,"Push",33m,"Triceps Dip",2,0,10.0,0,0.0,
2022-01-11 15:13:57,"Push",33m,"Triceps Dip",3,0,10.0,0,0.0,
2022-01-23 09:05:02,"Push",35m,"Triceps Pushdown (Cable - Straight Bar)",1,37.5,10.0,0,0.0,
2022-01-23 09:05:02,"Push",35m,"Triceps Pushdown (Cable - Straight Bar)",2,42.5,10.0,0,0.0,
2022-01-23 09:05:02,"Push",35m,"Triceps Pushdown (Cable - Straight Bar)",3,42.5,10.0,0,0.0,
2022-01-23 09:05:02,"Push",35m,"Bench Press (Dumbbell)",1,110.0,10.0,0,0.0,
2022-01-23 09:05:02,"Push",35m,"Bench Press (Dumbbell)",2,110.0,10.0,0,0.0,
2022-01-23 09:05:02,"Push",35m,"Bench Press (Dumbbell)",3,120.0,5.0,0,0.0,
2022-01-23 09:05:02,"Push",35m,"Incline Bench Press (Dumbbell)",1,70.0,10.0,0,0.0,
2022-01-23 09:05:02,"Push",35m,"Incline Bench Press (Dumbbell)",2,70.0,10.0,0,0.0,
2022-01-23 09:05:02,"Push",35m,"Incline Bench Press (Dumbbell)",3,70.0,10.0,0,0.0,
2022-01-23 09:05:02,"Push",35m,"Triceps Dip",1,0,10.0,0,0.0,
2022-01-23 09:05:02,"Push",35m,"Triceps Dip",2,0,10.0,0,0.0,
2022-01-23 09:05:02,"Push",35m,"Triceps Dip",3,0,10.0,0,0.0,
2022-01-23 09:05:02,"Push",35m,"Rope Pull Down",1,0,0.0,254.0,60.0,
2022-01-28 16:46:18,"Push",34m,"Bench Press (Smith Machine)",1,135.0,3.0,0,0.0,
2022-01-28 16:46:18,"Push",34m,"Triceps Pushdown (Cable - Straight Bar)",1,37.5,10.0,0,0.0,
2022-01-28 16:46:18,"Push",34m,"Triceps Pushdown (Cable - Straight Bar)",2,37.5,10.0,0,0.0,
2022-01-28 16:46:18,"Push",34m,"Triceps Pushdown (Cable - Straight Bar)",3,37.5,10.0,0,0.0,
2022-01-28 16:46:18,"Push",34m,"Bench Press (Dumbbell)",1,100.0,10.0,0,0.0,
2022-01-28 16:46:18,"Push",34m,"Bench Press (Dumbbell)",2,100.0,10.0,0,0.0,
2022-01-28 16:46:18,"Push",34m,"Bench Press (Dumbbell)",3,100.0,10.0,0,0.0,
2022-01-29 07:57:17,"Pull",32m,"Bicep Curl (Dumbbell)",1,50.0,10.0,0,0.0,
2022-01-29 07:57:17,"Pull",32m,"Bicep Curl (Dumbbell)",2,50.0,10.0,0,0.0,
2022-01-29 07:57:17,"Pull",32m,"Bicep Curl (Dumbbell)",3,50.0,10.0,0,0.0,
2022-01-29 07:57:17,"Pull",32m,"Hammer Curl (Dumbbell)",1,40.0,10.0,0,0.0,
2022-01-29 07:57:17,"Pull",32m,"Hammer Curl (Dumbbell)",2,40.0,10.0,0,0.0,
2022-01-29 07:57:17,"Pull",32m,"Hammer Curl (Dumbbell)",3,40.0,10.0,0,0.0,
2022-02-01 16:28:16,"Legs",1h 32m,"Squat (Barbell)",1,95.0,10.0,0,0.0,
2022-02-01 16:28:16,"Legs",1h 32m,"Squat (Barbell)",2,95.0,10.0,0,0.0,
2022-02-01 16:28:16,"Legs",1h 32m,"Squat (Barbell)",3,95.0,10.0,0,0.0,
2022-02-01 16:28:16,"Legs",1h 32m,"Trap Bar Deadlift",1,90.0,10.0,0,0.0,
2022-02-01 16:28:16,"Legs",1h 32m,"Bulgarian Split Squat",1,25.0,10.0,0,0.0,
2022-02-01 16:28:16,"Legs",1h 32m,"Bulgarian Split Squat",2,30.0,10.0,0,0.0,
2022-02-01 16:28:16,"Legs",1h 32m,"Bulgarian Split Squat",3,30.0,10.0,0,0.0,
2022-02-02 17:58:18,"Push",59m,"Arnold Press (Dumbbell)",1,60.0,10.0,0,0.0,
2022-02-02 17:58:18,"Push",59m,"Arnold Press (Dumbbell)",2,70.0,10.0,0,0.0,
2022-02-02 17:58:18,"Push",59m,"Arnold Press (Dumbbell)",3,70.0,5.0,0,0.0,
2022-02-02 17:58:18,"Push",59m,"Triceps Pushdown (Cable - Straight Bar)",1,37.5,10.0,0,0.0,
2022-02-02 17:58:18,"Push",59m,"Triceps Pushdown (Cable - Straight Bar)",2,37.5,10.0,0,0.0,
2022-02-02 17:58:18,"Push",59m,"Bench Press (Dumbbell)",1,100.0,10.0,0,0.0,
2022-02-02 17:58:18,"Push",59m,"Bench Press (Dumbbell)",2,100.0,10.0,0,0.0,
2022-02-02 17:58:18,"Push",59m,"Bench Press (Dumbbell)",3,100.0,8.0,0,0.0,
2022-02-02 17:58:18,"Push",59m,"Incline Bench Press (Dumbbell)",1,70.0,10.0,0,0.0,
2022-02-02 17:58:18,"Push",59m,"Incline Bench Press (Dumbbell)",2,70.0,10.0,0,0.0,
2022-02-02 17:58:18,"Push",59m,"Incline Bench Press (Dumbbell)",3,70.0,5.0,0,0.0,
2022-02-02 17:58:18,"Push",59m,"Seated Overhead Press (Barbell)",1,55.0,10.0,0,0.0,
2022-02-02 17:58:18,"Push",59m,"Seated Overhead Press (Barbell)",2,65.0,10.0,0,0.0,
2022-02-02 17:58:18,"Push",59m,"Seated Overhead Press (Barbell)",3,75.0,10.0,0,0.0,
2022-02-03 16:40:39,"Pull",27h 57m,"Bicep Curl (Dumbbell)",1,50.0,10.0,0,0.0,
2022-02-03 16:40:39,"Pull",27h 57m,"Bicep Curl (Dumbbell)",2,55.0,10.0,0,0.0,
2022-02-03 16:40:39,"Pull",27h 57m,"Bicep Curl (Dumbbell)",3,60.0,10.0,0,0.0,
2022-02-03 16:40:39,"Pull",27h 57m,"Preacher Curl (Machine)",1,35.0,10.0,0,0.0,
2022-02-03 16:40:39,"Pull",27h 57m,"Preacher Curl (Machine)",2,35.0,10.0,0,0.0,
2022-02-03 16:40:39,"Pull",27h 57m,"Preacher Curl (Machine)",3,35.0,10.0,0,0.0,
2022-02-03 16:40:39,"Pull",27h 57m,"Hammer Curl (Dumbbell)",1,40.0,10.0,0,0.0,
2022-02-03 16:40:39,"Pull",27h 57m,"Hammer Curl (Dumbbell)",2,40.0,10.0,0,0.0,
2022-02-03 16:40:39,"Pull",27h 57m,"Hammer Curl (Dumbbell)",3,35.0,10.0,0,0.0,
2022-02-05 08:09:11,"Push",32m,"Bench Press (Dumbbell)",1,100.0,10.0,0,0.0,
2022-02-05 08:09:11,"Push",32m,"Bench Press (Dumbbell)",2,100.0,10.0,0,0.0,
2022-02-05 08:09:11,"Push",32m,"Bench Press (Dumbbell)",3,100.0,10.0,0,0.0,
2022-02-05 08:09:11,"Push",32m,"Incline Bench Press (Dumbbell)",1,70.0,10.0,0,0.0,
2022-02-05 08:09:11,"Push",32m,"Incline Bench Press (Dumbbell)",2,70.0,10.0,0,0.0,
2022-02-05 08:09:11,"Push",32m,"Incline Bench Press (Dumbbell)",3,70.0,10.0,0,0.0,
2022-02-05 08:09:11,"Push",32m,"Seated Overhead Press (Barbell)",1,75.0,10.0,0,0.0,
2022-02-05 08:09:11,"Push",32m,"Seated Overhead Press (Barbell)",2,75.0,8.0,0,0.0,
2022-02-06 08:55:02,"Pull",1h 20m,"Bicep Curl (Dumbbell)",1,60.0,10.0,0,0.0,
2022-02-06 08:55:02,"Pull",1h 20m,"Bicep Curl (Dumbbell)",2,60.0,10.0,0,0.0,
2022-02-06 08:55:02,"Pull",1h 20m,"Bicep Curl (Dumbbell)",3,60.0,10.0,0,0.0,
2022-02-06 08:55:02,"Pull",1h 20m,"Pull Up",1,0,10.0,0,0.0,
2022-02-06 08:55:02,"Pull",1h 20m,"Pull Up",2,0,5.0,0,0.0,
2022-02-06 08:55:02,"Pull",1h 20m,"Pull Up",3,0,5.0,0,0.0,
2022-02-06 08:55:02,"Pull",1h 20m,"Seated Row (Cable)",1,50.0,10.0,0,0.0,
2022-02-06 08:55:02,"Pull",1h 20m,"Seated Row (Cable)",2,50.0,10.0,0,0.0,
2022-02-06 08:55:02,"Pull",1h 20m,"Seated Row (Cable)",3,50.0,10.0,0,0.0,
2022-02-06 08:55:02,"Pull",1h 20m,"Preacher Curl (Machine)",1,35.0,10.0,0,0.0,
2022-02-06 08:55:02,"Pull",1h 20m,"Preacher Curl (Machine)",2,25.0,10.0,0,0.0,
2022-02-06 08:55:02,"Pull",1h 20m,"Preacher Curl (Machine)",3,25.0,10.0,0,0.0,
2022-02-06 08:55:02,"Pull",1h 20m,"Hammer Curl (Dumbbell)",1,40.0,10.0,0,0.0,
2022-02-06 08:55:02,"Pull",1h 20m,"Hammer Curl (Dumbbell)",2,45.0,10.0,0,0.0,
2022-02-06 08:55:02,"Pull",1h 20m,"Hammer Curl (Dumbbell)",3,50.0,10.0,0,0.0,
2022-02-07 15:02:04,"Legs",41m,"Squat (Barbell)",1,95.0,10.0,0,0.0,
2022-02-07 15:02:04,"Legs",41m,"Squat (Barbell)",2,115.0,10.0,0,0.0,
2022-02-07 15:02:04,"Legs",41m,"Squat (Barbell)",3,115.0,7.0,0,0.0,
2022-02-07 15:02:04,"Legs",41m,"Trap Bar Deadlift",1,90.0,10.0,0,0.0,
2022-02-07 15:02:04,"Legs",41m,"Trap Bar Deadlift",2,140.0,10.0,0,0.0,
2022-02-07 15:02:04,"Legs",41m,"Trap Bar Deadlift",3,140.0,10.0,0,0.0,
2022-02-07 15:02:04,"Legs",41m,"Bulgarian Split Squat",1,30.0,10.0,0,0.0,
2022-02-07 15:02:04,"Legs",41m,"Bulgarian Split Squat",2,30.0,10.0,0,0.0,
2022-02-07 15:02:04,"Legs",41m,"Bulgarian Split Squat",3,30.0,10.0,0,0.0,
2022-02-07 15:02:04,"Legs",41m,"Standing Calf Raise (Machine)",1,70.0,10.0,0,0.0,
2022-02-07 15:02:04,"Legs",41m,"Standing Calf Raise (Machine)",2,70.0,10.0,0,0.0,
2022-02-07 15:02:04,"Legs",41m,"Standing Calf Raise (Machine)",3,70.0,10.0,0,0.0,
2022-02-08 18:35:57,"Push",31m,"Triceps Pushdown (Cable - Straight Bar)",1,42.5,10.0,0,0.0,
2022-02-08 18:35:57,"Push",31m,"Triceps Pushdown (Cable - Straight Bar)",2,42.5,10.0,0,0.0,
2022-02-08 18:35:57,"Push",31m,"Triceps Pushdown (Cable - Straight Bar)",3,42.5,10.0,0,0.0,
2022-02-08 18:35:57,"Push",31m,"Bench Press (Dumbbell)",1,100.0,10.0,0,0.0,
2022-02-08 18:35:57,"Push",31m,"Bench Press (Dumbbell)",2,110.0,10.0,0,0.0,
2022-02-08 18:35:57,"Push",31m,"Bench Press (Dumbbell)",3,110.0,10.0,0,0.0,
2022-02-08 18:35:57,"Push",31m,"Incline Bench Press (Dumbbell)",1,70.0,10.0,0,0.0,
2022-02-08 18:35:57,"Push",31m,"Incline Bench Press (Dumbbell)",2,80.0,10.0,0,0.0,
2022-02-08 18:35:57,"Push",31m,"Incline Bench Press (Dumbbell)",3,80.0,10.0,0,0.0,
2022-02-11 15:17:24,"Push",49m,"Arnold Press (Dumbbell)",1,60.0,10.0,0,0.0,
2022-02-11 15:17:24,"Push",49m,"Arnold Press (Dumbbell)",2,60.0,10.0,0,0.0,
2022-02-11 15:17:24,"Push",49m,"Arnold Press (Dumbbell)",3,60.0,10.0,0,0.0,
2022-02-11 15:17:24,"Push",49m,"Triceps Pushdown (Cable - Straight Bar)",1,37.5,10.0,0,0.0,
2022-02-11 15:17:24,"Push",49m,"Triceps Pushdown (Cable - Straight Bar)",2,37.5,10.0,0,0.0,
2022-02-11 15:17:24,"Push",49m,"Triceps Pushdown (Cable - Straight Bar)",3,37.5,10.0,0,0.0,
2022-02-11 15:17:24,"Push",49m,"Bench Press (Dumbbell)",1,100.0,10.0,0,0.0,
2022-02-11 15:17:24,"Push",49m,"Bench Press (Dumbbell)",2,110.0,10.0,0,0.0,
2022-02-11 15:17:24,"Push",49m,"Bench Press (Dumbbell)",3,120.0,4.0,0,0.0,
2022-02-11 15:17:24,"Push",49m,"Incline Bench Press (Barbell)",1,95.0,10.0,0,0.0,
2022-02-11 15:17:24,"Push",49m,"Incline Bench Press (Barbell)",2,95.0,9.0,0,0.0,
2022-02-11 15:17:24,"Push",49m,"Incline Bench Press (Barbell)",3,95.0,6.0,0,0.0,
2022-02-11 15:17:24,"Push",49m,"Triceps Dip",1,0,10.0,0,0.0,
2022-02-11 15:17:24,"Push",49m,"Triceps Dip",2,0,10.0,0,0.0,
2022-02-11 15:17:24,"Push",49m,"Triceps Dip",3,0,10.0,0,0.0,
2022-02-11 15:17:24,"Push",49m,"Rope Pull Down",1,0,0.0,282.0,60.0,
2022-02-11 15:17:24,"Push",49m,"Rope Pull Down",2,0,0.0,236.0,60.0,
2022-02-11 15:17:24,"Push",49m,"Rope Pull Down",3,0,0.0,224.0,60.0,
2022-02-13 11:55:46,"Pull",31m,"Bicep Curl (Dumbbell)",1,60.0,10.0,0,0.0,
2022-02-13 11:55:46,"Pull",31m,"Bicep Curl (Dumbbell)",2,60.0,10.0,0,0.0,
2022-02-13 11:55:46,"Pull",31m,"Bicep Curl (Dumbbell)",3,60.0,10.0,0,0.0,
2022-02-13 11:55:46,"Pull",31m,"Pull Up",1,0,4.0,0,0.0,
2022-02-13 11:55:46,"Pull",31m,"Pull Up",2,0,5.0,0,0.0,
2022-02-13 11:55:46,"Pull",31m,"Pull Up",3,0,2.0,0,0.0,
2022-02-13 11:55:46,"Pull",31m,"Seated Row (Cable)",1,85.0,10.0,0,0.0,
2022-02-13 11:55:46,"Pull",31m,"Seated Row (Cable)",2,100.0,10.0,0,0.0,
2022-02-13 11:55:46,"Pull",31m,"Seated Row (Cable)",3,100.0,10.0,0,0.0,
2022-02-13 11:55:46,"Pull",31m,"Preacher Curl (Machine)",1,35.0,10.0,0,0.0,
2022-02-13 11:55:46,"Pull",31m,"Preacher Curl (Machine)",2,35.0,10.0,0,0.0,
2022-02-13 11:55:46,"Pull",31m,"Preacher Curl (Machine)",3,35.0,10.0,0,0.0,
2022-02-13 11:55:46,"Pull",31m,"Hammer Curl (Dumbbell)",1,40.0,10.0,0,0.0,
2022-02-13 11:55:46,"Pull",31m,"Hammer Curl (Dumbbell)",2,45.0,10.0,0,0.0,
2022-02-13 11:55:46,"Pull",31m,"Hammer Curl (Dumbbell)",3,45.0,10.0,0,0.0,
2022-02-14 14:38:39,"Legs",52m,"Squat (Barbell)",1,115.0,10.0,0,0.0,
2022-02-14 14:38:39,"Legs",52m,"Squat (Barbell)",2,95.0,10.0,0,0.0,
2022-02-14 14:38:39,"Legs",52m,"Trap Bar Deadlift",1,115.0,10.0,0,0.0,
2022-02-14 14:38:39,"Legs",52m,"Trap Bar Deadlift",2,95.0,10.0,0,0.0,
2022-02-14 14:38:39,"Legs",52m,"Bulgarian Split Squat",1,30.0,10.0,0,0.0,
2022-02-14 14:38:39,"Legs",52m,"Bulgarian Split Squat",2,45.0,10.0,0,0.0,
2022-02-14 14:38:39,"Legs",52m,"Bulgarian Split Squat",3,45.0,10.0,0,0.0,
2022-02-15 18:51:53,"Push",22m,"Seated Overhead Press (Barbell)",1,75.0,10.0,0,0.0,
2022-02-15 18:51:53,"Push",22m,"Seated Overhead Press (Barbell)",2,65.0,10.0,0,0.0,
2022-02-15 18:51:53,"Push",22m,"Seated Overhead Press (Barbell)",3,65.0,10.0,0,0.0,
2022-02-15 18:51:53,"Push",22m,"Triceps Pushdown (Cable - Straight Bar)",1,42.5,10.0,0,0.0,
2022-02-15 18:51:53,"Push",22m,"Triceps Pushdown (Cable - Straight Bar)",2,35.0,10.0,0,0.0,
2022-02-15 18:51:53,"Push",22m,"Triceps Pushdown (Cable - Straight Bar)",3,42.5,10.0,0,0.0,
2022-02-15 18:51:53,"Push",22m,"Bench Press (Dumbbell)",1,110.0,10.0,0,0.0,
2022-02-15 18:51:53,"Push",22m,"Bench Press (Dumbbell)",2,110.0,6.0,0,0.0,
2022-02-15 18:51:53,"Push",22m,"Bench Press (Dumbbell)",3,100.0,10.0,0,0.0,
2022-02-17 18:48:34,"Push",50m,"Seated Overhead Press (Barbell)",1,65.0,10.0,0,0.0,
2022-02-17 18:48:34,"Push",50m,"Seated Overhead Press (Barbell)",2,65.0,9.0,0,0.0,
2022-02-17 18:48:34,"Push",50m,"Seated Overhead Press (Barbell)",3,65.0,7.0,0,0.0,
2022-02-17 18:48:34,"Push",50m,"Triceps Pushdown (Cable - Straight Bar)",1,42.5,10.0,0,0.0,
2022-02-17 18:48:34,"Push",50m,"Triceps Pushdown (Cable - Straight Bar)",2,42.5,10.0,0,0.0,
2022-02-17 18:48:34,"Push",50m,"Triceps Pushdown (Cable - Straight Bar)",3,37.5,10.0,0,0.0,
2022-02-17 18:48:34,"Push",50m,"Bench Press (Dumbbell)",1,110.0,10.0,0,0.0,
2022-02-17 18:48:34,"Push",50m,"Bench Press (Dumbbell)",2,110.0,10.0,0,0.0,
2022-02-17 18:48:34,"Push",50m,"Bench Press (Dumbbell)",3,110.0,7.0,0,0.0,
2022-02-17 18:48:34,"Push",50m,"Incline Bench Press (Dumbbell)",1,80.0,10.0,0,0.0,
2022-02-17 18:48:34,"Push",50m,"Incline Bench Press (Dumbbell)",2,80.0,7.0,0,0.0,
2022-02-17 18:48:34,"Push",50m,"Incline Bench Press (Dumbbell)",3,70.0,10.0,0,0.0,
2022-02-17 18:48:34,"Push",50m,"Triceps Dip",1,0,10.0,0,0.0,
2022-02-17 18:48:34,"Push",50m,"Triceps Dip",2,0,10.0,0,0.0,
2022-02-17 18:48:34,"Push",50m,"Triceps Dip",3,0,10.0,0,0.0,
2022-02-17 18:48:34,"Push",50m,"Rope Pull Down",1,0,0.0,244.0,60.0,
2022-02-17 18:48:34,"Push",50m,"Rope Pull Down",2,0,0.0,233.0,60.0,
2022-02-17 18:48:34,"Push",50m,"Rope Pull Down",3,0,0.0,210.0,60.0,
2022-02-17 18:48:34,"Push",50m,"Bench Press (Barbell)",1,95.0,10.0,0,0.0,
2022-02-17 18:48:34,"Push",50m,"Bench Press (Barbell)",2,95.0,10.0,0,0.0,
2022-02-17 18:48:34,"Push",50m,"Bench Press (Barbell)",3,95.0,9.0,0,0.0,
2022-02-22 05:52:37,"Morning Workout",2h 15m,"Push Up",1,0.0,15.0,0,0.0,
2022-02-22 05:52:37,"Morning Workout",2h 15m,"Push Up",2,0.0,20.0,0,0.0,
2022-02-22 05:52:37,"Morning Workout",2h 15m,"Push Up",3,0.0,15.0,0,0.0,
2022-02-22 05:52:37,"Morning Workout",2h 15m,"Diamond Push-Ups ",1,0.0,10.0,0,0.0,
2022-02-22 05:52:37,"Morning Workout",2h 15m,"Diamond Push-Ups ",2,0.0,10.0,0,0.0,
2022-02-22 05:52:37,"Morning Workout",2h 15m,"Diamond Push-Ups ",3,0.0,10.0,0,0.0,
2022-02-22 05:52:37,"Morning Workout",2h 15m,"One Arm Negative Push-Up",1,0.0,10.0,0,0.0,
2022-02-23 08:11:53,"Pull",20m,"Bicep Curl (Dumbbell)",1,60.0,10.0,0,0.0,
2022-02-23 08:11:53,"Pull",20m,"Bicep Curl (Dumbbell)",2,70.0,5.0,0,0.0,
2022-02-23 08:11:53,"Pull",20m,"Bicep Curl (Dumbbell)",3,60.0,10.0,0,0.0,
2022-02-23 08:11:53,"Pull",20m,"Pull Up",1,0,10.0,0,0.0,
2022-02-23 08:11:53,"Pull",20m,"Pull Up",2,0,10.0,0,0.0,
2022-02-23 08:11:53,"Pull",20m,"Pull Up",3,0,3.0,0,0.0,
2022-02-23 08:11:53,"Pull",20m,"Hammer Curl (Dumbbell)",1,40.0,10.0,0,0.0,
2022-02-23 08:11:53,"Pull",20m,"Hammer Curl (Dumbbell)",2,50.0,10.0,0,0.0,
2022-02-23 08:11:53,"Pull",20m,"Hammer Curl (Dumbbell)",3,50.0,10.0,0,0.0,
2022-02-24 04:21:30,"Push",27m,"Triceps Pushdown (Cable - Straight Bar)",1,42.5,10.0,0,0.0,
2022-02-24 04:21:30,"Push",27m,"Triceps Pushdown (Cable - Straight Bar)",2,42.5,10.0,0,0.0,
2022-02-24 04:21:30,"Push",27m,"Triceps Pushdown (Cable - Straight Bar)",3,42.5,10.0,0,0.0,
2022-02-24 04:21:30,"Push",27m,"Bench Press (Dumbbell)",1,100.0,10.0,0,0.0,
2022-02-24 04:21:30,"Push",27m,"Bench Press (Dumbbell)",2,100.0,10.0,0,0.0,
2022-02-24 04:21:30,"Push",27m,"Bench Press (Dumbbell)",3,100.0,7.0,0,0.0,
2022-02-24 04:21:30,"Push",27m,"Incline Bench Press (Dumbbell)",1,70.0,10.0,0,0.0,
2022-02-24 04:21:30,"Push",27m,"Incline Bench Press (Dumbbell)",2,70.0,10.0,0,0.0,
2022-02-24 04:21:30,"Push",27m,"Incline Bench Press (Dumbbell)",3,70.0,10.0,0,0.0,
2022-02-25 15:43:16,"Legs",1h 1m,"Squat (Barbell)",1,95.0,9.0,0,0.0,
2022-02-25 15:43:16,"Legs",1h 1m,"Squat (Barbell)",2,95.0,10.0,0,0.0,
2022-02-25 15:43:16,"Legs",1h 1m,"Squat (Barbell)",3,95.0,10.0,0,0.0,
2022-02-25 15:43:16,"Legs",1h 1m,"Trap Bar Deadlift",1,140.0,10.0,0,0.0,
2022-02-25 15:43:16,"Legs",1h 1m,"Trap Bar Deadlift",2,140.0,10.0,0,0.0,
2022-02-25 15:43:16,"Legs",1h 1m,"Trap Bar Deadlift",3,140.0,10.0,0,0.0,
2022-02-25 15:43:16,"Legs",1h 1m,"Bulgarian Split Squat",1,45.0,10.0,0,0.0,
2022-02-25 15:43:16,"Legs",1h 1m,"Bulgarian Split Squat",2,45.0,10.0,0,0.0,
2022-02-25 15:43:16,"Legs",1h 1m,"Bulgarian Split Squat",3,45.0,10.0,0,0.0,
2022-02-25 15:43:16,"Legs",1h 1m,"Standing Calf Raise (Machine)",1,70.0,10.0,0,0.0,
2022-02-25 15:43:16,"Legs",1h 1m,"Standing Calf Raise (Machine)",2,70.0,10.0,0,0.0,
2022-02-25 15:43:16,"Legs",1h 1m,"Standing Calf Raise (Machine)",3,70.0,10.0,0,0.0,
2022-02-25 15:43:16,"Legs",1h 1m,"Seated Leg Press (Machine)",1,85.0,10.0,0,0.0,
2022-02-25 15:43:16,"Legs",1h 1m,"Seated Leg Press (Machine)",2,85.0,10.0,0,0.0,
2022-02-25 15:43:16,"Legs",1h 1m,"Seated Leg Press (Machine)",3,85.0,10.0,0,0.0,
2022-02-25 15:43:16,"Legs",1h 1m,"Leg Extension (Machine)",1,50.0,10.0,0,0.0,
2022-02-25 15:43:16,"Legs",1h 1m,"Leg Extension (Machine)",2,50.0,10.0,0,0.0,
2022-02-25 15:43:16,"Legs",1h 1m,"Leg Extension (Machine)",3,50.0,10.0,0,0.0,
2022-02-25 15:43:16,"Legs",1h 1m,"Seated Leg Curl (Machine)",1,40.0,10.0,0,0.0,
2022-02-27 14:01:14,"Pull",41m,"Bicep Curl (Dumbbell)",1,60.0,10.0,0,0.0,
2022-02-27 14:01:14,"Pull",41m,"Bicep Curl (Dumbbell)",2,60.0,10.0,0,0.0,
2022-02-27 14:01:14,"Pull",41m,"Bicep Curl (Dumbbell)",3,60.0,5.0,0,0.0,
2022-02-27 14:01:14,"Pull",41m,"Bent Over Row (Dumbbell)",1,60.0,10.0,0,0.0,
2022-02-27 14:01:14,"Pull",41m,"Bent Over Row (Dumbbell)",2,60.0,10.0,0,0.0,
2022-02-27 14:01:14,"Pull",41m,"Bent Over Row (Dumbbell)",3,60.0,10.0,0,0.0,
2022-02-27 14:01:14,"Pull",41m,"Preacher Curl (Machine)",1,35.0,10.0,0,0.0,
2022-02-27 14:01:14,"Pull",41m,"Preacher Curl (Machine)",2,35.0,10.0,0,0.0,
2022-02-27 14:01:14,"Pull",41m,"Preacher Curl (Machine)",3,35.0,10.0,0,0.0,
2022-02-27 14:01:14,"Pull",41m,"Hammer Curl (Dumbbell)",1,40.0,10.0,0,0.0,
2022-02-27 14:01:14,"Pull",41m,"Hammer Curl (Dumbbell)",2,40.0,10.0,0,0.0,
2022-02-27 14:01:14,"Pull",41m,"Hammer Curl (Dumbbell)",3,40.0,10.0,0,0.0,
2022-02-27 14:43:44,"Afternoon Workout",6m,"Plank",1,0,0.0,0,60.0,
2022-02-27 14:43:44,"Afternoon Workout",6m,"Flat Leg Raise",1,0,100.0,0,0.0,
2022-02-27 14:43:44,"Afternoon Workout",6m,"Crunch",1,0,100.0,0,0.0,
2022-02-27 14:43:44,"Afternoon Workout",6m,"Cross Body Crunch",1,0,100.0,0,0.0,
2022-02-28 14:19:36,"Legs",42m,"Squat (Barbell)",1,95.0,10.0,0,0.0,
2022-02-28 14:19:36,"Legs",42m,"Squat (Barbell)",2,115.0,7.0,0,0.0,
2022-02-28 14:19:36,"Legs",42m,"Squat (Barbell)",3,95.0,10.0,0,0.0,
2022-02-28 14:19:36,"Legs",42m,"Trap Bar Deadlift",1,140.0,10.0,0,0.0,
2022-02-28 14:19:36,"Legs",42m,"Trap Bar Deadlift",2,140.0,6.0,0,0.0,
2022-02-28 14:19:36,"Legs",42m,"Trap Bar Deadlift",3,140.0,10.0,0,0.0,
2022-02-28 14:19:36,"Legs",42m,"Bulgarian Split Squat",1,45.0,10.0,0,0.0,
2022-02-28 14:19:36,"Legs",42m,"Bulgarian Split Squat",2,45.0,10.0,0,0.0,
2022-02-28 14:19:36,"Legs",42m,"Bulgarian Split Squat",3,40.0,10.0,0,0.0,
2022-02-28 14:19:36,"Legs",42m,"Standing Calf Raise (Machine)",1,70.0,10.0,0,0.0,
2022-02-28 14:19:36,"Legs",42m,"Standing Calf Raise (Machine)",2,70.0,10.0,0,0.0,
2022-02-28 14:19:36,"Legs",42m,"Standing Calf Raise (Machine)",3,70.0,10.0,0,0.0,
2022-02-28 15:02:20,"Evening Workout",10m,"Flat Leg Raise",1,0,100.0,0,0.0,
2022-02-28 15:02:20,"Evening Workout",10m,"Plank",1,0,0.0,0,60.0,
2022-02-28 15:02:20,"Evening Workout",10m,"Crunch",1,0,100.0,0,0.0,
2022-02-28 15:02:20,"Evening Workout",10m,"Bicycle Crunch",1,0,100.0,0,0.0,
2022-02-28 15:02:20,"Evening Workout",10m,"Russian Twist",1,0,100.0,0,0.0,
2022-02-28 15:02:20,"Evening Workout",10m,"Ab Wheel",1,0,100.0,0,0.0,
2022-03-01 19:38:44,"Evening Workout",6m,"Plank",1,0,0.0,0,60.0,
2022-03-01 19:38:44,"Evening Workout",6m,"Flat Leg Raise",1,0,100.0,0,0.0,
2022-03-01 19:38:44,"Evening Workout",6m,"Crunch",1,0,100.0,0,0.0,
2022-03-01 19:38:44,"Evening Workout",6m,"Bicycle Crunch",1,0,100.0,0,0.0,
2022-03-03 12:43:46,"Push",52m,"Seated Overhead Press (Barbell)",1,65.0,10.0,0,0.0,
2022-03-03 12:43:46,"Push",52m,"Seated Overhead Press (Barbell)",2,65.0,5.0,0,0.0,
2022-03-03 12:43:46,"Push",52m,"Seated Overhead Press (Barbell)",3,55.0,10.0,0,0.0,
2022-03-03 12:43:46,"Push",52m,"Triceps Pushdown (Cable - Straight Bar)",1,42.5,10.0,0,0.0,
2022-03-03 12:43:46,"Push",52m,"Triceps Pushdown (Cable - Straight Bar)",2,42.5,10.0,0,0.0,
2022-03-03 12:43:46,"Push",52m,"Triceps Pushdown (Cable - Straight Bar)",3,42.5,10.0,0,0.0,
2022-03-03 12:43:46,"Push",52m,"Bench Press (Dumbbell)",1,100.0,10.0,0,0.0,
2022-03-03 12:43:46,"Push",52m,"Bench Press (Dumbbell)",2,100.0,9.0,0,0.0,
2022-03-03 12:43:46,"Push",52m,"Bench Press (Dumbbell)",3,100.0,5.0,0,0.0,
2022-03-03 12:43:46,"Push",52m,"Incline Bench Press (Dumbbell)",1,70.0,10.0,0,0.0,
2022-03-03 12:43:46,"Push",52m,"Incline Bench Press (Dumbbell)",2,70.0,10.0,0,0.0,
2022-03-03 12:43:46,"Push",52m,"Incline Bench Press (Dumbbell)",3,70.0,10.0,0,0.0,
2022-03-03 12:43:46,"Push",52m,"Triceps Dip",1,0,10.0,0,0.0,
2022-03-03 12:43:46,"Push",52m,"Triceps Dip",2,0,10.0,0,0.0,
2022-03-03 12:43:46,"Push",52m,"Triceps Dip",3,0,10.0,0,0.0,
2022-03-03 12:43:46,"Push",52m,"Rope Pull Down",1,0,0.0,202.99999999999997,60.0,
2022-03-03 12:43:46,"Push",52m,"Rope Pull Down",2,0,0.0,200.0,60.0,
2022-03-03 12:43:46,"Push",52m,"Rope Pull Down",3,0,0.0,200.0,60.0,
2022-03-03 12:43:46,"Push",52m,"Bench Press (Barbell)",1,95.0,10.0,0,0.0,
2022-03-03 12:43:46,"Push",52m,"Bench Press (Barbell)",2,95.0,10.0,0,0.0,
2022-03-03 12:43:46,"Push",52m,"Bench Press (Barbell)",3,95.0,10.0,0,0.0,
2022-03-06 10:48:58,"Midday Workout",35s,"Bench Press (Barbell)",1,155.0,1.0,0,0.0,
2022-03-07 15:47:20,"Pull",47m,"Bicep Curl (Dumbbell)",1,60.0,10.0,0,0.0,
2022-03-07 15:47:20,"Pull",47m,"Bicep Curl (Dumbbell)",2,60.0,10.0,0,0.0,
2022-03-07 15:47:20,"Pull",47m,"Bicep Curl (Dumbbell)",3,60.0,10.0,0,0.0,
2022-03-07 15:47:20,"Pull",47m,"Pull Up",1,0,10.0,0,0.0,
2022-03-07 15:47:20,"Pull",47m,"Pull Up",2,0,7.0,0,0.0,
2022-03-07 15:47:20,"Pull",47m,"Pull Up",3,0,5.0,0,0.0,
2022-03-07 15:47:20,"Pull",47m,"Seated Row (Cable)",1,50.0,10.0,0,0.0,
2022-03-07 15:47:20,"Pull",47m,"Seated Row (Cable)",2,50.0,10.0,0,0.0,
2022-03-07 15:47:20,"Pull",47m,"Seated Row (Cable)",3,50.0,10.0,0,0.0,
2022-03-07 15:47:20,"Pull",47m,"Preacher Curl (Machine)",1,45.0,10.0,0,0.0,
2022-03-07 15:47:20,"Pull",47m,"Preacher Curl (Machine)",2,35.0,10.0,0,0.0,
2022-03-07 15:47:20,"Pull",47m,"Preacher Curl (Machine)",3,35.0,10.0,0,0.0,
2022-03-07 15:47:20,"Pull",47m,"Hammer Curl (Dumbbell)",1,40.0,10.0,0,0.0,
2022-03-07 15:47:20,"Pull",47m,"Hammer Curl (Dumbbell)",2,35.0,10.0,0,0.0,
2022-03-07 15:47:20,"Pull",47m,"Hammer Curl (Dumbbell)",3,35.0,10.0,0,0.0,
2022-03-07 15:47:20,"Pull",47m,"Bicep Curl (Barbell)",1,35.0,10.0,0,0.0,
2022-03-07 15:47:20,"Pull",47m,"Bicep Curl (Barbell)",2,35.0,10.0,0,0.0,
2022-03-07 15:47:20,"Pull",47m,"Bicep Curl (Barbell)",3,35.0,10.0,0,0.0,
2022-03-08 15:56:05,"Legs",48m,"Squat (Barbell)",1,95.0,10.0,0,0.0,
2022-03-08 15:56:05,"Legs",48m,"Squat (Barbell)",2,95.0,10.0,0,0.0,
2022-03-08 15:56:05,"Legs",48m,"Squat (Barbell)",3,95.0,10.0,0,0.0,
2022-03-08 15:56:05,"Legs",48m,"Trap Bar Deadlift",1,140.0,10.0,0,0.0,
2022-03-08 15:56:05,"Legs",48m,"Trap Bar Deadlift",2,140.0,10.0,0,0.0,
2022-03-08 15:56:05,"Legs",48m,"Trap Bar Deadlift",3,140.0,10.0,0,0.0,
2022-03-08 15:56:05,"Legs",48m,"Bulgarian Split Squat",1,40.0,10.0,0,0.0,
2022-03-08 15:56:05,"Legs",48m,"Bulgarian Split Squat",2,40.0,10.0,0,0.0,
2022-03-08 15:56:05,"Legs",48m,"Bulgarian Split Squat",3,40.0,10.0,0,0.0,
2022-03-08 15:56:05,"Legs",48m,"Standing Calf Raise (Machine)",1,70.0,10.0,0,0.0,
2022-03-08 15:56:05,"Legs",48m,"Standing Calf Raise (Machine)",2,70.0,10.0,0,0.0,
2022-03-08 15:56:05,"Legs",48m,"Standing Calf Raise (Machine)",3,70.0,10.0,0,0.0,
2022-03-10 19:06:40,"Push",38m,"Triceps Pushdown (Cable - Straight Bar)",1,42.5,10.0,0,0.0,
2022-03-10 19:06:40,"Push",38m,"Triceps Pushdown (Cable - Straight Bar)",2,42.5,10.0,0,0.0,
2022-03-10 19:06:40,"Push",38m,"Triceps Pushdown (Cable - Straight Bar)",3,42.5,10.0,0,0.0,
2022-03-10 19:06:40,"Push",38m,"Bench Press (Dumbbell)",1,100.0,10.0,0,0.0,
2022-03-10 19:06:40,"Push",38m,"Bench Press (Dumbbell)",2,110.0,10.0,0,0.0,
2022-03-10 19:06:40,"Push",38m,"Bench Press (Dumbbell)",3,110.0,10.0,0,0.0,
2022-03-10 19:06:40,"Push",38m,"Incline Bench Press (Barbell)",1,95.0,10.0,0,0.0,
2022-03-10 19:06:40,"Push",38m,"Incline Bench Press (Barbell)",2,85.0,10.0,0,0.0,
2022-03-10 19:06:40,"Push",38m,"Incline Bench Press (Barbell)",3,85.0,10.0,0,0.0,
2022-03-10 19:06:40,"Push",38m,"Rope Pull Down",1,0,0.0,220.0,60.0,
2022-03-10 19:06:40,"Push",38m,"Rope Pull Down",2,0,0.0,200.0,60.0,
2022-03-10 19:06:40,"Push",38m,"Bench Press (Barbell)",1,95.0,10.0,0,0.0,
2022-03-10 19:06:40,"Push",38m,"Bench Press (Barbell)",2,115.0,8.0,0,0.0,
2022-03-10 19:06:40,"Push",38m,"Bench Press (Barbell)",3,115.0,5.0,0,0.0,
2022-03-12 08:13:28,"Pull",49m,"Bicep Curl (Dumbbell)",1,60.0,10.0,0,0.0,
2022-03-12 08:13:28,"Pull",49m,"Bicep Curl (Dumbbell)",2,60.0,10.0,0,0.0,
2022-03-12 08:13:28,"Pull",49m,"Bicep Curl (Dumbbell)",3,60.0,10.0,0,0.0,
2022-03-12 08:13:28,"Pull",49m,"Pull Up",1,0,5.0,0,0.0,
2022-03-12 08:13:28,"Pull",49m,"Pull Up",2,0,5.0,0,0.0,
2022-03-12 08:13:28,"Pull",49m,"Pull Up",3,0,5.0,0,0.0,
2022-03-12 08:13:28,"Pull",49m,"Seated Row (Cable)",1,85.0,10.0,0,0.0,
2022-03-12 08:13:28,"Pull",49m,"Seated Row (Cable)",2,85.0,10.0,0,0.0,
2022-03-12 08:13:28,"Pull",49m,"Seated Row (Cable)",3,85.0,10.0,0,0.0,
2022-03-12 08:13:28,"Pull",49m,"Preacher Curl (Barbell)",1,35.0,10.0,0,0.0,
2022-03-12 08:13:28,"Pull",49m,"Preacher Curl (Barbell)",2,40.0,10.0,0,0.0,
2022-03-12 08:13:28,"Pull",49m,"Preacher Curl (Barbell)",3,40.0,10.0,0,0.0,
2022-03-12 08:13:28,"Pull",49m,"Hammer Curl (Dumbbell)",1,40.0,10.0,0,0.0,
2022-03-12 08:13:28,"Pull",49m,"Hammer Curl (Dumbbell)",2,40.0,10.0,0,0.0,
2022-03-12 08:13:28,"Pull",49m,"Hammer Curl (Dumbbell)",3,40.0,10.0,0,0.0,
2022-03-12 08:13:28,"Pull",49m,"Bicep Curl (Barbell)",1,35.0,10.0,0,0.0,
2022-03-12 08:13:28,"Pull",49m,"Bicep Curl (Barbell)",2,25.0,10.0,0,0.0,
2022-03-12 08:13:28,"Pull",49m,"Bicep Curl (Barbell)",3,35.0,10.0,0,0.0,
2022-03-12 09:05:01,"Midday Workout",9m,"Plank",1,0,0.0,0,60.0,
2022-03-12 09:05:01,"Midday Workout",9m,"Crunch",1,0,100.0,0,0.0,
2022-03-12 09:05:01,"Midday Workout",9m,"Flat Leg Raise",1,0,100.0,0,0.0,
2022-03-12 09:05:01,"Midday Workout",9m,"Ab Wheel",1,0,100.0,0,0.0,
2022-03-12 09:05:01,"Midday Workout",9m,"Russian Twist",1,0,100.0,0,0.0,
2022-03-14 18:25:50,"Push",18m,"Seated Overhead Press (Barbell)",1,55.0,10.0,0,0.0,
2022-03-14 18:25:50,"Push",18m,"Seated Overhead Press (Barbell)",2,55.0,10.0,0,0.0,
2022-03-14 18:25:50,"Push",18m,"Triceps Pushdown (Cable - Straight Bar)",1,40.0,10.0,0,0.0,
2022-03-14 18:25:50,"Push",18m,"Triceps Pushdown (Cable - Straight Bar)",2,50.0,10.0,0,0.0,
2022-03-14 18:25:50,"Push",18m,"Triceps Pushdown (Cable - Straight Bar)",3,50.0,7.0,0,0.0,
2022-03-14 18:25:50,"Push",18m,"Bench Press (Barbell)",1,95.0,10.0,0,0.0,
2022-03-14 18:25:50,"Push",18m,"Bench Press (Barbell)",2,115.0,9.0,0,0.0,
2022-03-14 18:25:50,"Push",18m,"Bench Press (Barbell)",3,115.0,6.0,0,0.0,
2022-03-16 12:41:01,"Pull",25m,"Bicep Curl (Dumbbell)",1,60.0,10.0,0,0.0,
2022-03-16 12:41:01,"Pull",25m,"Bicep Curl (Dumbbell)",2,60.0,10.0,0,0.0,
2022-03-16 12:41:01,"Pull",25m,"Bicep Curl (Dumbbell)",3,60.0,10.0,0,0.0,
2022-03-16 12:41:01,"Pull",25m,"Pull Up",1,0,7.0,0,0.0,
2022-03-16 12:41:01,"Pull",25m,"Pull Up",2,0,5.0,0,0.0,
2022-03-16 12:41:01,"Pull",25m,"Pull Up",3,0,5.0,0,0.0,
2022-03-16 12:41:01,"Pull",25m,"Seated Row (Cable)",1,55.0,10.0,0,0.0,
2022-03-16 12:41:01,"Pull",25m,"Preacher Curl (Machine)",1,35.0,10.0,0,0.0,
2022-03-16 12:41:01,"Pull",25m,"Preacher Curl (Machine)",2,35.0,10.0,0,0.0,
2022-03-16 12:41:01,"Pull",25m,"Preacher Curl (Machine)",3,35.0,10.0,0,0.0,
2022-03-16 13:08:36,"Afternoon Workout",2m,"Plank",1,0,0.0,0,60.0,
2022-03-16 13:08:36,"Afternoon Workout",2m,"Flat Leg Raise",1,0,100.0,0,0.0,
2022-03-17 15:48:05,"Push",42m,"Seated Overhead Press (Barbell)",1,55.0,10.0,0,0.0,
2022-03-17 15:48:05,"Push",42m,"Seated Overhead Press (Barbell)",2,65.0,10.0,0,0.0,
2022-03-17 15:48:05,"Push",42m,"Seated Overhead Press (Barbell)",3,65.0,10.0,0,0.0,
2022-03-17 15:48:05,"Push",42m,"Triceps Pushdown (Cable - Straight Bar)",1,37.5,10.0,0,0.0,
2022-03-17 15:48:05,"Push",42m,"Triceps Pushdown (Cable - Straight Bar)",2,37.5,10.0,0,0.0,
2022-03-17 15:48:05,"Push",42m,"Triceps Pushdown (Cable - Straight Bar)",3,37.5,10.0,0,0.0,
2022-03-17 15:48:05,"Push",42m,"Bench Press (Dumbbell)",1,110.0,10.0,0,0.0,
2022-03-17 15:48:05,"Push",42m,"Bench Press (Dumbbell)",2,110.0,7.0,0,0.0,
2022-03-17 15:48:05,"Push",42m,"Bench Press (Dumbbell)",3,110.0,7.0,0,0.0,
2022-03-17 15:48:05,"Push",42m,"Bench Press (Barbell)",1,115.0,6.0,0,0.0,
2022-03-17 15:48:05,"Push",42m,"Bench Press (Barbell)",2,95.0,10.0,0,0.0,
2022-03-17 15:48:05,"Push",42m,"Bench Press (Barbell)",3,95.0,10.0,0,0.0,
2022-03-19 14:49:22,"Pull",31m,"Bicep Curl (Dumbbell)",1,60.0,10.0,0,0.0,
2022-03-19 14:49:22,"Pull",31m,"Bicep Curl (Dumbbell)",2,60.0,10.0,0,0.0,
2022-03-19 14:49:22,"Pull",31m,"Bicep Curl (Dumbbell)",3,60.0,6.0,0,0.0,
2022-03-19 14:49:22,"Pull",31m,"Pull Up",1,0,10.0,0,0.0,
2022-03-19 14:49:22,"Pull",31m,"Pull Up",2,0,10.0,0,0.0,
2022-03-19 14:49:22,"Pull",31m,"Pull Up",3,0,3.0,0,0.0,
2022-03-19 14:49:22,"Pull",31m,"Seated Row (Cable)",1,42.5,10.0,0,0.0,
2022-03-19 14:49:22,"Pull",31m,"Seated Row (Cable)",2,42.5,10.0,0,0.0,
2022-03-19 14:49:22,"Pull",31m,"Seated Row (Cable)",3,42.5,10.0,0,0.0,
2022-03-19 14:49:22,"Pull",31m,"Preacher Curl (Machine)",1,35.0,10.0,0,0.0,
2022-03-19 14:49:22,"Pull",31m,"Preacher Curl (Machine)",2,35.0,10.0,0,0.0,
2022-03-19 14:49:22,"Pull",31m,"Preacher Curl (Machine)",3,35.0,10.0,0,0.0,
2022-03-19 14:49:22,"Pull",31m,"Hammer Curl (Dumbbell)",1,40.0,10.0,0,0.0,
2022-03-20 09:14:20,"Push",34m,"Arnold Press (Dumbbell)",1,60.0,10.0,0,0.0,
2022-03-20 09:14:20,"Push",34m,"Arnold Press (Dumbbell)",2,60.0,10.0,0,0.0,
2022-03-20 09:14:20,"Push",34m,"Arnold Press (Dumbbell)",3,60.0,10.0,0,0.0,
2022-03-20 09:14:20,"Push",34m,"Triceps Pushdown (Cable - Straight Bar)",1,37.5,10.0,0,0.0,
2022-03-20 09:14:20,"Push",34m,"Triceps Pushdown (Cable - Straight Bar)",2,42.5,10.0,0,0.0,
2022-03-20 09:14:20,"Push",34m,"Triceps Pushdown (Cable - Straight Bar)",3,42.5,10.0,0,0.0,
2022-03-20 09:14:20,"Push",34m,"Incline Bench Press (Barbell)",1,85.0,10.0,0,0.0,
2022-03-20 09:14:20,"Push",34m,"Bench Press (Barbell)",1,115.0,10.0,0,0.0,
2022-03-20 09:14:20,"Push",34m,"Bench Press (Barbell)",2,115.0,10.0,0,0.0,
2022-03-20 09:14:20,"Push",34m,"Bench Press (Barbell)",3,115.0,5.0,0,0.0,
2022-03-20 09:48:49,"Midday Workout",8m,"Plank",1,0,0.0,0,60.0,
2022-03-20 09:48:49,"Midday Workout",8m,"Flat Leg Raise",1,0,100.0,0,0.0,
2022-03-20 09:48:49,"Midday Workout",8m,"Crunch",1,0,100.0,0,0.0,
2022-03-20 09:48:49,"Midday Workout",8m,"Ab Wheel",1,0,100.0,0,0.0,
2022-03-20 09:48:49,"Midday Workout",8m,"Russian Twist",1,0,100.0,0,0.0,
2022-03-21 17:22:28,"Legs",19m,"Squat (Barbell)",1,95.0,10.0,0,0.0,
2022-03-21 17:22:28,"Legs",19m,"Squat (Barbell)",2,95.0,10.0,0,0.0,
2022-03-21 17:22:28,"Legs",19m,"Squat (Barbell)",3,95.0,10.0,0,0.0,
2022-03-21 17:22:28,"Legs",19m,"Standing Calf Raise (Machine)",1,70.0,10.0,0,0.0,
2022-03-21 17:22:28,"Legs",19m,"Standing Calf Raise (Machine)",2,90.0,10.0,0,0.0,
2022-03-21 17:22:28,"Legs",19m,"Standing Calf Raise (Machine)",3,90.0,10.0,0,0.0,
2022-03-22 17:14:57,"Push",16m,"Triceps Pushdown (Cable - Straight Bar)",1,42.5,10.0,0,0.0,
2022-03-22 17:14:57,"Push",16m,"Triceps Pushdown (Cable - Straight Bar)",2,42.5,10.0,0,0.0,
2022-03-22 17:14:57,"Push",16m,"Triceps Pushdown (Cable - Straight Bar)",3,42.5,10.0,0,0.0,
2022-03-22 17:14:57,"Push",16m,"Bench Press (Dumbbell)",1,100.0,10.0,0,0.0,
2022-03-24 14:14:56,"Push",31m,"Seated Overhead Press (Barbell)",1,60.0,10.0,0,0.0,
2022-03-24 14:14:56,"Push",31m,"Seated Overhead Press (Barbell)",2,60.0,10.0,0,0.0,
2022-03-24 14:14:56,"Push",31m,"Seated Overhead Press (Barbell)",3,60.0,10.0,0,0.0,
2022-03-24 14:14:56,"Push",31m,"Triceps Pushdown (Cable - Straight Bar)",1,42.5,10.0,0,0.0,
2022-03-24 14:14:56,"Push",31m,"Triceps Pushdown (Cable - Straight Bar)",2,42.5,10.0,0,0.0,
2022-03-24 14:14:56,"Push",31m,"Triceps Pushdown (Cable - Straight Bar)",3,37.5,10.0,0,0.0,
2022-03-24 14:14:56,"Push",31m,"Bench Press (Barbell)",1,95.0,10.0,0,0.0,
2022-03-24 14:14:56,"Push",31m,"Bench Press (Barbell)",2,95.0,10.0,0,0.0,
2022-03-24 14:14:56,"Push",31m,"Bench Press (Barbell)",3,95.0,10.0,0,0.0,
2022-03-25 12:28:12,"Pull",14m,"Bicep Curl (Dumbbell)",1,60.0,10.0,0,0.0,
2022-03-25 12:28:12,"Pull",14m,"Bicep Curl (Dumbbell)",2,60.0,10.0,0,0.0,
2022-03-25 12:28:12,"Pull",14m,"Bicep Curl (Dumbbell)",3,60.0,10.0,0,0.0,
2022-03-25 12:28:12,"Pull",14m,"Hammer Curl (Dumbbell)",1,40.0,10.0,0,0.0,
2022-03-25 12:42:46,"Afternoon Workout",5m,"Plank",1,0,0.0,0,60.0,
2022-03-25 12:42:46,"Afternoon Workout",5m,"Crunch",1,0,100.0,0,0.0,
2022-03-26 09:39:33,"Push",54m,"Seated Overhead Press (Barbell)",1,65.0,10.0,0,0.0,
2022-03-26 09:39:33,"Push",54m,"Seated Overhead Press (Barbell)",2,65.0,10.0,0,0.0,
2022-03-26 09:39:33,"Push",54m,"Seated Overhead Press (Barbell)",3,65.0,10.0,0,0.0,
2022-03-26 09:39:33,"Push",54m,"Triceps Pushdown (Cable - Straight Bar)",1,42.5,10.0,0,0.0,
2022-03-26 09:39:33,"Push",54m,"Triceps Pushdown (Cable - Straight Bar)",2,42.5,6.0,0,0.0,
2022-03-26 09:39:33,"Push",54m,"Triceps Pushdown (Cable - Straight Bar)",3,42.5,6.0,0,0.0,
2022-03-26 09:39:33,"Push",54m,"Bench Press (Dumbbell)",1,100.0,10.0,0,0.0,
2022-03-26 09:39:33,"Push",54m,"Bench Press (Dumbbell)",2,100.0,3.0,0,0.0,
2022-03-26 09:39:33,"Push",54m,"Bench Press (Dumbbell)",3,100.0,10.0,0,0.0,
2022-03-26 09:39:33,"Push",54m,"Incline Bench Press (Dumbbell)",1,70.0,10.0,0,0.0,
2022-03-26 09:39:33,"Push",54m,"Incline Bench Press (Dumbbell)",2,80.0,10.0,0,0.0,
2022-03-26 09:39:33,"Push",54m,"Incline Bench Press (Dumbbell)",3,80.0,10.0,0,0.0,
2022-03-26 09:39:33,"Push",54m,"Triceps Dip",1,0,10.0,0,0.0,
2022-03-26 09:39:33,"Push",54m,"Triceps Dip",2,0,10.0,0,0.0,
2022-03-26 09:39:33,"Push",54m,"Triceps Dip",3,0,3.0,0,0.0,
2022-03-26 09:39:33,"Push",54m,"Bench Press (Barbell)",1,115.0,10.0,0,0.0,
2022-03-26 09:39:33,"Push",54m,"Bench Press (Barbell)",2,115.0,10.0,0,0.0,
2022-03-26 09:39:33,"Push",54m,"Bench Press (Barbell)",3,115.0,4.0,0,0.0,
2022-03-26 10:34:01,"Midday Workout",8m,"Plank",1,0,0.0,0,60.0,
2022-03-26 10:34:01,"Midday Workout",8m,"Knee Raise (Captain's Chair)",1,0,100.0,0,0.0,
2022-03-26 10:34:01,"Midday Workout",8m,"Flat Leg Raise",1,0,100.0,0,0.0,
2022-03-26 10:34:01,"Midday Workout",8m,"Crunch",1,0,100.0,0,0.0,
2022-03-26 10:34:01,"Midday Workout",8m,"Russian Twist",1,0,100.0,0,0.0,
2022-03-26 10:34:01,"Midday Workout",8m,"Ab Wheel",1,0,100.0,0,0.0,
2022-03-27 08:02:10,"Legs",46m,"Squat (Barbell)",1,95.0,10.0,0,0.0,
2022-03-27 08:02:10,"Legs",46m,"Squat (Barbell)",2,95.0,10.0,0,0.0,
2022-03-27 08:02:10,"Legs",46m,"Squat (Barbell)",3,95.0,10.0,0,0.0,
2022-03-27 08:02:10,"Legs",46m,"Trap Bar Deadlift",1,140.0,10.0,0,0.0,
2022-03-27 08:02:10,"Legs",46m,"Trap Bar Deadlift",2,140.0,10.0,0,0.0,
2022-03-27 08:02:10,"Legs",46m,"Trap Bar Deadlift",3,140.0,10.0,0,0.0,
2022-03-27 08:02:10,"Legs",46m,"Bulgarian Split Squat",1,40.0,10.0,0,0.0,
2022-03-27 08:02:10,"Legs",46m,"Bulgarian Split Squat",2,40.0,10.0,0,0.0,
2022-03-27 08:02:10,"Legs",46m,"Bulgarian Split Squat",3,40.0,10.0,0,0.0,
2022-03-27 08:02:10,"Legs",46m,"Standing Calf Raise (Machine)",1,90.0,10.0,0,0.0,
2022-03-27 08:02:10,"Legs",46m,"Standing Calf Raise (Machine)",2,90.0,10.0,0,0.0,
2022-03-27 08:02:10,"Legs",46m,"Standing Calf Raise (Machine)",3,90.0,10.0,0,0.0,
2022-03-28 14:25:49,"Push",52m,"Arnold Press (Dumbbell)",1,70.0,10.0,0,0.0,
2022-03-28 14:25:49,"Push",52m,"Arnold Press (Dumbbell)",2,70.0,10.0,0,0.0,
2022-03-28 14:25:49,"Push",52m,"Arnold Press (Dumbbell)",3,70.0,10.0,0,0.0,
2022-03-28 14:25:49,"Push",52m,"Triceps Pushdown (Cable - Straight Bar)",1,42.5,10.0,0,0.0,
2022-03-28 14:25:49,"Push",52m,"Triceps Pushdown (Cable - Straight Bar)",2,47.5,10.0,0,0.0,
2022-03-28 14:25:49,"Push",52m,"Triceps Pushdown (Cable - Straight Bar)",3,42.5,10.0,0,0.0,
2022-03-28 14:25:49,"Push",52m,"Triceps Dip",1,0,10.0,0,0.0,
2022-03-28 14:25:49,"Push",52m,"Triceps Dip",2,0,10.0,0,0.0,
2022-03-28 14:25:49,"Push",52m,"Triceps Dip",3,0,10.0,0,0.0,
2022-03-28 14:25:49,"Push",52m,"Bench Press (Barbell)",1,115.0,10.0,0,0.0,
2022-03-28 14:25:49,"Push",52m,"Bench Press (Barbell)",2,115.0,10.0,0,0.0,
2022-03-28 14:25:49,"Push",52m,"Bench Press (Barbell)",3,115.0,10.0,0,0.0,
2022-03-29 12:47:52,"Pull",55m,"Bicep Curl (Dumbbell)",1,60.0,10.0,0,0.0,
2022-03-29 12:47:52,"Pull",55m,"Bicep Curl (Dumbbell)",2,60.0,10.0,0,0.0,
2022-03-29 12:47:52,"Pull",55m,"Bicep Curl (Dumbbell)",3,60.0,10.0,0,0.0,
2022-03-29 12:47:52,"Pull",55m,"Pull Up",1,0,6.0,0,0.0,
2022-03-29 12:47:52,"Pull",55m,"Pull Up",2,0,7.0,0,0.0,
2022-03-29 12:47:52,"Pull",55m,"Pull Up",3,0,3.0,0,0.0,
2022-03-29 12:47:52,"Pull",55m,"Seated Row (Cable)",1,50.0,10.0,0,0.0,
2022-03-29 12:47:52,"Pull",55m,"Seated Row (Cable)",2,42.5,10.0,0,0.0,
2022-03-29 12:47:52,"Pull",55m,"Seated Row (Cable)",3,42.5,10.0,0,0.0,
2022-03-29 12:47:52,"Pull",55m,"Preacher Curl (Machine)",1,45.0,10.0,0,0.0,
2022-03-29 12:47:52,"Pull",55m,"Preacher Curl (Machine)",2,45.0,10.0,0,0.0,
2022-03-29 12:47:52,"Pull",55m,"Preacher Curl (Machine)",3,45.0,10.0,0,0.0,
2022-03-29 12:47:52,"Pull",55m,"Hammer Curl (Dumbbell)",1,40.0,10.0,0,0.0,
2022-03-29 12:47:52,"Pull",55m,"Hammer Curl (Dumbbell)",2,40.0,10.0,0,0.0,
2022-03-29 12:47:52,"Pull",55m,"Hammer Curl (Dumbbell)",3,40.0,10.0,0,0.0,
2022-04-03 12:02:47,"Push",57m,"Arnold Press (Dumbbell)",1,70.0,10.0,0,0.0,
2022-04-03 12:02:47,"Push",57m,"Arnold Press (Dumbbell)",2,70.0,10.0,0,0.0,
2022-04-03 12:02:47,"Push",57m,"Arnold Press (Dumbbell)",3,70.0,10.0,0,0.0,
2022-04-03 12:02:47,"Push",57m,"Triceps Pushdown (Cable - Straight Bar)",1,42.5,10.0,0,0.0,
2022-04-03 12:02:47,"Push",57m,"Triceps Pushdown (Cable - Straight Bar)",2,42.5,10.0,0,0.0,
2022-04-03 12:02:47,"Push",57m,"Triceps Pushdown (Cable - Straight Bar)",3,42.5,10.0,0,0.0,
2022-04-03 12:02:47,"Push",57m,"Bench Press (Dumbbell)",1,100.0,10.0,0,0.0,
2022-04-03 12:02:47,"Push",57m,"Bench Press (Dumbbell)",2,120.0,7.0,0,0.0,
2022-04-03 12:02:47,"Push",57m,"Bench Press (Dumbbell)",3,120.0,5.0,0,0.0,
2022-04-03 12:02:47,"Push",57m,"Triceps Dip",1,0,7.0,0,0.0,
2022-04-03 12:02:47,"Push",57m,"Bench Press (Barbell)",1,115.0,10.0,0,0.0,
2022-04-03 12:02:47,"Push",57m,"Bench Press (Barbell)",2,115.0,10.0,0,0.0,
2022-04-03 12:02:47,"Push",57m,"Bench Press (Barbell)",3,115.0,4.0,0,0.0,
2022-04-04 11:44:18,"Pull",4h 18m,"Bicep Curl (Dumbbell)",1,60.0,10.0,0,0.0,
2022-04-04 11:44:18,"Pull",4h 18m,"Bicep Curl (Dumbbell)",2,60.0,6.0,0,0.0,
2022-04-04 11:44:18,"Pull",4h 18m,"Bicep Curl (Dumbbell)",3,60.0,6.0,0,0.0,
2022-04-04 11:44:18,"Pull",4h 18m,"Pull Up",1,0,6.0,0,0.0,
2022-04-04 11:44:18,"Pull",4h 18m,"Pull Up",2,0,6.0,0,0.0,
2022-04-04 11:44:18,"Pull",4h 18m,"Pull Up",3,0,5.0,0,0.0,
2022-04-04 11:44:18,"Pull",4h 18m,"Seated Row (Cable)",1,42.5,10.0,0,0.0,
2022-04-04 11:44:18,"Pull",4h 18m,"Seated Row (Cable)",2,42.5,10.0,0,0.0,
2022-04-04 11:44:18,"Pull",4h 18m,"Seated Row (Cable)",3,42.5,10.0,0,0.0,
2022-04-04 11:44:18,"Pull",4h 18m,"Hammer Curl (Dumbbell)",1,40.0,10.0,0,0.0,
2022-04-04 11:44:18,"Pull",4h 18m,"Hammer Curl (Dumbbell)",2,40.0,10.0,0,0.0,
2022-04-04 11:44:18,"Pull",4h 18m,"Hammer Curl (Dumbbell)",3,40.0,10.0,0,0.0,
2022-04-05 13:51:39,"Legs",35s,"Squat (Barbell)",1,95.0,10.0,0,0.0,
2022-04-05 13:51:39,"Legs",35s,"Squat (Barbell)",2,115.0,10.0,0,0.0,
2022-04-05 13:51:39,"Legs",35s,"Squat (Barbell)",3,115.0,10.0,0,0.0,
2022-04-05 13:51:39,"Legs",35s,"Trap Bar Deadlift",1,140.0,10.0,0,0.0,
2022-04-05 13:51:39,"Legs",35s,"Trap Bar Deadlift",2,140.0,10.0,0,0.0,
2022-04-05 13:51:39,"Legs",35s,"Trap Bar Deadlift",3,140.0,10.0,0,0.0,
2022-04-09 08:39:57,"Push",8m,"Triceps Pushdown (Cable - Straight Bar)",1,42.5,10.0,0,0.0,
2022-04-09 08:39:57,"Push",8m,"Triceps Pushdown (Cable - Straight Bar)",2,42.5,10.0,0,0.0,
2022-04-09 08:39:57,"Push",8m,"Triceps Pushdown (Cable - Straight Bar)",3,42.5,10.0,0,0.0,
2022-04-09 08:48:57,"Pull",18m,"Bicep Curl (Dumbbell)",1,60.0,10.0,0,0.0,
2022-04-09 08:48:57,"Pull",18m,"Bicep Curl (Dumbbell)",2,60.0,10.0,0,0.0,
2022-04-09 08:48:57,"Pull",18m,"Bicep Curl (Dumbbell)",3,60.0,10.0,0,0.0,
2022-04-09 08:48:57,"Pull",18m,"Pull Up",1,0,7.0,0,0.0,
2022-04-09 08:48:57,"Pull",18m,"Pull Up",2,0,6.0,0,0.0,
2022-04-09 08:48:57,"Pull",18m,"Pull Up",3,0,4.0,0,0.0,
2022-04-09 08:48:57,"Pull",18m,"Hammer Curl (Dumbbell)",1,40.0,10.0,0,0.0,
2022-04-09 08:48:57,"Pull",18m,"Hammer Curl (Dumbbell)",2,40.0,10.0,0,0.0,
2022-04-09 08:48:57,"Pull",18m,"Hammer Curl (Dumbbell)",3,40.0,10.0,0,0.0,
2022-04-09 09:07:55,"Morning Workout",3m,"Plank",1,0,0.0,0,60.0,
2022-04-11 13:44:27,"Push",51m,"Seated Overhead Press (Barbell)",1,75.0,10.0,0,0.0,
2022-04-11 13:44:27,"Push",51m,"Seated Overhead Press (Barbell)",2,75.0,10.0,0,0.0,
2022-04-11 13:44:27,"Push",51m,"Seated Overhead Press (Barbell)",3,75.0,10.0,0,0.0,
2022-04-11 13:44:27,"Push",51m,"Triceps Pushdown (Cable - Straight Bar)",1,42.5,10.0,0,0.0,
2022-04-11 13:44:27,"Push",51m,"Triceps Pushdown (Cable - Straight Bar)",2,42.5,10.0,0,0.0,
2022-04-11 13:44:27,"Push",51m,"Triceps Pushdown (Cable - Straight Bar)",3,42.5,10.0,0,0.0,
2022-04-11 13:44:27,"Push",51m,"Incline Bench Press (Barbell)",1,85.0,10.0,0,0.0,
2022-04-11 13:44:27,"Push",51m,"Incline Bench Press (Barbell)",2,85.0,10.0,0,0.0,
2022-04-11 13:44:27,"Push",51m,"Incline Bench Press (Barbell)",3,85.0,10.0,0,0.0,
2022-04-11 13:44:27,"Push",51m,"Triceps Dip",1,0,10.0,0,0.0,
2022-04-11 13:44:27,"Push",51m,"Triceps Dip",2,0,10.0,0,0.0,
2022-04-11 13:44:27,"Push",51m,"Triceps Dip",3,0,2.0,0,0.0,
2022-04-11 13:44:27,"Push",51m,"Bench Press (Barbell)",1,115.0,10.0,0,0.0,
2022-04-11 13:44:27,"Push",51m,"Bench Press (Barbell)",2,115.0,10.0,0,0.0,
2022-04-11 13:44:27,"Push",51m,"Bench Press (Barbell)",3,135.0,5.0,0,0.0,
2022-04-12 10:19:16,"Legs",38m,"Squat (Barbell)",1,115.0,10.0,0,0.0,
2022-04-12 10:19:16,"Legs",38m,"Squat (Barbell)",2,115.0,9.0,0,0.0,
2022-04-12 10:19:16,"Legs",38m,"Squat (Barbell)",3,115.0,5.0,0,0.0,
2022-04-12 10:19:16,"Legs",38m,"Bulgarian Split Squat",1,40.0,10.0,0,0.0,
2022-04-12 10:19:16,"Legs",38m,"Bulgarian Split Squat",2,40.0,10.0,0,0.0,
2022-04-12 10:19:16,"Legs",38m,"Bulgarian Split Squat",3,40.0,10.0,0,0.0,
2022-04-12 10:19:16,"Legs",38m,"Standing Calf Raise (Machine)",1,50.0,10.0,0,0.0,
2022-04-12 10:19:16,"Legs",38m,"Standing Calf Raise (Machine)",2,60.0,10.0,0,0.0,
2022-04-12 10:19:16,"Legs",38m,"Standing Calf Raise (Machine)",3,60.0,10.0,0,0.0,
2022-04-14 11:54:36,"Pull",41m,"Bicep Curl (Dumbbell)",1,60.0,10.0,0,0.0,
2022-04-14 11:54:36,"Pull",41m,"Bicep Curl (Dumbbell)",2,50.0,10.0,0,0.0,
2022-04-14 11:54:36,"Pull",41m,"Bicep Curl (Dumbbell)",3,55.0,10.0,0,0.0,
2022-04-14 11:54:36,"Pull",41m,"Pull Up",1,0,10.0,0,0.0,
2022-04-14 11:54:36,"Pull",41m,"Pull Up",2,0,5.0,0,0.0,
2022-04-14 11:54:36,"Pull",41m,"Pull Up",3,0,3.0,0,0.0,
2022-04-14 11:54:36,"Pull",41m,"Seated Row (Cable)",1,42.5,10.0,0,0.0,
2022-04-14 11:54:36,"Pull",41m,"Seated Row (Cable)",2,42.5,10.0,0,0.0,
2022-04-14 11:54:36,"Pull",41m,"Seated Row (Cable)",3,42.5,10.0,0,0.0,
2022-04-14 11:54:36,"Pull",41m,"Preacher Curl (Machine)",1,45.0,10.0,0,0.0,
2022-04-14 11:54:36,"Pull",41m,"Preacher Curl (Machine)",2,45.0,10.0,0,0.0,
2022-04-16 09:02:30,"Legs",31m,"Squat (Barbell)",1,115.0,10.0,0,0.0,
2022-04-16 09:02:30,"Legs",31m,"Squat (Barbell)",2,115.0,6.0,0,0.0,
2022-04-16 09:02:30,"Legs",31m,"Squat (Barbell)",3,115.0,3.0,0,0.0,
2022-04-16 09:02:30,"Legs",31m,"Trap Bar Deadlift",1,90.0,10.0,0,0.0,
2022-04-16 09:02:30,"Legs",31m,"Trap Bar Deadlift",2,90.0,10.0,0,0.0,
2022-04-16 09:02:30,"Legs",31m,"Trap Bar Deadlift",3,90.0,10.0,0,0.0,
2022-04-16 09:02:30,"Legs",31m,"Bulgarian Split Squat",1,40.0,10.0,0,0.0,
2022-04-16 09:02:30,"Legs",31m,"Standing Calf Raise (Machine)",1,70.0,10.0,0,0.0,
2022-04-16 09:02:30,"Legs",31m,"Standing Calf Raise (Machine)",2,70.0,10.0,0,0.0,
2022-04-16 09:02:30,"Legs",31m,"Standing Calf Raise (Machine)",3,70.0,10.0,0,0.0,
2022-04-19 08:18:45,"Push",47m,"Seated Overhead Press (Barbell)",1,75.0,10.0,0,0.0,
2022-04-19 08:18:45,"Push",47m,"Seated Overhead Press (Barbell)",2,75.0,10.0,0,0.0,
2022-04-19 08:18:45,"Push",47m,"Seated Overhead Press (Barbell)",3,75.0,6.0,0,0.0,
2022-04-19 08:18:45,"Push",47m,"Triceps Pushdown (Cable - Straight Bar)",1,42.5,10.0,0,0.0,
2022-04-19 08:18:45,"Push",47m,"Triceps Pushdown (Cable - Straight Bar)",2,42.5,10.0,0,0.0,
2022-04-19 08:18:45,"Push",47m,"Triceps Pushdown (Cable - Straight Bar)",3,42.5,5.0,0,0.0,
2022-04-19 08:18:45,"Push",47m,"Bench Press (Dumbbell)",1,100.0,10.0,0,0.0,
2022-04-19 08:18:45,"Push",47m,"Bench Press (Dumbbell)",2,100.0,10.0,0,0.0,
2022-04-19 08:18:45,"Push",47m,"Bench Press (Dumbbell)",3,100.0,10.0,0,0.0,
2022-04-19 08:18:45,"Push",47m,"Incline Bench Press (Barbell)",1,95.0,10.0,0,0.0,
2022-04-19 08:18:45,"Push",47m,"Incline Bench Press (Barbell)",2,95.0,4.0,0,0.0,
2022-04-19 08:18:45,"Push",47m,"Incline Bench Press (Barbell)",3,95.0,2.0,0,0.0,
2022-04-19 08:18:45,"Push",47m,"Triceps Dip",1,0,10.0,0,0.0,
2022-04-19 08:18:45,"Push",47m,"Triceps Dip",2,0,10.0,0,0.0,
2022-04-19 08:18:45,"Push",47m,"Triceps Dip",3,0,10.0,0,0.0,
2022-04-19 08:18:45,"Push",47m,"Bench Press (Barbell)",1,115.0,10.0,0,0.0,
2022-04-19 08:18:45,"Push",47m,"Bench Press (Barbell)",2,115.0,10.0,0,0.0,
2022-04-19 08:18:45,"Push",47m,"Bench Press (Barbell)",3,115.0,7.0,0,0.0,
2022-04-20 13:02:33,"Pull",35m,"Bicep Curl (Dumbbell)",1,55.0,10.0,0,0.0,
2022-04-20 13:02:33,"Pull",35m,"Bicep Curl (Dumbbell)",2,55.0,10.0,0,0.0,
2022-04-20 13:02:33,"Pull",35m,"Bicep Curl (Dumbbell)",3,55.0,10.0,0,0.0,
2022-04-20 13:02:33,"Pull",35m,"Pull Up",1,0,7.0,0,0.0,
2022-04-20 13:02:33,"Pull",35m,"Pull Up",2,0,4.0,0,0.0,
2022-04-20 13:02:33,"Pull",35m,"Pull Up",3,0,4.0,0,0.0,
2022-04-20 13:02:33,"Pull",35m,"Seated Row (Cable)",1,42.5,10.0,0,0.0,
2022-04-20 13:02:33,"Pull",35m,"Seated Row (Cable)",2,42.5,10.0,0,0.0,
2022-04-20 13:02:33,"Pull",35m,"Seated Row (Cable)",3,42.5,10.0,0,0.0,
2022-04-20 13:02:33,"Pull",35m,"Hammer Curl (Dumbbell)",1,40.0,10.0,0,0.0,
2022-04-20 13:02:33,"Pull",35m,"Hammer Curl (Dumbbell)",2,35.0,10.0,0,0.0,
2022-04-20 13:02:33,"Pull",35m,"Hammer Curl (Dumbbell)",3,35.0,10.0,0,0.0,
2022-04-20 13:02:33,"Pull",35m,"Bicep Curl (Barbell)",1,35.0,10.0,0,0.0,
2022-04-20 13:02:33,"Pull",35m,"Bicep Curl (Barbell)",2,35.0,10.0,0,0.0,
2022-04-20 13:02:33,"Pull",35m,"Bicep Curl (Barbell)",3,35.0,10.0,0,0.0,
2022-04-21 16:40:04,"Legs",49m,"Trap Bar Deadlift",1,140.0,10.0,0,0.0,
2022-04-21 16:40:04,"Legs",49m,"Trap Bar Deadlift",2,140.0,10.0,0,0.0,
2022-04-21 16:40:04,"Legs",49m,"Trap Bar Deadlift",3,140.0,10.0,0,0.0,
2022-04-21 16:40:04,"Legs",49m,"Standing Calf Raise (Machine)",1,70.0,10.0,0,0.0,
2022-04-21 16:40:04,"Legs",49m,"Standing Calf Raise (Machine)",2,70.0,10.0,0,0.0,
2022-04-21 16:40:04,"Legs",49m,"Standing Calf Raise (Machine)",3,70.0,10.0,0,0.0,
2022-04-22 17:10:25,"Push",29m,"Triceps Pushdown (Cable - Straight Bar)",1,42.5,10.0,0,0.0,
2022-04-22 17:10:25,"Push",29m,"Triceps Pushdown (Cable - Straight Bar)",2,42.5,10.0,0,0.0,
2022-04-22 17:10:25,"Push",29m,"Triceps Pushdown (Cable - Straight Bar)",3,42.5,10.0,0,0.0,
2022-04-22 17:10:25,"Push",29m,"Triceps Dip",1,0,10.0,0,0.0,
2022-04-22 17:10:25,"Push",29m,"Bench Press (Barbell)",1,115.0,10.0,0,0.0,
2022-04-22 17:10:25,"Push",29m,"Bench Press (Barbell)",2,135.0,7.0,0,0.0,
2022-04-22 17:10:25,"Push",29m,"Bench Press (Barbell)",3,135.0,4.0,0,0.0,
2022-04-23 07:47:24,"Pull",36m,"Bicep Curl (Dumbbell)",1,60.0,10.0,0,0.0,
2022-04-23 07:47:24,"Pull",36m,"Bicep Curl (Dumbbell)",2,60.0,10.0,0,0.0,
2022-04-23 07:47:24,"Pull",36m,"Bicep Curl (Dumbbell)",3,60.0,10.0,0,0.0,
2022-04-23 07:47:24,"Pull",36m,"Pull Up",1,0,8.0,0,0.0,
2022-04-23 07:47:24,"Pull",36m,"Pull Up",2,0,6.0,0,0.0,
2022-04-23 07:47:24,"Pull",36m,"Pull Up",3,0,5.0,0,0.0,
2022-04-23 07:47:24,"Pull",36m,"Seated Row (Cable)",1,50.0,10.0,0,0.0,
2022-04-23 07:47:24,"Pull",36m,"Seated Row (Cable)",2,50.0,10.0,0,0.0,
2022-04-23 07:47:24,"Pull",36m,"Seated Row (Cable)",3,50.0,10.0,0,0.0,
2022-04-23 07:47:24,"Pull",36m,"Hammer Curl (Dumbbell)",1,40.0,10.0,0,0.0,
2022-04-23 07:47:24,"Pull",36m,"Hammer Curl (Dumbbell)",2,40.0,10.0,0,0.0,
2022-04-23 07:47:24,"Pull",36m,"Hammer Curl (Dumbbell)",3,40.0,10.0,0,0.0,
2022-04-23 08:25:36,"Morning Workout",7m,"Plank",1,0,0.0,0,60.0,
2022-04-23 08:25:36,"Morning Workout",7m,"Russian Twist",1,0,100.0,0,0.0,
2022-04-23 08:25:36,"Morning Workout",7m,"Crunch",1,0,100.0,0,0.0,
2022-04-23 08:25:36,"Morning Workout",7m,"Flat Leg Raise",1,0,100.0,0,0.0,
2022-04-23 08:25:36,"Morning Workout",7m,"Ab Wheel",1,0,100.0,0,0.0,
2022-04-24 17:27:45,"Legs",40m,"Squat (Barbell)",1,95.0,10.0,0,0.0,
2022-04-24 17:27:45,"Legs",40m,"Squat (Barbell)",2,95.0,10.0,0,0.0,
2022-04-24 17:27:45,"Legs",40m,"Squat (Barbell)",3,95.0,10.0,0,0.0,
2022-04-24 17:27:45,"Legs",40m,"Trap Bar Deadlift",1,90.0,10.0,0,0.0,
2022-04-24 17:27:45,"Legs",40m,"Trap Bar Deadlift",2,90.0,10.0,0,0.0,
2022-04-24 17:27:45,"Legs",40m,"Trap Bar Deadlift",3,90.0,10.0,0,0.0,
2022-04-24 17:27:45,"Legs",40m,"Bulgarian Split Squat",1,30.0,10.0,0,0.0,
2022-04-24 17:27:45,"Legs",40m,"Bulgarian Split Squat",2,30.0,10.0,0,0.0,
2022-04-24 17:27:45,"Legs",40m,"Bulgarian Split Squat",3,30.0,10.0,0,0.0,
2022-04-24 17:27:45,"Legs",40m,"Standing Calf Raise (Machine)",1,70.0,10.0,0,0.0,
2022-04-24 17:27:45,"Legs",40m,"Standing Calf Raise (Machine)",2,70.0,10.0,0,0.0,
2022-04-24 17:27:45,"Legs",40m,"Standing Calf Raise (Machine)",3,70.0,10.0,0,0.0,
2022-04-25 16:57:27,"Push",9m,"Triceps Pushdown (Cable - Straight Bar)",1,40.0,10.0,0,0.0,
2022-04-25 16:57:27,"Push",9m,"Bench Press (Barbell)",1,115.0,10.0,0,0.0,
2022-04-25 16:57:27,"Push",9m,"Bench Press (Barbell)",2,135.0,8.0,0,0.0,
2022-04-25 16:57:27,"Push",9m,"Bench Press (Barbell)",3,135.0,3.0,0,0.0,
2022-04-27 14:37:35,"Push",34m,"Arnold Press (Dumbbell)",1,75.0,10.0,0,0.0,
2022-04-27 14:37:35,"Push",34m,"Arnold Press (Dumbbell)",2,75.0,10.0,0,0.0,
2022-04-27 14:37:35,"Push",34m,"Arnold Press (Dumbbell)",3,75.0,10.0,0,0.0,
2022-04-27 14:37:35,"Push",34m,"Triceps Pushdown (Cable - Straight Bar)",1,42.5,10.0,0,0.0,
2022-04-27 14:37:35,"Push",34m,"Triceps Pushdown (Cable - Straight Bar)",2,42.5,10.0,0,0.0,
2022-04-27 14:37:35,"Push",34m,"Triceps Pushdown (Cable - Straight Bar)",3,42.5,10.0,0,0.0,
2022-04-27 14:37:35,"Push",34m,"Bench Press - Close Grip (Barbell)",1,75.0,10.0,0,0.0,
2022-04-27 14:37:35,"Push",34m,"Bench Press - Close Grip (Barbell)",2,75.0,10.0,0,0.0,
2022-04-27 14:37:35,"Push",34m,"Bench Press - Close Grip (Barbell)",3,75.0,10.0,0,0.0,
2022-04-27 14:37:35,"Push",34m,"Bench Press (Barbell)",1,115.0,10.0,0,0.0,
2022-04-27 14:37:35,"Push",34m,"Bench Press (Barbell)",2,115.0,10.0,0,0.0,
2022-04-27 14:37:35,"Push",34m,"Bench Press (Barbell)",3,115.0,10.0,0,0.0,
2022-04-28 15:06:33,"Pull",33m,"Bicep Curl (Dumbbell)",1,55.0,10.0,0,0.0,
2022-04-28 15:06:33,"Pull",33m,"Bicep Curl (Dumbbell)",2,50.0,10.0,0,0.0,
2022-04-28 15:06:33,"Pull",33m,"Bicep Curl (Dumbbell)",3,55.0,10.0,0,0.0,
2022-05-04 17:41:57,"Push",31m,"Bench Press (Barbell)",1,115.0,10.0,0,0.0,
2022-05-04 17:41:57,"Push",31m,"Bench Press (Barbell)",2,115.0,10.0,0,0.0,
2022-05-04 17:41:57,"Push",31m,"Bench Press (Barbell)",3,115.0,5.0,0,0.0,
2022-05-04 17:41:57,"Push",31m,"Bench Press - Close Grip (Barbell)",1,75.0,10.0,0,0.0,
2022-05-04 17:41:57,"Push",31m,"Bench Press - Close Grip (Barbell)",2,75.0,10.0,0,0.0,
2022-05-04 17:41:57,"Push",31m,"Bench Press - Close Grip (Barbell)",3,95.0,10.0,0,0.0,
2022-05-04 17:41:57,"Push",31m,"Triceps Pushdown (Cable - Straight Bar)",1,40.0,10.0,0,0.0,
2022-05-04 17:41:57,"Push",31m,"Triceps Pushdown (Cable - Straight Bar)",2,40.0,10.0,0,0.0,
2022-05-04 17:41:57,"Push",31m,"Triceps Pushdown (Cable - Straight Bar)",3,40.0,10.0,0,0.0,
2022-05-06 12:22:28,"Pull",16m,"Bicep Curl (Dumbbell)",1,55.0,10.0,0,0.0,
2022-05-06 12:22:28,"Pull",16m,"Bicep Curl (Dumbbell)",2,55.0,10.0,0,0.0,
2022-05-06 12:22:28,"Pull",16m,"Bicep Curl (Dumbbell)",3,55.0,10.0,0,0.0,
2022-05-06 12:22:28,"Pull",16m,"Pull Up",1,0,10.0,0,0.0,
2022-05-06 12:22:28,"Pull",16m,"Pull Up",2,0,6.0,0,0.0,
2022-05-06 12:22:28,"Pull",16m,"Pull Up",3,0,4.0,0,0.0,
2022-05-06 12:22:28,"Pull",16m,"Hammer Curl (Dumbbell)",1,40.0,10.0,0,0.0,
2022-05-06 12:22:28,"Pull",16m,"Hammer Curl (Dumbbell)",2,40.0,10.0,0,0.0,
2022-05-06 12:22:28,"Pull",16m,"Hammer Curl (Dumbbell)",3,40.0,10.0,0,0.0,
2022-05-07 10:04:17,"Legs",36m,"Squat (Barbell)",1,95.0,10.0,0,0.0,
2022-05-07 10:04:17,"Legs",36m,"Squat (Barbell)",2,95.0,10.0,0,0.0,
2022-05-07 10:04:17,"Legs",36m,"Squat (Barbell)",3,95.0,10.0,0,0.0,
2022-05-07 10:04:17,"Legs",36m,"Trap Bar Deadlift",1,90.0,10.0,0,0.0,
2022-05-07 10:04:17,"Legs",36m,"Trap Bar Deadlift",2,90.0,10.0,0,0.0,
2022-05-07 10:04:17,"Legs",36m,"Trap Bar Deadlift",3,90.0,10.0,0,0.0,
2022-05-07 10:04:17,"Legs",36m,"Bulgarian Split Squat",1,30.0,10.0,0,0.0,
2022-05-07 10:04:17,"Legs",36m,"Bulgarian Split Squat",2,30.0,10.0,0,0.0,
2022-05-07 10:04:17,"Legs",36m,"Bulgarian Split Squat",3,30.0,10.0,0,0.0,
2022-05-07 10:04:17,"Legs",36m,"Standing Calf Raise (Machine)",1,70.0,10.0,0,0.0,
2022-05-07 10:04:17,"Legs",36m,"Standing Calf Raise (Machine)",2,70.0,10.0,0,0.0,
2022-05-07 10:04:17,"Legs",36m,"Standing Calf Raise (Machine)",3,70.0,10.0,0,0.0,
2022-05-07 10:42:17,"Midday Workout",7m,"Plank",1,0,0.0,0,60.0,
2022-05-07 10:42:17,"Midday Workout",7m,"Russian Twist",1,0,100.0,0,0.0,
2022-05-07 10:42:17,"Midday Workout",7m,"Flat Leg Raise",1,0,100.0,0,0.0,
2022-05-07 10:42:17,"Midday Workout",7m,"Crunch",1,0,100.0,0,0.0,
2022-05-07 10:42:17,"Midday Workout",7m,"Ab Wheel",1,0,100.0,0,0.0,
2022-05-11 07:53:40,"Push",2m,"Bench Press (Barbell)",1,135.0,7.0,0,0.0,
2022-05-11 07:53:40,"Push",2m,"Bench Press (Barbell)",2,135.0,5.0,0,0.0,
2022-05-11 07:53:40,"Push",2m,"Bench Press (Barbell)",3,135.0,4.0,0,0.0,
2022-05-11 07:53:40,"Push",2m,"Triceps Pushdown (Cable - Straight Bar)",1,40.0,10.0,0,0.0,
2022-05-11 07:53:40,"Push",2m,"Triceps Pushdown (Cable - Straight Bar)",2,40.0,10.0,0,0.0,
2022-05-11 07:53:40,"Push",2m,"Triceps Pushdown (Cable - Straight Bar)",3,40.0,10.0,0,0.0,
2022-05-11 07:53:40,"Push",2m,"Shoulder Press (Machine)",1,50.0,10.0,0,0.0,
2022-05-11 07:53:40,"Push",2m,"Shoulder Press (Machine)",2,70.0,10.0,0,0.0,
2022-05-11 07:53:40,"Push",2m,"Shoulder Press (Machine)",3,90.0,10.0,0,0.0,
2022-05-12 10:53:15,"Pull",43m,"Bicep Curl (Dumbbell)",1,55.0,10.0,0,0.0,
2022-05-12 10:53:15,"Pull",43m,"Bicep Curl (Dumbbell)",2,55.0,10.0,0,0.0,
2022-05-12 10:53:15,"Pull",43m,"Bicep Curl (Dumbbell)",3,55.0,10.0,0,0.0,
2022-05-12 10:53:15,"Pull",43m,"Pull Up",1,0,10.0,0,0.0,
2022-05-12 10:53:15,"Pull",43m,"Pull Up",2,0,10.0,0,0.0,
2022-05-12 10:53:15,"Pull",43m,"Pull Up",3,0,5.0,0,0.0,
2022-05-12 10:53:15,"Pull",43m,"Seated Row (Cable)",1,50.0,10.0,0,0.0,
2022-05-12 10:53:15,"Pull",43m,"Seated Row (Cable)",2,50.0,10.0,0,0.0,
2022-05-12 10:53:15,"Pull",43m,"Seated Row (Cable)",3,50.0,10.0,0,0.0,
2022-05-12 10:53:15,"Pull",43m,"Preacher Curl (Machine)",1,35.0,10.0,0,0.0,
2022-05-12 10:53:15,"Pull",43m,"Preacher Curl (Machine)",2,35.0,10.0,0,0.0,
2022-05-12 10:53:15,"Pull",43m,"Preacher Curl (Machine)",3,35.0,10.0,0,0.0,
2022-05-12 10:53:15,"Pull",43m,"Hammer Curl (Dumbbell)",1,40.0,10.0,0,0.0,
2022-05-12 10:53:15,"Pull",43m,"Hammer Curl (Dumbbell)",2,40.0,10.0,0,0.0,
2022-05-12 10:53:15,"Pull",43m,"Hammer Curl (Dumbbell)",3,40.0,10.0,0,0.0,
2022-05-12 10:53:15,"Pull",43m,"Bicep Curl (Barbell)",1,35.0,10.0,0,0.0,
2022-05-12 10:53:15,"Pull",43m,"Bicep Curl (Barbell)",2,25.0,10.0,0,0.0,
2022-05-12 10:53:15,"Pull",43m,"Bicep Curl (Barbell)",3,25.0,10.0,0,0.0,
2022-05-13 08:42:59,"Legs",39m,"Squat (Barbell)",1,95.0,10.0,0,0.0,
2022-05-13 08:42:59,"Legs",39m,"Squat (Barbell)",2,95.0,10.0,0,0.0,
2022-05-13 08:42:59,"Legs",39m,"Squat (Barbell)",3,95.0,10.0,0,0.0,
2022-05-13 08:42:59,"Legs",39m,"Trap Bar Deadlift",1,90.0,10.0,0,0.0,
2022-05-13 08:42:59,"Legs",39m,"Trap Bar Deadlift",2,90.0,10.0,0,0.0,
2022-05-13 08:42:59,"Legs",39m,"Trap Bar Deadlift",3,90.0,10.0,0,0.0,
2022-05-13 08:42:59,"Legs",39m,"Bulgarian Split Squat",1,30.0,10.0,0,0.0,
2022-05-13 08:42:59,"Legs",39m,"Bulgarian Split Squat",2,30.0,10.0,0,0.0,
2022-05-13 08:42:59,"Legs",39m,"Bulgarian Split Squat",3,30.0,10.0,0,0.0,
2022-05-13 08:42:59,"Legs",39m,"Standing Calf Raise (Machine)",1,70.0,10.0,0,0.0,
2022-05-13 08:42:59,"Legs",39m,"Standing Calf Raise (Machine)",2,70.0,10.0,0,0.0,
2022-05-13 08:42:59,"Legs",39m,"Standing Calf Raise (Machine)",3,70.0,10.0,0,0.0,
2022-05-15 19:08:04,"Evening Workout",5m,"Plank",1,0,0.0,0,60.0,
2022-05-15 19:08:04,"Evening Workout",5m,"Russian Twist",1,0,100.0,0,0.0,
2022-05-15 19:08:04,"Evening Workout",5m,"Flat Leg Raise",1,0,100.0,0,0.0,
2022-05-15 19:08:04,"Evening Workout",5m,"Crunch",1,0,100.0,0,0.0,
2022-05-16 08:21:29,"Push",54m,"Bench Press (Barbell)",1,115.0,10.0,0,0.0,
2022-05-16 08:21:29,"Push",54m,"Bench Press (Barbell)",2,115.0,10.0,0,0.0,
2022-05-16 08:21:29,"Push",54m,"Bench Press (Barbell)",3,115.0,10.0,0,0.0,
2022-05-16 08:21:29,"Push",54m,"Triceps Pushdown (Cable - Straight Bar)",1,42.5,10.0,0,0.0,
2022-05-16 08:21:29,"Push",54m,"Triceps Pushdown (Cable - Straight Bar)",2,42.5,10.0,0,0.0,
2022-05-16 08:21:29,"Push",54m,"Triceps Pushdown (Cable - Straight Bar)",3,42.5,10.0,0,0.0,
2022-05-16 08:21:29,"Push",54m,"Seated Overhead Press (Barbell)",1,75.0,10.0,0,0.0,
2022-05-16 08:21:29,"Push",54m,"Seated Overhead Press (Barbell)",2,75.0,10.0,0,0.0,
2022-05-16 08:21:29,"Push",54m,"Seated Overhead Press (Barbell)",3,75.0,10.0,0,0.0,
2022-05-16 08:21:29,"Push",54m,"Triceps Dip",1,0,10.0,0,0.0,
2022-05-16 08:21:29,"Push",54m,"Triceps Dip",2,0,10.0,0,0.0,
2022-05-16 08:21:29,"Push",54m,"Triceps Dip",3,0,10.0,0,0.0,
2022-05-16 09:55:52,"Midday Workout",7m,"Plank",1,0,0.0,0,60.0,
2022-05-16 09:55:52,"Midday Workout",7m,"Sit Up",1,0,100.0,0,0.0,
2022-05-16 09:55:52,"Midday Workout",7m,"Russian Twist",1,0,100.0,0,0.0,
2022-05-16 09:55:52,"Midday Workout",7m,"Flat Leg Raise",1,0,100.0,0,0.0,
2022-05-16 09:55:52,"Midday Workout",7m,"Crunch",1,0,100.0,0,0.0,
2022-05-18 10:42:43,"Pull",24m,"Bicep Curl (Dumbbell)",1,60.0,10.0,0,0.0,
2022-05-18 10:42:43,"Pull",24m,"Bicep Curl (Dumbbell)",2,60.0,10.0,0,0.0,
2022-05-18 10:42:43,"Pull",24m,"Bicep Curl (Dumbbell)",3,60.0,10.0,0,0.0,
2022-05-18 10:42:43,"Pull",24m,"Bent Over Row (Dumbbell)",1,60.0,10.0,0,0.0,
2022-05-18 10:42:43,"Pull",24m,"Bent Over Row (Dumbbell)",2,60.0,10.0,0,0.0,
2022-05-18 10:42:43,"Pull",24m,"Bent Over Row (Dumbbell)",3,60.0,10.0,0,0.0,
2022-05-18 10:42:43,"Pull",24m,"Hammer Curl (Dumbbell)",1,40.0,10.0,0,0.0,
2022-05-18 10:42:43,"Pull",24m,"Hammer Curl (Dumbbell)",2,40.0,10.0,0,0.0,
2022-05-18 10:42:43,"Pull",24m,"Hammer Curl (Dumbbell)",3,40.0,10.0,0,0.0,
2022-05-22 18:42:48,"Push",20m,"Bench Press (Barbell)",1,115.0,10.0,0,0.0,
2022-05-22 18:42:48,"Push",20m,"Bench Press (Barbell)",2,115.0,10.0,0,0.0,
2022-05-22 18:42:48,"Push",20m,"Bench Press (Barbell)",3,115.0,10.0,0,0.0,
2022-05-22 18:42:48,"Push",20m,"Bench Press - Close Grip (Barbell)",1,75.0,10.0,0,0.0,
2022-05-22 18:42:48,"Push",20m,"Triceps Pushdown (Cable - Straight Bar)",1,42.5,10.0,0,0.0,
2022-05-22 18:42:48,"Push",20m,"Triceps Pushdown (Cable - Straight Bar)",2,42.5,10.0,0,0.0,
2022-05-22 18:42:48,"Push",20m,"Triceps Pushdown (Cable - Straight Bar)",3,42.5,10.0,0,0.0,
2022-05-22 19:28:50,"Push",18m,"Bench Press (Barbell)",1,115.0,10.0,0,0.0,
2022-05-22 19:28:50,"Push",18m,"Bench Press (Barbell)",2,115.0,10.0,0,0.0,
2022-05-22 19:28:50,"Push",18m,"Bench Press (Barbell)",3,115.0,10.0,0,0.0,
2022-05-22 19:28:50,"Push",18m,"Bench Press - Close Grip (Barbell)",1,75.0,10.0,0,0.0,
2022-05-22 19:28:50,"Push",18m,"Bench Press - Close Grip (Barbell)",2,75.0,10.0,0,0.0,
2022-05-22 19:28:50,"Push",18m,"Bench Press - Close Grip (Barbell)",3,75.0,10.0,0,0.0,
2022-05-22 19:28:50,"Push",18m,"Triceps Pushdown (Cable - Straight Bar)",1,42.5,10.0,0,0.0,
2022-05-22 19:28:50,"Push",18m,"Triceps Pushdown (Cable - Straight Bar)",2,42.5,10.0,0,0.0,
2022-05-22 19:28:50,"Push",18m,"Triceps Pushdown (Cable - Straight Bar)",3,42.5,10.0,0,0.0,
2022-05-22 19:28:50,"Push",18m,"Upright Row (Dumbbell)",1,40.0,10.0,0,0.0,
2022-05-22 19:28:50,"Push",18m,"Upright Row (Dumbbell)",2,40.0,10.0,0,0.0,
2022-05-22 19:28:50,"Push",18m,"Upright Row (Dumbbell)",3,40.0,10.0,0,0.0,
2022-05-22 19:47:39,"Evening Workout",2m,"Sit Up",1,0,100.0,0,0.0,
2022-05-25 08:34:33,"Pull",33m,"Bicep Curl (Dumbbell)",1,60.0,10.0,0,0.0,
2022-05-28 06:51:37,"Push",1h 2m,"Bench Press (Barbell)",1,115.0,10.0,0,0.0,
2022-05-28 06:51:37,"Push",1h 2m,"Bench Press (Barbell)",2,115.0,10.0,0,0.0,
2022-05-28 06:51:37,"Push",1h 2m,"Bench Press (Barbell)",3,115.0,10.0,0,0.0,
2022-05-28 06:51:37,"Push",1h 2m,"Triceps Pushdown (Cable - Straight Bar)",1,40.0,10.0,0,0.0,
2022-05-28 06:51:37,"Push",1h 2m,"Triceps Pushdown (Cable - Straight Bar)",2,40.0,10.0,0,0.0,
2022-05-28 06:51:37,"Push",1h 2m,"Triceps Pushdown (Cable - Straight Bar)",3,30.0,10.0,0,0.0,
2022-05-28 06:51:37,"Push",1h 2m,"Seated Overhead Press (Barbell)",1,75.0,10.0,0,0.0,
2022-05-28 06:51:37,"Push",1h 2m,"Seated Overhead Press (Barbell)",2,75.0,10.0,0,0.0,
2022-05-28 06:51:37,"Push",1h 2m,"Seated Overhead Press (Barbell)",3,75.0,10.0,0,0.0,
2022-05-28 06:51:37,"Push",1h 2m,"Incline Bench Press (Barbell)",1,85.0,10.0,0,0.0,
2022-05-28 06:51:37,"Push",1h 2m,"Incline Bench Press (Barbell)",2,85.0,10.0,0,0.0,
2022-05-28 06:51:37,"Push",1h 2m,"Incline Bench Press (Barbell)",3,80.0,10.0,0,0.0,
2022-05-28 06:51:37,"Push",1h 2m,"Triceps Dip",1,0,10.0,0,0.0,
2022-05-28 06:51:37,"Push",1h 2m,"Triceps Dip",2,0,10.0,0,0.0,
2022-05-28 06:51:37,"Push",1h 2m,"Triceps Dip",3,0,10.0,0,0.0,
2022-05-29 11:59:25,"Legs",18m,"Squat (Barbell)",1,95.0,10.0,0,0.0,
2022-05-29 11:59:25,"Legs",18m,"Squat (Barbell)",2,115.0,9.0,0,0.0,
2022-05-29 11:59:25,"Legs",18m,"Squat (Barbell)",3,115.0,3.0,0,0.0,
2022-05-29 11:59:25,"Legs",18m,"Standing Calf Raise (Machine)",1,70.0,10.0,0,0.0,
2022-05-29 11:59:25,"Legs",18m,"Standing Calf Raise (Machine)",2,70.0,10.0,0,0.0,
2022-05-29 11:59:25,"Legs",18m,"Standing Calf Raise (Machine)",3,70.0,10.0,0,0.0,
2022-06-01 16:34:00,"Pull",19m,"Pull Up",1,0,10.0,0,0.0,
2022-06-01 16:34:00,"Pull",19m,"Pull Up",2,0,10.0,0,0.0,
2022-06-01 16:34:00,"Pull",19m,"Pull Up",3,0,4.0,0,0.0,
2022-06-01 16:34:00,"Pull",19m,"Seated Row (Cable)",1,85.0,10.0,0,0.0,
2022-06-01 16:34:00,"Pull",19m,"Seated Row (Cable)",2,85.0,10.0,0,0.0,
2022-06-01 16:34:00,"Pull",19m,"Seated Row (Cable)",3,85.0,10.0,0,0.0,
2022-06-01 16:34:00,"Pull",19m,"Preacher Curl (Machine)",1,35.0,10.0,0,0.0,
2022-06-01 16:34:00,"Pull",19m,"Preacher Curl (Machine)",2,35.0,10.0,0,0.0,
2022-06-01 16:34:00,"Pull",19m,"Preacher Curl (Machine)",3,35.0,10.0,0,0.0,
2022-06-02 17:22:06,"Push",48m,"Bench Press (Barbell)",1,115.0,10.0,0,0.0,
2022-06-02 17:22:06,"Push",48m,"Bench Press (Barbell)",2,115.0,10.0,0,0.0,
2022-06-02 17:22:06,"Push",48m,"Bench Press (Barbell)",3,115.0,10.0,0,0.0,
2022-06-02 17:22:06,"Push",48m,"Bench Press - Close Grip (Barbell)",1,95.0,10.0,0,0.0,
2022-06-02 17:22:06,"Push",48m,"Bench Press - Close Grip (Barbell)",2,95.0,3.0,0,0.0,
2022-06-02 17:22:06,"Push",48m,"Triceps Pushdown (Cable - Straight Bar)",1,50.0,6.0,0,0.0,
2022-06-02 17:22:06,"Push",48m,"Triceps Pushdown (Cable - Straight Bar)",2,42.5,10.0,0,0.0,
2022-06-02 17:22:06,"Push",48m,"Triceps Pushdown (Cable - Straight Bar)",3,47.5,8.0,0,0.0,
2022-06-02 17:22:06,"Push",48m,"Seated Overhead Press (Barbell)",1,75.0,10.0,0,0.0,
2022-06-02 17:22:06,"Push",48m,"Seated Overhead Press (Barbell)",2,75.0,10.0,0,0.0,
2022-06-02 17:22:06,"Push",48m,"Seated Overhead Press (Barbell)",3,75.0,5.0,0,0.0,
2022-06-02 17:22:06,"Push",48m,"Triceps Dip",1,0,10.0,0,0.0,
2022-06-02 17:22:06,"Push",48m,"Triceps Dip",2,0,10.0,0,0.0,
2022-06-02 17:22:06,"Push",48m,"Triceps Dip",3,0,10.0,0,0.0,
2022-06-04 05:17:35,"Legs",10m,"Bulgarian Split Squat",1,35.0,10.0,0,0.0,
2022-06-04 05:17:35,"Legs",10m,"Bulgarian Split Squat",2,35.0,10.0,0,0.0,
2022-06-04 05:17:35,"Legs",10m,"Bulgarian Split Squat",3,35.0,10.0,0,0.0,
2022-06-10 19:30:29,"Pull",10m,"Bicep Curl (Dumbbell)",1,50.0,10.0,0,0.0,
2022-06-10 19:30:29,"Pull",10m,"Bicep Curl (Dumbbell)",2,50.0,10.0,0,0.0,
2022-06-10 19:30:29,"Pull",10m,"Bicep Curl (Dumbbell)",3,50.0,10.0,0,0.0,
2022-06-10 19:30:29,"Pull",10m,"Pull Up",1,0,10.0,0,0.0,
2022-06-10 19:30:29,"Pull",10m,"Pull Up",2,0,10.0,0,0.0,
2022-06-10 19:30:29,"Pull",10m,"Pull Up",3,0,5.0,0,0.0,
2022-06-10 19:30:29,"Pull",10m,"Preacher Curl (Machine)",1,35.0,10.0,0,0.0,
2022-06-14 07:27:02,"Push",29m,"Bench Press (Barbell)",1,115.0,10.0,0,0.0,
2022-06-14 07:27:02,"Push",29m,"Bench Press (Barbell)",2,115.0,10.0,0,0.0,
2022-06-14 07:27:02,"Push",29m,"Bench Press (Barbell)",3,115.0,10.0,0,0.0,
2022-06-14 07:27:02,"Push",29m,"Triceps Pushdown (Cable - Straight Bar)",1,42.5,10.0,0,0.0,
2022-06-14 07:27:02,"Push",29m,"Triceps Pushdown (Cable - Straight Bar)",2,42.5,10.0,0,0.0,
2022-06-14 07:27:02,"Push",29m,"Triceps Pushdown (Cable - Straight Bar)",3,42.5,10.0,0,0.0,
2022-06-14 07:27:02,"Push",29m,"Arnold Press (Dumbbell)",1,70.0,10.0,0,0.0,
2022-06-14 07:27:02,"Push",29m,"Incline Bench Press (Barbell)",1,85.0,10.0,0,0.0,
2022-06-14 07:27:02,"Push",29m,"Triceps Dip",1,0,10.0,0,0.0,
2022-06-14 07:27:02,"Push",29m,"Triceps Dip",2,0,10.0,0,0.0,
2022-06-14 07:58:54,"Morning Workout",8m,"Sit Up",1,0,200.0,0,0.0,
2022-06-14 07:58:54,"Morning Workout",8m,"Plank",1,0,0.0,0,60.0,
2022-06-14 07:58:54,"Morning Workout",8m,"Ab Wheel",1,0,100.0,0,0.0,
2022-06-27 11:39:28,"Pull",39m,"Bicep Curl (Dumbbell)",1,45.0,10.0,0,0.0,
2022-06-27 11:39:28,"Pull",39m,"Bicep Curl (Dumbbell)",2,50.0,10.0,0,0.0,
2022-06-27 11:39:28,"Pull",39m,"Bicep Curl (Dumbbell)",3,50.0,10.0,0,0.0,
2022-06-27 11:39:28,"Pull",39m,"Pull Up",1,0,10.0,0,0.0,
2022-06-27 11:39:28,"Pull",39m,"Pull Up",2,0,10.0,0,0.0,
2022-06-27 11:39:28,"Pull",39m,"Pull Up",3,0,5.0,0,0.0,
2022-06-27 11:39:28,"Pull",39m,"Seated Row (Cable)",1,85.0,10.0,0,0.0,
2022-06-27 11:39:28,"Pull",39m,"Seated Row (Cable)",2,100.0,6.0,0,0.0,
2022-06-27 11:39:28,"Pull",39m,"Seated Row (Cable)",3,85.0,10.0,0,0.0,
2022-06-27 11:39:28,"Pull",39m,"Preacher Curl (Machine)",1,35.0,10.0,0,0.0,
2022-06-27 11:39:28,"Pull",39m,"Preacher Curl (Machine)",2,45.0,10.0,0,0.0,
2022-06-27 11:39:28,"Pull",39m,"Preacher Curl (Machine)",3,45.0,10.0,0,0.0,
2022-06-27 11:39:28,"Pull",39m,"Hammer Curl (Dumbbell)",1,40.0,10.0,0,0.0,
2022-06-27 11:39:28,"Pull",39m,"Hammer Curl (Dumbbell)",2,35.0,10.0,0,0.0,
2022-06-27 11:39:28,"Pull",39m,"Hammer Curl (Dumbbell)",3,30.0,10.0,0,0.0,
2022-06-27 11:39:28,"Pull",39m,"Bicep Curl (Barbell)",1,25.0,10.0,0,0.0,
2022-06-27 11:39:28,"Pull",39m,"Bicep Curl (Barbell)",2,25.0,10.0,0,0.0,
2022-06-27 11:39:28,"Pull",39m,"Bicep Curl (Barbell)",3,25.0,10.0,0,0.0,
2022-06-28 11:18:35,"Push",2h 16m,"Bench Press (Barbell)",1,135.0,7.0,0,0.0,
2022-06-28 11:18:35,"Push",2h 16m,"Bench Press (Barbell)",2,135.0,5.0,0,0.0,
2022-06-28 11:18:35,"Push",2h 16m,"Bench Press (Barbell)",3,135.0,2.0,0,0.0,
2022-06-28 11:18:35,"Push",2h 16m,"Bench Press - Close Grip (Barbell)",1,75.0,10.0,0,0.0,
2022-06-28 11:18:35,"Push",2h 16m,"Bench Press - Close Grip (Barbell)",2,75.0,10.0,0,0.0,
2022-06-28 11:18:35,"Push",2h 16m,"Bench Press - Close Grip (Barbell)",3,75.0,10.0,0,0.0,
2022-06-28 11:18:35,"Push",2h 16m,"Triceps Pushdown (Cable - Straight Bar)",1,42.5,10.0,0,0.0,
2022-06-28 11:18:35,"Push",2h 16m,"Triceps Pushdown (Cable - Straight Bar)",2,42.5,10.0,0,0.0,
2022-06-28 11:18:35,"Push",2h 16m,"Triceps Pushdown (Cable - Straight Bar)",3,42.5,10.0,0,0.0,
2022-06-28 11:18:35,"Push",2h 16m,"Seated Overhead Press (Barbell)",1,75.0,10.0,0,0.0,
2022-06-28 11:18:35,"Push",2h 16m,"Seated Overhead Press (Barbell)",2,75.0,10.0,0,0.0,
2022-06-28 11:18:35,"Push",2h 16m,"Seated Overhead Press (Barbell)",3,75.0,10.0,0,0.0,
2022-06-28 11:18:35,"Push",2h 16m,"Triceps Dip",1,0,10.0,0,0.0,
2022-06-28 11:18:35,"Push",2h 16m,"Triceps Dip",2,0,10.0,0,0.0,
2022-06-28 11:18:35,"Push",2h 16m,"Triceps Dip",3,0,10.0,0,0.0,
2022-07-05 17:01:37,"Legs",39m,"Squat (Barbell)",1,95.0,10.0,0,0.0,
2022-07-05 17:01:37,"Legs",39m,"Squat (Barbell)",2,95.0,10.0,0,0.0,
2022-07-05 17:01:37,"Legs",39m,"Squat (Barbell)",3,95.0,10.0,0,0.0,
2022-07-05 17:01:37,"Legs",39m,"Trap Bar Deadlift",1,90.0,10.0,0,0.0,
2022-07-05 17:01:37,"Legs",39m,"Trap Bar Deadlift",2,90.0,10.0,0,0.0,
2022-07-05 17:01:37,"Legs",39m,"Trap Bar Deadlift",3,90.0,10.0,0,0.0,
2022-07-05 17:01:37,"Legs",39m,"Bulgarian Split Squat",1,30.0,10.0,0,0.0,
2022-07-05 17:01:37,"Legs",39m,"Bulgarian Split Squat",2,30.0,10.0,0,0.0,
2022-07-05 17:01:37,"Legs",39m,"Bulgarian Split Squat",3,30.0,10.0,0,0.0,
2022-07-05 17:01:37,"Legs",39m,"Standing Calf Raise (Machine)",1,70.0,10.0,0,0.0,
2022-07-05 17:01:37,"Legs",39m,"Standing Calf Raise (Machine)",2,70.0,10.0,0,0.0,
2022-07-05 17:01:37,"Legs",39m,"Standing Calf Raise (Machine)",3,70.0,10.0,0,0.0,
2022-07-07 13:00:54,"Push",33m,"Bench Press (Barbell)",1,115.0,10.0,0,0.0,
2022-07-07 13:00:54,"Push",33m,"Bench Press (Barbell)",2,115.0,10.0,0,0.0,
2022-07-07 13:00:54,"Push",33m,"Bench Press (Barbell)",3,115.0,5.0,0,0.0,
2022-07-07 13:00:54,"Push",33m,"Triceps Pushdown (Cable - Straight Bar)",1,42.5,10.0,0,0.0,
2022-07-07 13:00:54,"Push",33m,"Triceps Pushdown (Cable - Straight Bar)",2,37.5,10.0,0,0.0,
2022-07-07 13:00:54,"Push",33m,"Triceps Pushdown (Cable - Straight Bar)",3,37.5,10.0,0,0.0,
2022-07-07 13:00:54,"Push",33m,"Shoulder Press (Plate Loaded)",1,50.0,10.0,0,0.0,
2022-07-07 13:00:54,"Push",33m,"Shoulder Press (Plate Loaded)",2,70.0,10.0,0,0.0,
2022-07-07 13:00:54,"Push",33m,"Shoulder Press (Plate Loaded)",3,120.0,5.0,0,0.0,
2022-07-07 13:00:54,"Push",33m,"Incline Bench Press (Barbell)",1,65.0,10.0,0,0.0,
2022-07-07 13:00:54,"Push",33m,"Incline Bench Press (Barbell)",2,65.0,10.0,0,0.0,
2022-07-07 13:00:54,"Push",33m,"Triceps Dip",1,0,10.0,0,0.0,
2022-07-07 13:00:54,"Push",33m,"Triceps Dip",2,0,10.0,0,0.0,
2022-07-07 13:00:54,"Push",33m,"Triceps Dip",3,0,10.0,0,0.0,
2022-07-08 12:56:44,"Pull",19m,"Bicep Curl (Dumbbell)",1,45.0,10.0,0,0.0,
2022-07-08 12:56:44,"Pull",19m,"Bicep Curl (Dumbbell)",2,50.0,10.0,0,0.0,
2022-07-08 12:56:44,"Pull",19m,"Bicep Curl (Dumbbell)",3,50.0,10.0,0,0.0,
2022-07-08 12:56:44,"Pull",19m,"Pull Up",1,0,10.0,0,0.0,
2022-07-08 12:56:44,"Pull",19m,"Pull Up",2,0,6.0,0,0.0,
2022-07-08 12:56:44,"Pull",19m,"Pull Up",3,0,5.0,0,0.0,
2022-07-08 12:56:44,"Pull",19m,"Preacher Curl (Machine)",1,45.0,10.0,0,0.0,
2022-07-08 12:56:44,"Pull",19m,"Preacher Curl (Machine)",2,35.0,10.0,0,0.0,
2022-07-08 12:56:44,"Pull",19m,"Preacher Curl (Machine)",3,45.0,10.0,0,0.0,
2022-07-08 12:56:44,"Pull",19m,"Hammer Curl (Dumbbell)",1,40.0,10.0,0,0.0,
2022-07-11 13:08:50,"Push",44m,"Bench Press (Barbell)",1,115.0,10.0,0,0.0,
2022-07-11 13:08:50,"Push",44m,"Bench Press (Barbell)",2,135.0,5.0,0,0.0,
2022-07-11 13:08:50,"Push",44m,"Bench Press (Barbell)",3,115.0,10.0,0,0.0,
2022-07-11 13:08:50,"Push",44m,"Chest Fly",1,100.0,10.0,0,0.0,
2022-07-11 13:08:50,"Push",44m,"Chest Fly",2,100.0,10.0,0,0.0,
2022-07-11 13:08:50,"Push",44m,"Chest Fly",3,100.0,10.0,0,0.0,
2022-07-11 13:08:50,"Push",44m,"Triceps Pushdown (Cable - Straight Bar)",1,40.0,10.0,0,0.0,
2022-07-11 13:08:50,"Push",44m,"Triceps Pushdown (Cable - Straight Bar)",2,50.0,5.0,0,0.0,
2022-07-11 13:08:50,"Push",44m,"Triceps Pushdown (Cable - Straight Bar)",3,40.0,10.0,0,0.0,
2022-07-11 13:08:50,"Push",44m,"Seated Overhead Press (Barbell)",1,75.0,10.0,0,0.0,
2022-07-11 13:08:50,"Push",44m,"Seated Overhead Press (Barbell)",2,95.0,4.0,0,0.0,
2022-07-11 13:08:50,"Push",44m,"Seated Overhead Press (Barbell)",3,85.0,6.0,0,0.0,
2022-07-11 13:08:50,"Push",44m,"Shoulder Press (Plate Loaded)",1,70.0,10.0,0,0.0,
2022-07-11 13:08:50,"Push",44m,"Shoulder Press (Plate Loaded)",2,90.0,10.0,0,0.0,
2022-07-11 13:08:50,"Push",44m,"Shoulder Press (Plate Loaded)",3,90.0,10.0,0,0.0,
2022-07-11 13:08:50,"Push",44m,"Triceps Dip",1,0,10.0,0,0.0,
2022-07-11 13:08:50,"Push",44m,"Triceps Dip",2,0,10.0,0,0.0,
2022-07-11 13:08:50,"Push",44m,"Triceps Dip",3,0,10.0,0,0.0,
2022-07-13 14:03:42,"Legs",41m,"Squat (Barbell)",1,95.0,10.0,0,0.0,
2022-07-13 14:03:42,"Legs",41m,"Squat (Barbell)",2,95.0,10.0,0,0.0,
2022-07-13 14:03:42,"Legs",41m,"Squat (Barbell)",3,95.0,10.0,0,0.0,
2022-07-13 14:03:42,"Legs",41m,"Trap Bar Deadlift",1,90.0,10.0,0,0.0,
2022-07-13 14:03:42,"Legs",41m,"Trap Bar Deadlift",2,90.0,10.0,0,0.0,
2022-07-13 14:03:42,"Legs",41m,"Trap Bar Deadlift",3,90.0,10.0,0,0.0,
2022-07-13 14:03:42,"Legs",41m,"Bulgarian Split Squat",1,30.0,10.0,0,0.0,
2022-07-13 14:03:42,"Legs",41m,"Bulgarian Split Squat",2,30.0,10.0,0,0.0,
2022-07-13 14:03:42,"Legs",41m,"Bulgarian Split Squat",3,30.0,10.0,0,0.0,
2022-07-13 14:03:42,"Legs",41m,"Standing Calf Raise (Machine)",1,70.0,10.0,0,0.0,
2022-07-13 14:03:42,"Legs",41m,"Standing Calf Raise (Machine)",2,70.0,10.0,0,0.0,
2022-07-13 14:03:42,"Legs",41m,"Standing Calf Raise (Machine)",3,70.0,10.0,0,0.0,
2022-07-13 14:46:02,"Afternoon Workout",7m,"Sit Up",1,0,200.0,0,0.0,
2022-07-13 14:46:02,"Afternoon Workout",7m,"Russian Twist",1,0,100.0,0,0.0,
2022-07-13 14:46:02,"Afternoon Workout",7m,"Plank",1,0,0.0,0,60.0,
2022-07-13 14:46:02,"Afternoon Workout",7m,"Flat Leg Raise",1,0,100.0,0,0.0,
2022-07-13 14:46:02,"Afternoon Workout",7m,"Ab Wheel",1,0,100.0,0,0.0,
2022-07-16 09:05:32,"Pull",52m,"Bicep Curl (Dumbbell)",1,50.0,10.0,0,0.0,
2022-07-16 09:05:32,"Pull",52m,"Bicep Curl (Dumbbell)",2,50.0,10.0,0,0.0,
2022-07-16 09:05:32,"Pull",52m,"Bicep Curl (Dumbbell)",3,50.0,10.0,0,0.0,
2022-07-16 09:05:32,"Pull",52m,"Pull Up",1,0,10.0,0,0.0,
2022-07-16 09:05:32,"Pull",52m,"Pull Up",2,0,7.0,0,0.0,
2022-07-16 09:05:32,"Pull",52m,"Pull Up",3,0,5.0,0,0.0,
2022-07-16 09:05:32,"Pull",52m,"Seated Row (Cable)",1,85.0,10.0,0,0.0,
2022-07-16 09:05:32,"Pull",52m,"Seated Row (Cable)",2,85.0,10.0,0,0.0,
2022-07-16 09:05:32,"Pull",52m,"Seated Row (Cable)",3,85.0,10.0,0,0.0,
2022-07-16 09:05:32,"Pull",52m,"Preacher Curl (Machine)",1,45.0,10.0,0,0.0,
2022-07-16 09:05:32,"Pull",52m,"Preacher Curl (Machine)",2,45.0,10.0,0,0.0,
2022-07-16 09:05:32,"Pull",52m,"Preacher Curl (Machine)",3,45.0,10.0,0,0.0,
2022-07-16 09:05:32,"Pull",52m,"Hammer Curl (Dumbbell)",1,40.0,10.0,0,0.0,
2022-07-16 09:05:32,"Pull",52m,"Hammer Curl (Dumbbell)",2,40.0,10.0,0,0.0,
2022-07-16 09:05:32,"Pull",52m,"Hammer Curl (Dumbbell)",3,40.0,10.0,0,0.0,
2022-07-16 09:05:32,"Pull",52m,"Bicep Curl (Barbell)",1,25.0,10.0,0,0.0,
2022-07-16 09:05:32,"Pull",52m,"Bicep Curl (Barbell)",2,25.0,10.0,0,0.0,
2022-07-16 09:05:32,"Pull",52m,"Bicep Curl (Barbell)",3,25.0,10.0,0,0.0,
2022-07-17 07:52:56,"Push",43m,"Bench Press (Barbell)",1,115.0,10.0,0,0.0,
2022-07-17 07:52:56,"Push",43m,"Bench Press (Barbell)",2,115.0,10.0,0,0.0,
2022-07-17 07:52:56,"Push",43m,"Bench Press (Barbell)",3,115.0,10.0,0,0.0,
2022-07-17 07:52:56,"Push",43m,"Triceps Pushdown (Cable - Straight Bar)",1,42.5,10.0,0,0.0,
2022-07-17 07:52:56,"Push",43m,"Triceps Pushdown (Cable - Straight Bar)",2,42.5,10.0,0,0.0,
2022-07-17 07:52:56,"Push",43m,"Triceps Pushdown (Cable - Straight Bar)",3,42.5,10.0,0,0.0,
2022-07-17 07:52:56,"Push",43m,"Seated Overhead Press (Barbell)",1,75.0,10.0,0,0.0,
2022-07-17 07:52:56,"Push",43m,"Seated Overhead Press (Barbell)",2,75.0,10.0,0,0.0,
2022-07-17 07:52:56,"Push",43m,"Seated Overhead Press (Barbell)",3,75.0,10.0,0,0.0,
2022-07-17 07:52:56,"Push",43m,"Triceps Dip",1,0,10.0,0,0.0,
2022-07-17 07:52:56,"Push",43m,"Triceps Dip",2,0,10.0,0,0.0,
2022-07-18 13:02:49,"Legs",24m,"Trap Bar Deadlift",1,90.0,10.0,0,0.0,
2022-07-18 13:02:49,"Legs",24m,"Trap Bar Deadlift",2,90.0,10.0,0,0.0,
2022-07-18 13:02:49,"Legs",24m,"Trap Bar Deadlift",3,90.0,10.0,0,0.0,
2022-07-18 13:02:49,"Legs",24m,"Bulgarian Split Squat",1,30.0,10.0,0,0.0,
2022-07-18 13:02:49,"Legs",24m,"Bulgarian Split Squat",2,40.0,10.0,0,0.0,
2022-07-18 13:02:49,"Legs",24m,"Bulgarian Split Squat",3,40.0,10.0,0,0.0,
2022-07-20 14:12:20,"Pull",14m,"Bicep Curl (Dumbbell)",1,50.0,10.0,0,0.0,
2022-07-20 14:12:20,"Pull",14m,"Bicep Curl (Dumbbell)",2,50.0,10.0,0,0.0,
2022-07-20 14:12:20,"Pull",14m,"Bicep Curl (Dumbbell)",3,50.0,10.0,0,0.0,
2022-07-20 14:12:20,"Pull",14m,"Pull Up",1,0,10.0,0,0.0,
2022-07-20 14:12:20,"Pull",14m,"Pull Up",2,0,10.0,0,0.0,
2022-07-20 14:12:20,"Pull",14m,"Pull Up",3,0,6.0,0,0.0,
2022-07-20 14:12:20,"Pull",14m,"Preacher Curl (Machine)",1,45.0,10.0,0,0.0,
2022-07-20 14:12:20,"Pull",14m,"Preacher Curl (Machine)",2,45.0,10.0,0,0.0,
2022-07-20 14:12:20,"Pull",14m,"Preacher Curl (Machine)",3,45.0,10.0,0,0.0,
2022-07-20 14:27:19,"Afternoon Workout",2m,"Ab Wheel",1,0,100.0,0,0.0,
2022-07-20 14:27:19,"Afternoon Workout",2m,"Plank",1,0,0.0,0,60.0,
2022-07-21 13:08:44,"Push",37m,"Bench Press (Barbell)",1,135.0,5.0,0,0.0,
2022-07-21 13:08:44,"Push",37m,"Bench Press (Barbell)",2,115.0,10.0,0,0.0,
2022-07-21 13:08:44,"Push",37m,"Bench Press (Barbell)",3,115.0,10.0,0,0.0,
2022-07-21 13:08:44,"Push",37m,"Triceps Pushdown (Cable - Straight Bar)",1,42.5,10.0,0,0.0,
2022-07-21 13:08:44,"Push",37m,"Triceps Pushdown (Cable - Straight Bar)",2,47.5,10.0,0,0.0,
2022-07-21 13:08:44,"Push",37m,"Triceps Pushdown (Cable - Straight Bar)",3,47.5,10.0,0,0.0,
2022-07-21 13:08:44,"Push",37m,"Seated Overhead Press (Barbell)",1,75.0,10.0,0,0.0,
2022-07-21 13:08:44,"Push",37m,"Seated Overhead Press (Barbell)",2,75.0,10.0,0,0.0,
2022-07-21 13:08:44,"Push",37m,"Seated Overhead Press (Barbell)",3,75.0,10.0,0,0.0,
2022-07-21 13:08:44,"Push",37m,"Chest Fly",1,100.0,10.0,0,0.0,
2022-07-21 13:08:44,"Push",37m,"Chest Fly",2,130.0,10.0,0,0.0,
2022-07-21 13:08:44,"Push",37m,"Chest Fly",3,115.0,10.0,0,0.0,
2022-07-22 13:09:55,"Pull",8m,"Bicep Curl (Dumbbell)",1,50.0,10.0,0,0.0,
2022-07-22 13:09:55,"Pull",8m,"Bicep Curl (Dumbbell)",2,50.0,10.0,0,0.0,
2022-07-22 13:09:55,"Pull",8m,"Pull Up",1,0,10.0,0,0.0,
2022-07-26 12:56:17,"Push",29m,"Bench Press (Barbell)",1,115.0,10.0,0,0.0,
2022-07-26 12:56:17,"Push",29m,"Bench Press (Barbell)",2,115.0,10.0,0,0.0,
2022-07-26 12:56:17,"Push",29m,"Bench Press (Barbell)",3,115.0,10.0,0,0.0,
2022-07-26 12:56:17,"Push",29m,"Triceps Pushdown (Cable - Straight Bar)",1,40.0,10.0,0,0.0,
2022-07-26 12:56:17,"Push",29m,"Triceps Pushdown (Cable - Straight Bar)",2,42.5,10.0,0,0.0,
2022-07-26 12:56:17,"Push",29m,"Triceps Pushdown (Cable - Straight Bar)",3,42.5,10.0,0,0.0,
2022-07-26 12:56:17,"Push",29m,"Shoulder Press (Plate Loaded)",1,90.0,10.0,0,0.0,
2022-07-26 12:56:17,"Push",29m,"Shoulder Press (Plate Loaded)",2,90.0,10.0,0,0.0,
2022-07-26 12:56:17,"Push",29m,"Shoulder Press (Plate Loaded)",3,90.0,10.0,0,0.0,
2022-07-26 12:56:17,"Push",29m,"Triceps Dip",1,0,10.0,0,0.0,
2022-07-26 12:56:17,"Push",29m,"Triceps Dip",2,0,10.0,0,0.0,
2022-07-26 13:27:13,"Afternoon Workout",6m,"Sit Up",1,0,200.0,0,0.0,
2022-07-26 13:27:13,"Afternoon Workout",6m,"Flat Leg Raise",1,0,100.0,0,0.0,
2022-07-26 13:27:13,"Afternoon Workout",6m,"Plank",1,0,0.0,0,60.0,
2022-07-26 13:27:13,"Afternoon Workout",6m,"Ab Wheel",1,0,100.0,0,0.0,
2022-07-27 13:04:00,"Legs",18m,"Squat (Barbell)",1,95.0,10.0,0,0.0,
2022-07-27 13:04:00,"Legs",18m,"Squat (Barbell)",2,95.0,10.0,0,0.0,
2022-07-27 13:04:00,"Legs",18m,"Squat (Barbell)",3,95.0,10.0,0,0.0,
2022-07-27 13:04:00,"Legs",18m,"Trap Bar Deadlift",1,90.0,10.0,0,0.0,
2022-07-27 13:04:00,"Legs",18m,"Trap Bar Deadlift",2,140.0,10.0,0,0.0,
2022-07-27 13:04:00,"Legs",18m,"Trap Bar Deadlift",3,90.0,2.0,0,0.0,
2022-07-28 12:55:23,"Pull",46m,"Bicep Curl (Dumbbell)",1,45.0,10.0,0,0.0,
2022-07-28 12:55:23,"Pull",46m,"Bicep Curl (Dumbbell)",2,45.0,10.0,0,0.0,
2022-07-28 12:55:23,"Pull",46m,"Bicep Curl (Dumbbell)",3,45.0,10.0,0,0.0,
2022-07-28 12:55:23,"Pull",46m,"Pull Up",1,0,6.0,0,0.0,
2022-07-28 12:55:23,"Pull",46m,"Pull Up",2,0,4.0,0,0.0,
2022-07-28 12:55:23,"Pull",46m,"Pull Up",3,0,2.0,0,0.0,
2022-07-28 12:55:23,"Pull",46m,"Seated Row (Cable)",1,85.0,10.0,0,0.0,
2022-07-28 12:55:23,"Pull",46m,"Seated Row (Cable)",2,85.0,10.0,0,0.0,
2022-07-28 12:55:23,"Pull",46m,"Seated Row (Cable)",3,70.0,10.0,0,0.0,
2022-07-28 12:55:23,"Pull",46m,"Preacher Curl (Machine)",1,35.0,10.0,0,0.0,
2022-07-28 12:55:23,"Pull",46m,"Preacher Curl (Machine)",2,35.0,10.0,0,0.0,
2022-07-28 12:55:23,"Pull",46m,"Preacher Curl (Machine)",3,35.0,10.0,0,0.0,
2022-07-28 12:55:23,"Pull",46m,"Hammer Curl (Dumbbell)",1,40.0,10.0,0,0.0,
2022-07-28 12:55:23,"Pull",46m,"Hammer Curl (Dumbbell)",2,40.0,10.0,0,0.0,
2022-07-28 12:55:23,"Pull",46m,"Hammer Curl (Dumbbell)",3,40.0,10.0,0,0.0,
2022-07-28 12:55:23,"Pull",46m,"Bicep Curl (Barbell)",1,25.0,10.0,0,0.0,
2022-07-28 12:55:23,"Pull",46m,"Bicep Curl (Barbell)",2,25.0,10.0,0,0.0,
2022-07-28 12:55:23,"Pull",46m,"Bicep Curl (Barbell)",3,25.0,10.0,0,0.0,
2022-08-01 03:52:38,"Push",49m,"Bench Press (Barbell)",1,115.0,10.0,0,0.0,
2022-08-01 03:52:38,"Push",49m,"Bench Press (Barbell)",2,115.0,10.0,0,0.0,
2022-08-01 03:52:38,"Push",49m,"Bench Press (Barbell)",3,115.0,10.0,0,0.0,
2022-08-01 03:52:38,"Push",49m,"Triceps Pushdown (Cable - Straight Bar)",1,42.5,10.0,0,0.0,
2022-08-01 03:52:38,"Push",49m,"Triceps Pushdown (Cable - Straight Bar)",2,42.5,10.0,0,0.0,
2022-08-01 03:52:38,"Push",49m,"Triceps Pushdown (Cable - Straight Bar)",3,42.5,10.0,0,0.0,
2022-08-01 03:52:38,"Push",49m,"Seated Overhead Press (Barbell)",1,75.0,10.0,0,0.0,
2022-08-01 03:52:38,"Push",49m,"Seated Overhead Press (Barbell)",2,75.0,10.0,0,0.0,
2022-08-01 03:52:38,"Push",49m,"Seated Overhead Press (Barbell)",3,75.0,10.0,0,0.0,
2022-08-01 03:52:38,"Push",49m,"Chest Fly",1,100.0,10.0,0,0.0,
2022-08-01 03:52:38,"Push",49m,"Chest Fly",2,100.0,10.0,0,0.0,
2022-08-01 03:52:38,"Push",49m,"Chest Fly",3,115.0,10.0,0,0.0,
2022-08-01 03:52:38,"Push",49m,"Triceps Dip",1,0,10.0,0,0.0,
2022-08-01 03:52:38,"Push",49m,"Triceps Dip",2,0,10.0,0,0.0,
2022-08-01 03:52:38,"Push",49m,"Triceps Dip",3,0,10.0,0,0.0,
2022-08-09 13:15:09,"Pull",20m,"Bicep Curl (Dumbbell)",1,40.0,10.0,0,0.0,
2022-08-09 13:15:09,"Pull",20m,"Bicep Curl (Dumbbell)",2,45.0,6.0,0,0.0,
2022-08-09 13:15:09,"Pull",20m,"Bicep Curl (Dumbbell)",3,40.0,10.0,0,0.0,
2022-08-09 13:15:09,"Pull",20m,"Pull Up",1,0,6.0,0,0.0,
2022-08-09 13:15:09,"Pull",20m,"Pull Up",2,0,4.0,0,0.0,
2022-08-09 13:15:09,"Pull",20m,"Pull Up",3,0,3.0,0,0.0,
2022-08-09 13:15:09,"Pull",20m,"Hammer Curl (Dumbbell)",1,40.0,10.0,0,0.0,
2022-08-09 13:15:09,"Pull",20m,"Hammer Curl (Dumbbell)",2,40.0,10.0,0,0.0,
2022-08-09 13:15:09,"Pull",20m,"Hammer Curl (Dumbbell)",3,40.0,10.0,0,0.0,
2022-08-10 14:36:32,"Legs",39m,"Squat (Barbell)",1,95.0,10.0,0,0.0,
2022-08-10 14:36:32,"Legs",39m,"Squat (Barbell)",2,115.0,10.0,0,0.0,
2022-08-10 14:36:32,"Legs",39m,"Squat (Barbell)",3,115.0,4.0,0,0.0,
2022-08-10 14:36:32,"Legs",39m,"Trap Bar Deadlift",1,90.0,10.0,0,0.0,
2022-08-10 14:36:32,"Legs",39m,"Trap Bar Deadlift",2,140.0,10.0,0,0.0,
2022-08-10 14:36:32,"Legs",39m,"Trap Bar Deadlift",3,140.0,3.0,0,0.0,
2022-08-10 14:36:32,"Legs",39m,"Bulgarian Split Squat",1,40.0,10.0,0,0.0,
2022-08-10 14:36:32,"Legs",39m,"Bulgarian Split Squat",2,40.0,10.0,0,0.0,
2022-08-10 14:36:32,"Legs",39m,"Bulgarian Split Squat",3,40.0,10.0,0,0.0,
2022-08-10 14:36:32,"Legs",39m,"Standing Calf Raise (Machine)",1,70.0,10.0,0,0.0,
2022-08-10 14:36:32,"Legs",39m,"Standing Calf Raise (Machine)",2,70.0,10.0,0,0.0,
2022-08-10 14:36:32,"Legs",39m,"Standing Calf Raise (Machine)",3,70.0,10.0,0,0.0,
2022-08-11 13:09:34,"Push",31m,"Bench Press (Barbell)",1,115.0,10.0,0,0.0,
2022-08-11 13:09:34,"Push",31m,"Bench Press (Barbell)",2,115.0,10.0,0,0.0,
2022-08-11 13:09:34,"Push",31m,"Bench Press (Barbell)",3,115.0,10.0,0,0.0,
2022-08-11 13:09:34,"Push",31m,"Triceps Pushdown (Cable - Straight Bar)",1,42.5,10.0,0,0.0,
2022-08-11 13:09:34,"Push",31m,"Triceps Pushdown (Cable - Straight Bar)",2,42.5,10.0,0,0.0,
2022-08-11 13:09:34,"Push",31m,"Triceps Pushdown (Cable - Straight Bar)",3,42.5,10.0,0,0.0,
2022-08-11 13:09:34,"Push",31m,"Chest Fly",1,100.0,10.0,0,0.0,
2022-08-11 13:09:34,"Push",31m,"Chest Fly",2,115.0,10.0,0,0.0,
2022-08-11 13:09:34,"Push",31m,"Chest Fly",3,115.0,10.0,0,0.0,
2022-08-11 13:09:34,"Push",31m,"Shoulder Press (Plate Loaded)",1,90.0,10.0,0,0.0,
2022-08-11 13:09:34,"Push",31m,"Shoulder Press (Plate Loaded)",2,90.0,10.0,0,0.0,
2022-08-11 13:09:34,"Push",31m,"Shoulder Press (Plate Loaded)",3,90.0,10.0,0,0.0,
2022-08-11 13:09:34,"Push",31m,"Triceps Dip",1,0,10.0,0,0.0,
2022-08-11 13:09:34,"Push",31m,"Triceps Dip",2,0,10.0,0,0.0,
2022-08-11 13:09:34,"Push",31m,"Triceps Dip",3,0,10.0,0,0.0,
2022-08-17 13:59:36,"Pull",25m,"Bicep Curl (Dumbbell)",1,40.0,10.0,0,0.0,
2022-08-17 13:59:36,"Pull",25m,"Bicep Curl (Dumbbell)",2,40.0,10.0,0,0.0,
2022-08-17 13:59:36,"Pull",25m,"Bicep Curl (Dumbbell)",3,40.0,10.0,0,0.0,
2022-08-17 13:59:36,"Pull",25m,"Pull Up",1,0,10.0,0,0.0,
2022-08-17 13:59:36,"Pull",25m,"Pull Up",2,0,3.0,0,0.0,
2022-08-17 13:59:36,"Pull",25m,"Pull Up",3,0,2.0,0,0.0,
2022-08-17 13:59:36,"Pull",25m,"Seated Row (Cable)",1,85.0,10.0,0,0.0,
2022-08-17 13:59:36,"Pull",25m,"Seated Row (Cable)",2,85.0,10.0,0,0.0,
2022-08-17 13:59:36,"Pull",25m,"Seated Row (Cable)",3,85.0,10.0,0,0.0,
2022-08-17 13:59:36,"Pull",25m,"Hammer Curl (Dumbbell)",1,40.0,10.0,0,0.0,
2022-08-17 13:59:36,"Pull",25m,"Hammer Curl (Dumbbell)",2,40.0,10.0,0,0.0,
2022-08-17 13:59:36,"Pull",25m,"Hammer Curl (Dumbbell)",3,40.0,10.0,0,0.0,
2022-08-17 14:25:59,"Afternoon Workout",8m,"Sit Up",1,0,200.0,0,0.0,
2022-08-17 14:25:59,"Afternoon Workout",8m,"Plank",1,0,0.0,0,60.0,
2022-08-17 14:25:59,"Afternoon Workout",8m,"Russian Twist",1,0,100.0,0,0.0,
2022-08-17 14:25:59,"Afternoon Workout",8m,"Flat Leg Raise",1,0,100.0,0,0.0,
2022-08-17 14:25:59,"Afternoon Workout",8m,"Ab Wheel",1,0,100.0,0,0.0,
2022-08-24 13:21:20,"Push",16m,"Bench Press (Barbell)",1,115.0,10.0,0,0.0,
2022-08-24 13:21:20,"Push",16m,"Bench Press (Barbell)",2,115.0,10.0,0,0.0,
2022-08-24 13:21:20,"Push",16m,"Bench Press (Barbell)",3,115.0,10.0,0,0.0,
2022-08-24 13:21:20,"Push",16m,"Triceps Pushdown (Cable - Straight Bar)",1,40.0,10.0,0,0.0,
2022-08-25 12:40:59,"Legs",9m,"Trap Bar Deadlift",1,140.0,10.0,0,0.0,
2022-08-25 12:40:59,"Legs",9m,"Trap Bar Deadlift",2,140.0,10.0,0,0.0,
2022-08-25 12:40:59,"Legs",9m,"Trap Bar Deadlift",3,140.0,10.0,0,0.0,
2022-08-28 16:10:35,"Pull",19m,"Bicep Curl (Dumbbell)",1,40.0,13.0,0,0.0,
2022-08-28 16:10:35,"Pull",19m,"Bicep Curl (Dumbbell)",2,40.0,12.0,0,0.0,
2022-08-28 16:10:35,"Pull",19m,"Bicep Curl (Dumbbell)",3,40.0,10.0,0,0.0,
2022-08-28 16:10:35,"Pull",19m,"Bent Over Row (Dumbbell)",1,60.0,10.0,0,0.0,
2022-08-28 16:10:35,"Pull",19m,"Bent Over Row (Dumbbell)",2,60.0,10.0,0,0.0,
2022-08-28 16:10:35,"Pull",19m,"Bent Over Row (Dumbbell)",3,60.0,10.0,0,0.0,
2022-08-28 16:10:35,"Pull",19m,"Hammer Curl (Dumbbell)",1,40.0,10.0,0,0.0,
2022-08-28 16:10:35,"Pull",19m,"Hammer Curl (Dumbbell)",2,40.0,10.0,0,0.0,
2022-08-28 16:10:35,"Pull",19m,"Hammer Curl (Dumbbell)",3,40.0,10.0,0,0.0,
2022-09-01 11:29:54,"Push",54m,"Floor Press (Barbell)",1,70.0,20.0,0,0.0,
2022-09-01 11:29:54,"Push",54m,"Floor Press (Barbell)",2,70.0,10.0,0,0.0,
2022-09-01 11:29:54,"Push",54m,"Floor Press (Barbell)",3,70.0,10.0,0,0.0,
2022-09-01 11:29:54,"Push",54m,"Skullcrusher (Dumbbell)",1,40.0,10.0,0,0.0,
2022-09-01 11:29:54,"Push",54m,"Skullcrusher (Dumbbell)",2,30.0,10.0,0,0.0,
2022-09-01 11:29:54,"Push",54m,"Skullcrusher (Dumbbell)",3,30.0,10.0,0,0.0,
2022-09-05 10:16:59,"Legs",33m,"Squat (Barbell)",1,95.0,10.0,0,0.0,
2022-09-05 10:16:59,"Legs",33m,"Squat (Barbell)",2,95.0,10.0,0,0.0,
2022-09-05 10:16:59,"Legs",33m,"Squat (Barbell)",3,95.0,10.0,0,0.0,
2022-09-05 10:16:59,"Legs",33m,"Trap Bar Deadlift",1,90.0,10.0,0,0.0,
2022-09-05 10:16:59,"Legs",33m,"Trap Bar Deadlift",2,90.0,10.0,0,0.0,
2022-09-05 10:16:59,"Legs",33m,"Trap Bar Deadlift",3,90.0,10.0,0,0.0,
2022-09-05 10:16:59,"Legs",33m,"Standing Calf Raise (Machine)",1,70.0,10.0,0,0.0,
2022-09-05 10:16:59,"Legs",33m,"Standing Calf Raise (Machine)",2,70.0,10.0,0,0.0,
2022-09-05 10:16:59,"Legs",33m,"Standing Calf Raise (Machine)",3,70.0,10.0,0,0.0,
2022-09-06 13:07:59,"Pull",37m,"Bicep Curl (Dumbbell)",1,40.0,15.0,0,0.0,
2022-09-06 13:07:59,"Pull",37m,"Bicep Curl (Dumbbell)",2,40.0,10.0,0,0.0,
2022-09-06 13:07:59,"Pull",37m,"Bicep Curl (Dumbbell)",3,40.0,6.0,0,0.0,
2022-09-06 13:07:59,"Pull",37m,"Pull Up",1,0,2.0,0,0.0,
2022-09-06 13:07:59,"Pull",37m,"Pull Up",2,0,3.0,0,0.0,
2022-09-06 13:07:59,"Pull",37m,"Pull Up",3,0,2.0,0,0.0,
2022-09-06 13:07:59,"Pull",37m,"Seated Row (Cable)",1,85.0,10.0,0,0.0,
2022-09-06 13:07:59,"Pull",37m,"Seated Row (Cable)",2,85.0,10.0,0,0.0,
2022-09-06 13:07:59,"Pull",37m,"Seated Row (Cable)",3,85.0,10.0,0,0.0,
2022-09-06 13:07:59,"Pull",37m,"Preacher Curl (Machine)",1,35.0,10.0,0,0.0,
2022-09-06 13:07:59,"Pull",37m,"Preacher Curl (Machine)",2,35.0,10.0,0,0.0,
2022-09-06 13:07:59,"Pull",37m,"Preacher Curl (Machine)",3,35.0,10.0,0,0.0,
2022-09-06 13:07:59,"Pull",37m,"Hammer Curl (Dumbbell)",1,40.0,6.0,0,0.0,
2022-09-06 13:07:59,"Pull",37m,"Hammer Curl (Dumbbell)",2,35.0,10.0,0,0.0,
2022-09-06 13:07:59,"Pull",37m,"Hammer Curl (Dumbbell)",3,35.0,10.0,0,0.0,
2022-09-07 17:33:45,"Push",41m,"Bench Press (Barbell)",1,115.0,10.0,0,0.0,
2022-09-07 17:33:45,"Push",41m,"Bench Press (Barbell)",2,115.0,10.0,0,0.0,
2022-09-07 17:33:45,"Push",41m,"Bench Press (Barbell)",3,115.0,10.0,0,0.0,
2022-09-07 17:33:45,"Push",41m,"Triceps Pushdown (Cable - Straight Bar)",1,40.0,10.0,0,0.0,
2022-09-07 17:33:45,"Push",41m,"Triceps Pushdown (Cable - Straight Bar)",2,40.0,10.0,0,0.0,
2022-09-07 17:33:45,"Push",41m,"Triceps Pushdown (Cable - Straight Bar)",3,40.0,10.0,0,0.0,
2022-09-07 17:33:45,"Push",41m,"Seated Overhead Press (Barbell)",1,75.0,10.0,0,0.0,
2022-09-07 17:33:45,"Push",41m,"Seated Overhead Press (Barbell)",2,75.0,10.0,0,0.0,
2022-09-07 17:33:45,"Push",41m,"Seated Overhead Press (Barbell)",3,75.0,10.0,0,0.0,
2022-09-07 17:33:45,"Push",41m,"Chest Fly",1,100.0,10.0,0,0.0,
2022-09-07 17:33:45,"Push",41m,"Chest Fly",2,100.0,10.0,0,0.0,
2022-09-07 17:33:45,"Push",41m,"Chest Fly",3,100.0,10.0,0,0.0,
2022-09-07 17:33:45,"Push",41m,"Triceps Dip",1,0,10.0,0,0.0,
2022-09-15 06:38:06,"Pull",28m,"Bicep Curl (Dumbbell)",1,40.0,10.0,0,0.0,
2022-09-15 06:38:06,"Pull",28m,"Bicep Curl (Dumbbell)",2,40.0,10.0,0,0.0,
2022-09-15 06:38:06,"Pull",28m,"Bicep Curl (Dumbbell)",3,40.0,10.0,0,0.0,
2022-09-15 06:38:06,"Pull",28m,"Pull Up",1,0,4.0,0,0.0,
2022-09-15 06:38:06,"Pull",28m,"Pull Up",2,0,7.0,0,0.0,
2022-09-15 06:38:06,"Pull",28m,"Pull Up",3,0,5.0,0,0.0,
2022-09-15 06:38:06,"Pull",28m,"Hammer Curl (Dumbbell)",1,40.0,10.0,0,0.0,
2022-09-15 06:38:06,"Pull",28m,"Hammer Curl (Dumbbell)",2,40.0,10.0,0,0.0,
2022-09-15 06:38:06,"Pull",28m,"Hammer Curl (Dumbbell)",3,40.0,10.0,0,0.0,
2022-09-15 06:38:06,"Pull",28m,"Bent Over Row (Dumbbell)",1,60.0,10.0,0,0.0,
2022-09-15 06:38:06,"Pull",28m,"Bent Over Row (Dumbbell)",2,50.0,10.0,0,0.0,
2022-09-15 06:38:06,"Pull",28m,"Bent Over Row (Dumbbell)",3,50.0,10.0,0,0.0,
2022-09-15 06:38:06,"Pull",28m,"Preacher Curl (Barbell)",1,40.0,10.0,0,0.0,
2022-09-16 21:56:32,"Push",30m,"Bench Press (Barbell)",1,115.0,12.0,0,0.0,
2022-09-16 21:56:32,"Push",30m,"Bench Press (Barbell)",2,115.0,9.0,0,0.0,
2022-09-16 21:56:32,"Push",30m,"Bench Press (Barbell)",3,115.0,6.0,0,0.0,
2022-09-16 21:56:32,"Push",30m,"Arnold Press (Dumbbell)",1,70.0,16.0,0,0.0,
2022-09-16 21:56:32,"Push",30m,"Arnold Press (Dumbbell)",2,70.0,12.0,0,0.0,
2022-09-16 21:56:32,"Push",30m,"Arnold Press (Dumbbell)",3,70.0,10.0,0,0.0,
2022-09-16 21:56:32,"Push",30m,"Triceps Pushdown (Cable - Straight Bar)",1,42.5,10.0,0,0.0,
2022-09-16 21:56:32,"Push",30m,"Triceps Pushdown (Cable - Straight Bar)",2,42.5,10.0,0,0.0,
2022-09-16 21:56:32,"Push",30m,"Triceps Pushdown (Cable - Straight Bar)",3,42.5,10.0,0,0.0,
2022-09-16 21:56:32,"Push",30m,"Chest Fly",1,90.0,17.0,0,0.0,
2022-09-16 21:56:32,"Push",30m,"Chest Fly",2,90.0,10.0,0,0.0,
2022-09-16 22:31:42,"Evening Workout",3m,"Sit Up",1,0,100.0,0,0.0,
2022-09-16 22:31:42,"Evening Workout",3m,"Flat Leg Raise",1,0,100.0,0,0.0,
2022-09-17 10:50:18,"Legs",12m,"Seated Leg Press (Machine)",1,110.0,12.0,0,0.0,
2022-09-17 10:50:18,"Legs",12m,"Seated Leg Press (Machine)",2,110.0,10.0,0,0.0,
2022-09-17 10:50:18,"Legs",12m,"Seated Leg Press (Machine)",3,110.0,10.0,0,0.0,
2022-09-17 10:50:18,"Legs",12m,"Bulgarian Split Squat",1,40.0,10.0,0,0.0,
2022-09-17 10:50:18,"Legs",12m,"Bulgarian Split Squat",2,40.0,10.0,0,0.0,
2022-09-17 10:50:18,"Legs",12m,"Bulgarian Split Squat",3,40.0,10.0,0,0.0,
2022-09-18 09:16:50,"Pull",46m,"Bicep Curl (Dumbbell)",1,40.0,10.0,0,0.0,
2022-09-18 09:16:50,"Pull",46m,"Bicep Curl (Dumbbell)",2,40.0,10.0,0,0.0,
2022-09-18 09:16:50,"Pull",46m,"Bicep Curl (Dumbbell)",3,40.0,10.0,0,0.0,
2022-09-18 09:16:50,"Pull",46m,"Pull Up",1,0,10.0,0,0.0,
2022-09-18 09:16:50,"Pull",46m,"Pull Up",2,0,7.0,0,0.0,
2022-09-18 09:16:50,"Pull",46m,"Pull Up",3,0,5.0,0,0.0,
2022-09-18 09:16:50,"Pull",46m,"Hammer Curl (Dumbbell)",1,40.0,11.0,0,0.0,
2022-09-18 09:16:50,"Pull",46m,"Hammer Curl (Dumbbell)",2,40.0,10.0,0,0.0,
2022-09-18 09:16:50,"Pull",46m,"Hammer Curl (Dumbbell)",3,40.0,10.0,0,0.0,
2022-09-18 09:16:50,"Pull",46m,"Seated Row (Cable)",1,50.0,10.0,0,0.0,
2022-09-18 09:16:50,"Pull",46m,"Seated Row (Cable)",2,42.5,10.0,0,0.0,
2022-09-18 09:16:50,"Pull",46m,"Seated Row (Cable)",3,42.5,10.0,0,0.0,
2022-09-18 09:16:50,"Pull",46m,"Preacher Curl (Barbell)",1,20.0,10.0,0,0.0,
2022-09-18 09:16:50,"Pull",46m,"Preacher Curl (Barbell)",2,20.0,10.0,0,0.0,
2022-09-18 09:16:50,"Pull",46m,"Preacher Curl (Barbell)",3,20.0,10.0,0,0.0,
2022-09-18 10:03:11,"Morning Workout",6m,"Sit Up",1,0,100.0,0,0.0,
2022-09-18 10:03:11,"Morning Workout",6m,"Flat Leg Raise",1,0,100.0,0,0.0,
2022-09-18 10:03:11,"Morning Workout",6m,"Crunch",1,0,100.0,0,0.0,
2022-09-19 10:37:32,"Push",53m,"Tricep Press",1,90.0,10.0,0,0.0,
2022-09-19 10:37:32,"Push",53m,"Tricep Press",2,90.0,10.0,0,0.0,
2022-09-19 10:37:32,"Push",53m,"Tricep Press",3,90.0,10.0,0,0.0,
2022-09-19 10:37:32,"Push",53m,"Seated Overhead Press (Barbell)",1,75.0,10.0,0,0.0,
2022-09-19 10:37:32,"Push",53m,"Seated Overhead Press (Barbell)",2,75.0,10.0,0,0.0,
2022-09-19 10:37:32,"Push",53m,"Seated Overhead Press (Barbell)",3,75.0,10.0,0,0.0,
2022-09-19 10:37:32,"Push",53m,"Incline Bench Press (Barbell)",1,65.0,10.0,0,0.0,
2022-09-19 10:37:32,"Push",53m,"Incline Bench Press (Barbell)",2,65.0,10.0,0,0.0,
2022-09-19 10:37:32,"Push",53m,"Incline Bench Press (Barbell)",3,65.0,10.0,0,0.0,
2022-09-19 10:37:32,"Push",53m,"Triceps Pushdown (Cable - Straight Bar)",1,42.5,10.0,0,0.0,
2022-09-19 10:37:32,"Push",53m,"Triceps Pushdown (Cable - Straight Bar)",2,42.5,10.0,0,0.0,
2022-09-19 10:37:32,"Push",53m,"Triceps Pushdown (Cable - Straight Bar)",3,47.5,3.0,0,0.0,
2022-09-20 21:15:05,"Legs",18m,"Squat (Barbell)",1,95.0,10.0,0,0.0,
2022-09-20 21:15:05,"Legs",18m,"Squat (Barbell)",2,115.0,6.0,0,0.0,
2022-09-20 21:15:05,"Legs",18m,"Squat (Barbell)",3,115.0,3.0,0,0.0,
2022-09-20 21:15:05,"Legs",18m,"Seated Leg Press (Machine)",1,110.0,10.0,0,0.0,
2022-09-20 21:15:05,"Legs",18m,"Bulgarian Split Squat",1,40.0,10.0,0,0.0,
2022-09-20 21:15:05,"Legs",18m,"Bulgarian Split Squat",2,40.0,10.0,0,0.0,
2022-09-20 21:15:05,"Legs",18m,"Bulgarian Split Squat",3,40.0,10.0,0,0.0,
2022-09-21 09:01:25,"Push",1h 30m,"Bench Press (Dumbbell)",1,130.0,6.0,0,0.0,
2022-09-21 09:01:25,"Push",1h 30m,"Bench Press (Dumbbell)",2,110.0,12.0,0,0.0,
2022-09-21 09:01:25,"Push",1h 30m,"Bench Press (Dumbbell)",3,110.0,7.0,0,0.0,
2022-09-21 09:01:25,"Push",1h 30m,"Incline Bench Press (Dumbbell)",1,80.0,10.0,0,0.0,
2022-09-21 09:01:25,"Push",1h 30m,"Incline Bench Press (Dumbbell)",2,80.0,6.0,0,0.0,
2022-09-21 09:01:25,"Push",1h 30m,"Incline Bench Press (Dumbbell)",3,80.0,6.0,0,0.0,
2022-09-21 09:01:25,"Push",1h 30m,"Chest Press (Band)",1,45.0,10.0,0,0.0,
2022-09-21 09:01:25,"Push",1h 30m,"Chest Press (Band)",2,45.0,10.0,0,0.0,
2022-09-21 09:01:25,"Push",1h 30m,"Chest Press (Band)",3,45.0,10.0,0,0.0,
2022-09-21 09:01:25,"Push",1h 30m,"Shoulder Press (Machine)",1,70.0,10.0,0,0.0,
2022-09-21 09:01:25,"Push",1h 30m,"Shoulder Press (Machine)",2,70.0,8.0,0,0.0,
2022-09-21 09:01:25,"Push",1h 30m,"Shoulder Press (Machine)",3,70.0,10.0,0,0.0,
2022-09-21 09:01:25,"Push",1h 30m,"Shoulder Press (Machine)",4,70.0,10.0,0,0.0,
2022-09-21 09:01:25,"Push",1h 30m,"Lateral Raise (Dumbbell)",1,20.0,10.0,0,0.0,
2022-09-21 09:01:25,"Push",1h 30m,"Lateral Raise (Dumbbell)",2,20.0,10.0,0,0.0,
2022-09-21 09:01:25,"Push",1h 30m,"Lateral Raise (Dumbbell)",3,20.0,10.0,0,0.0,
2022-09-21 09:01:25,"Push",1h 30m,"Lateral Raise (Dumbbell)",4,20.0,10.0,0,0.0,
2022-09-21 09:01:25,"Push",1h 30m,"Triceps Pushdown (Cable - Straight Bar)",1,42.5,10.0,0,0.0,
2022-09-21 09:01:25,"Push",1h 30m,"Triceps Pushdown (Cable - Straight Bar)",2,35.0,10.0,0,0.0,
2022-09-21 09:01:25,"Push",1h 30m,"Triceps Pushdown (Cable - Straight Bar)",3,35.0,10.0,0,0.0,
2022-09-21 09:01:25,"Push",1h 30m,"Triceps Extension (Cable)",1,25.0,10.0,0,0.0,
2022-09-21 09:01:25,"Push",1h 30m,"Triceps Extension (Cable)",2,25.0,10.0,0,0.0,
2022-09-21 09:01:25,"Push",1h 30m,"Triceps Extension (Cable)",3,25.0,10.0,0,0.0,
2022-09-21 09:01:25,"Push",1h 30m,"Triceps Extension (Cable)",4,25.0,10.0,0,0.0,
2022-09-23 10:34:56,"Pull",43m,"Bicep Curl (Dumbbell)",1,40.0,10.0,0,0.0,
2022-09-23 10:34:56,"Pull",43m,"Bicep Curl (Dumbbell)",2,40.0,10.0,0,0.0,
2022-09-23 10:34:56,"Pull",43m,"Bicep Curl (Dumbbell)",3,40.0,10.0,0,0.0,
2022-09-23 10:34:56,"Pull",43m,"Hammer Curl (Dumbbell)",1,35.0,10.0,0,0.0,
2022-09-23 10:34:56,"Pull",43m,"Hammer Curl (Dumbbell)",2,35.0,10.0,0,0.0,
2022-09-23 10:34:56,"Pull",43m,"Hammer Curl (Dumbbell)",3,35.0,10.0,0,0.0,
2022-09-23 10:34:56,"Pull",43m,"Preacher Curl (Machine)",1,35.0,10.0,0,0.0,
2022-09-23 10:34:56,"Pull",43m,"Preacher Curl (Machine)",2,45.0,10.0,0,0.0,
2022-09-23 10:34:56,"Pull",43m,"Preacher Curl (Machine)",3,45.0,10.0,0,0.0,
2022-09-23 10:34:56,"Pull",43m,"Pull Up",1,0,10.0,0,0.0,
2022-09-23 10:34:56,"Pull",43m,"Pull Up",2,0,3.0,0,0.0,
2022-09-23 10:34:56,"Pull",43m,"Pull Up",3,0,5.0,0,0.0,
2022-09-23 10:34:56,"Pull",43m,"Bent Over Row (Dumbbell)",1,40.0,10.0,0,0.0,
2022-09-23 10:34:56,"Pull",43m,"Bent Over Row (Dumbbell)",2,40.0,10.0,0,0.0,
2022-09-23 10:34:56,"Pull",43m,"Bent Over Row (Dumbbell)",3,40.0,10.0,0,0.0,
2022-09-25 14:05:29,"Push",28h 40m,"Bench Press (Dumbbell)",1,110.0,10.0,0,0.0,
2022-09-25 14:05:29,"Push",28h 40m,"Bench Press (Dumbbell)",2,110.0,10.0,0,0.0,
2022-09-25 14:05:29,"Push",28h 40m,"Bench Press (Dumbbell)",3,110.0,10.0,0,0.0,
2022-09-25 14:05:29,"Push",28h 40m,"Incline Bench Press (Dumbbell)",1,80.0,10.0,0,0.0,
2022-09-25 14:05:29,"Push",28h 40m,"Incline Bench Press (Dumbbell)",2,80.0,10.0,0,0.0,
2022-09-25 14:05:29,"Push",28h 40m,"Incline Bench Press (Dumbbell)",3,80.0,10.0,0,0.0,
2022-09-25 14:05:29,"Push",28h 40m,"Chest Press (Band)",1,45.0,10.0,0,0.0,
2022-09-25 14:05:29,"Push",28h 40m,"Chest Press (Band)",2,45.0,10.0,0,0.0,
2022-09-25 14:05:29,"Push",28h 40m,"Chest Press (Band)",3,45.0,10.0,0,0.0,
2022-09-25 14:05:29,"Push",28h 40m,"Shoulder Press (Machine)",1,70.0,10.0,0,0.0,
2022-09-25 14:05:29,"Push",28h 40m,"Shoulder Press (Machine)",2,70.0,10.0,0,0.0,
2022-09-25 14:05:29,"Push",28h 40m,"Shoulder Press (Machine)",3,70.0,10.0,0,0.0,
2022-09-25 14:05:29,"Push",28h 40m,"Shoulder Press (Machine)",4,70.0,10.0,0,0.0,
2022-09-25 14:05:29,"Push",28h 40m,"Lateral Raise (Dumbbell)",1,20.0,10.0,0,0.0,
2022-09-27 13:59:24,"Legs",49m,"Squat (Barbell)",1,95.0,12.0,0,0.0,
2022-09-27 13:59:24,"Legs",49m,"Squat (Barbell)",2,95.0,10.0,0,0.0,
2022-09-27 13:59:24,"Legs",49m,"Squat (Barbell)",3,115.0,6.0,0,0.0,
2022-09-27 13:59:24,"Legs",49m,"Seated Leg Press (Machine)",1,130.0,10.0,0,0.0,
2022-09-27 13:59:24,"Legs",49m,"Seated Leg Press (Machine)",2,130.0,10.0,0,0.0,
2022-09-27 13:59:24,"Legs",49m,"Seated Leg Press (Machine)",3,130.0,6.0,0,0.0,
2022-09-27 13:59:24,"Legs",49m,"Seated Calf Raise (Plate Loaded)",1,50.0,10.0,0,0.0,
2022-09-27 13:59:24,"Legs",49m,"Seated Calf Raise (Plate Loaded)",2,50.0,10.0,0,0.0,
2022-09-27 13:59:24,"Legs",49m,"Seated Calf Raise (Plate Loaded)",3,50.0,10.0,0,0.0,
2022-09-27 13:59:24,"Legs",49m,"Bulgarian Split Squat",1,40.0,10.0,0,0.0,
2022-09-27 13:59:24,"Legs",49m,"Bulgarian Split Squat",2,40.0,10.0,0,0.0,
2022-09-27 13:59:24,"Legs",49m,"Bulgarian Split Squat",3,40.0,10.0,0,0.0,
2022-09-28 08:47:56,"Pull",43m,"Bicep Curl (Dumbbell)",1,40.0,10.0,0,0.0,
2022-09-28 08:47:56,"Pull",43m,"Bicep Curl (Dumbbell)",2,40.0,9.0,0,0.0,
2022-09-28 08:47:56,"Pull",43m,"Bicep Curl (Dumbbell)",3,40.0,8.0,0,0.0,
2022-09-28 08:47:56,"Pull",43m,"Hammer Curl (Dumbbell)",1,35.0,10.0,0,0.0,
2022-09-28 08:47:56,"Pull",43m,"Hammer Curl (Dumbbell)",2,35.0,10.0,0,0.0,
2022-09-28 08:47:56,"Pull",43m,"Hammer Curl (Dumbbell)",3,35.0,10.0,0,0.0,
2022-09-28 08:47:56,"Pull",43m,"Preacher Curl (Barbell)",1,10.0,12.0,0,0.0,
2022-09-28 08:47:56,"Pull",43m,"Preacher Curl (Barbell)",2,10.0,10.0,0,0.0,
2022-09-28 08:47:56,"Pull",43m,"Preacher Curl (Barbell)",3,10.0,6.0,0,0.0,
2022-09-28 08:47:56,"Pull",43m,"Pull Up",1,0,7.0,0,0.0,
2022-09-28 08:47:56,"Pull",43m,"Pull Up",2,0,4.0,0,0.0,
2022-09-28 08:47:56,"Pull",43m,"Pull Up",3,0,3.0,0,0.0,
2022-09-28 08:47:56,"Pull",43m,"Seated Row (Cable)",1,42.5,10.0,0,0.0,
2022-09-28 08:47:56,"Pull",43m,"Seated Row (Cable)",2,42.5,10.0,0,0.0,
2022-09-28 08:47:56,"Pull",43m,"Seated Row (Cable)",3,42.5,10.0,0,0.0,
2022-09-29 12:52:34,"Push",1h 6m,"Bench Press (Dumbbell)",1,110.0,10.0,0,0.0,
2022-09-29 12:52:34,"Push",1h 6m,"Bench Press (Dumbbell)",2,110.0,8.0,0,0.0,
2022-09-29 12:52:34,"Push",1h 6m,"Bench Press (Dumbbell)",3,110.0,5.0,0,0.0,
2022-09-29 12:52:34,"Push",1h 6m,"Incline Bench Press (Dumbbell)",1,80.0,12.0,0,0.0,
2022-09-29 12:52:34,"Push",1h 6m,"Incline Bench Press (Dumbbell)",2,80.0,8.0,0,0.0,
2022-09-29 12:52:34,"Push",1h 6m,"Incline Bench Press (Dumbbell)",3,80.0,6.0,0,0.0,
2022-09-29 12:52:34,"Push",1h 6m,"Chest Fly (Band)",1,45.0,10.0,0,0.0,
2022-09-29 12:52:34,"Push",1h 6m,"Chest Fly (Band)",2,45.0,20.0,0,0.0,
2022-09-29 12:52:34,"Push",1h 6m,"Chest Fly (Band)",3,55.0,10.0,0,0.0,
2022-09-29 12:52:34,"Push",1h 6m,"Shoulder Press (Machine)",1,70.0,10.0,0,0.0,
2022-09-29 12:52:34,"Push",1h 6m,"Shoulder Press (Machine)",2,70.0,9.0,0,0.0,
2022-09-29 12:52:34,"Push",1h 6m,"Shoulder Press (Machine)",3,70.0,9.0,0,0.0,
2022-09-29 12:52:34,"Push",1h 6m,"Shoulder Press (Machine)",4,70.0,5.0,0,0.0,
2022-09-29 12:52:34,"Push",1h 6m,"Lateral Raise (Dumbbell)",1,20.0,10.0,0,0.0,
2022-09-29 12:52:34,"Push",1h 6m,"Lateral Raise (Dumbbell)",2,20.0,10.0,0,0.0,
2022-09-29 12:52:34,"Push",1h 6m,"Lateral Raise (Dumbbell)",3,20.0,10.0,0,0.0,
2022-09-29 12:52:34,"Push",1h 6m,"Lateral Raise (Dumbbell)",4,20.0,15.0,0,0.0,
2022-09-29 12:52:34,"Push",1h 6m,"Triceps Pushdown (Cable - Straight Bar)",1,35.0,13.0,0,0.0,
2022-09-29 12:52:34,"Push",1h 6m,"Triceps Pushdown (Cable - Straight Bar)",2,35.0,8.0,0,0.0,
2022-09-29 12:52:34,"Push",1h 6m,"Triceps Pushdown (Cable - Straight Bar)",3,35.0,7.0,0,0.0,
2022-09-29 12:52:34,"Push",1h 6m,"Triceps Pushdown (Cable - Straight Bar)",4,35.0,4.0,0,0.0,
2022-09-29 12:52:34,"Push",1h 6m,"Triceps Extension (Cable)",1,25.0,7.0,0,0.0,
2022-09-29 12:52:34,"Push",1h 6m,"Triceps Extension (Cable)",2,20.0,10.0,0,0.0,
2022-09-29 12:52:34,"Push",1h 6m,"Triceps Extension (Cable)",3,20.0,11.0,0,0.0,
2022-09-29 12:52:34,"Push",1h 6m,"Triceps Extension (Cable)",4,20.0,10.0,0,0.0,
2022-09-30 10:36:58,"Legs",48m,"Squat (Barbell)",1,115.0,7.0,0,0.0,
2022-09-30 10:36:58,"Legs",48m,"Squat (Barbell)",2,115.0,4.0,0,0.0,
2022-09-30 10:36:58,"Legs",48m,"Squat (Barbell)",3,95.0,10.0,0,0.0,
2022-09-30 10:36:58,"Legs",48m,"Bulgarian Split Squat",1,40.0,10.0,0,0.0,
2022-09-30 10:36:58,"Legs",48m,"Bulgarian Split Squat",2,40.0,10.0,0,0.0,
2022-09-30 10:36:58,"Legs",48m,"Bulgarian Split Squat",3,40.0,10.0,0,0.0,
2022-09-30 10:36:58,"Legs",48m,"Seated Leg Press (Machine)",1,130.0,13.0,0,0.0,
2022-09-30 10:36:58,"Legs",48m,"Seated Leg Press (Machine)",2,130.0,9.0,0,0.0,
2022-09-30 10:36:58,"Legs",48m,"Seated Leg Press (Machine)",3,130.0,10.0,0,0.0,
2022-09-30 10:36:58,"Legs",48m,"Seated Calf Raise (Plate Loaded)",1,50.0,10.0,0,0.0,
2022-09-30 10:36:58,"Legs",48m,"Seated Calf Raise (Plate Loaded)",2,50.0,10.0,0,0.0,
2022-09-30 10:36:58,"Legs",48m,"Seated Calf Raise (Plate Loaded)",3,50.0,10.0,0,0.0,
2022-10-01 20:37:46,"Pull",31m,"Bicep Curl (Dumbbell)",1,35.0,10.0,0,0.0,
2022-10-01 20:37:46,"Pull",31m,"Bicep Curl (Dumbbell)",2,35.0,10.0,0,0.0,
2022-10-01 20:37:46,"Pull",31m,"Bicep Curl (Dumbbell)",3,35.0,10.0,0,0.0,
2022-10-01 20:37:46,"Pull",31m,"Hammer Curl (Dumbbell)",1,40.0,10.0,0,0.0,
2022-10-01 20:37:46,"Pull",31m,"Hammer Curl (Dumbbell)",2,40.0,10.0,0,0.0,
2022-10-01 20:37:46,"Pull",31m,"Hammer Curl (Dumbbell)",3,40.0,10.0,0,0.0,
2022-10-01 20:37:46,"Pull",31m,"Preacher Curl (Machine)",1,45.0,10.0,0,0.0,
2022-10-01 20:37:46,"Pull",31m,"Preacher Curl (Machine)",2,45.0,10.0,0,0.0,
2022-10-01 20:37:46,"Pull",31m,"Preacher Curl (Machine)",3,45.0,10.0,0,0.0,
2022-10-01 20:37:46,"Pull",31m,"Pull Up",1,0,5.0,0,0.0,
2022-10-01 20:37:46,"Pull",31m,"Pull Up",2,0,6.0,0,0.0,
2022-10-01 20:37:46,"Pull",31m,"Pull Up",3,0,4.0,0,0.0,
2022-10-01 20:37:46,"Pull",31m,"Seated Row (Cable)",1,42.5,10.0,0,0.0,
2022-10-01 20:37:46,"Pull",31m,"Seated Row (Cable)",2,42.5,10.0,0,0.0,
2022-10-01 20:37:46,"Pull",31m,"Seated Row (Cable)",3,42.5,10.0,0,0.0,
2022-10-02 10:22:14,"Push",1h 7m,"Bench Press (Dumbbell)",1,110.0,10.0,0,0.0,
2022-10-02 10:22:14,"Push",1h 7m,"Bench Press (Dumbbell)",2,110.0,8.0,0,0.0,
2022-10-02 10:22:14,"Push",1h 7m,"Bench Press (Dumbbell)",3,100.0,10.0,0,0.0,
2022-10-02 10:22:14,"Push",1h 7m,"Incline Bench Press (Dumbbell)",1,70.0,10.0,0,0.0,
2022-10-02 10:22:14,"Push",1h 7m,"Incline Bench Press (Dumbbell)",2,70.0,10.0,0,0.0,
2022-10-02 10:22:14,"Push",1h 7m,"Incline Bench Press (Dumbbell)",3,70.0,10.0,0,0.0,
2022-10-02 10:22:14,"Push",1h 7m,"Chest Fly (Band)",1,55.0,13.0,0,0.0,
2022-10-02 10:22:14,"Push",1h 7m,"Chest Fly (Band)",2,55.0,10.0,0,0.0,
2022-10-02 10:22:14,"Push",1h 7m,"Chest Fly (Band)",3,55.0,11.0,0,0.0,
2022-10-02 10:22:14,"Push",1h 7m,"Shoulder Press (Machine)",1,70.0,10.0,0,0.0,
2022-10-02 10:22:14,"Push",1h 7m,"Shoulder Press (Machine)",2,70.0,10.0,0,0.0,
2022-10-02 10:22:14,"Push",1h 7m,"Shoulder Press (Machine)",3,70.0,8.0,0,0.0,
2022-10-02 10:22:14,"Push",1h 7m,"Shoulder Press (Machine)",4,70.0,6.0,0,0.0,
2022-10-02 10:22:14,"Push",1h 7m,"Lateral Raise (Dumbbell)",1,20.0,17.0,0,0.0,
2022-10-02 10:22:14,"Push",1h 7m,"Lateral Raise (Dumbbell)",2,20.0,10.0,0,0.0,
2022-10-02 10:22:14,"Push",1h 7m,"Lateral Raise (Dumbbell)",3,20.0,10.0,0,0.0,
2022-10-02 10:22:14,"Push",1h 7m,"Lateral Raise (Dumbbell)",4,20.0,10.0,0,0.0,
2022-10-02 10:22:14,"Push",1h 7m,"Triceps Pushdown (Cable - Straight Bar)",1,30.0,15.0,0,0.0,
2022-10-02 10:22:14,"Push",1h 7m,"Triceps Pushdown (Cable - Straight Bar)",2,30.0,11.0,0,0.0,
2022-10-02 10:22:14,"Push",1h 7m,"Triceps Pushdown (Cable - Straight Bar)",3,30.0,7.0,0,0.0,
2022-10-02 10:22:14,"Push",1h 7m,"Triceps Pushdown (Cable - Straight Bar)",4,30.0,7.0,0,0.0,
2022-10-02 10:22:14,"Push",1h 7m,"Triceps Extension (Cable)",1,20.0,10.0,0,0.0,
2022-10-02 10:22:14,"Push",1h 7m,"Triceps Extension (Cable)",2,20.0,10.0,0,0.0,
2022-10-02 10:22:14,"Push",1h 7m,"Triceps Extension (Cable)",3,20.0,10.0,0,0.0,
2022-10-02 10:22:14,"Push",1h 7m,"Triceps Extension (Cable)",4,20.0,10.0,0,0.0,
2022-10-03 09:11:36,"Legs",40m,"Squat (Barbell)",1,95.0,10.0,0,0.0,
2022-10-03 09:11:36,"Legs",40m,"Squat (Barbell)",2,95.0,11.0,0,0.0,
2022-10-03 09:11:36,"Legs",40m,"Squat (Barbell)",3,95.0,10.0,0,0.0,
2022-10-03 09:11:36,"Legs",40m,"Bulgarian Split Squat",1,40.0,10.0,0,0.0,
2022-10-03 09:11:36,"Legs",40m,"Bulgarian Split Squat",2,40.0,10.0,0,0.0,
2022-10-03 09:11:36,"Legs",40m,"Bulgarian Split Squat",3,40.0,10.0,0,0.0,
2022-10-03 09:11:36,"Legs",40m,"Seated Leg Press (Machine)",1,130.0,11.0,0,0.0,
2022-10-03 09:11:36,"Legs",40m,"Seated Leg Press (Machine)",2,130.0,10.0,0,0.0,
2022-10-03 09:11:36,"Legs",40m,"Seated Leg Press (Machine)",3,130.0,10.0,0,0.0,
2022-10-03 09:11:36,"Legs",40m,"Seated Calf Raise (Plate Loaded)",1,50.0,10.0,0,0.0,
2022-10-03 09:11:36,"Legs",40m,"Seated Calf Raise (Plate Loaded)",2,50.0,10.0,0,0.0,
2022-10-03 09:11:36,"Legs",40m,"Seated Calf Raise (Plate Loaded)",3,50.0,10.0,0,0.0,
2022-10-03 09:11:36,"Legs",40m,"Seated Calf Raise (Plate Loaded)",4,50.0,10.0,0,0.0,
2022-10-03 09:11:36,"Legs",40m,"Bicep Curl (Dumbbell)",1,40.0,10.0,0,0.0,
2022-10-03 09:57:40,"Core",7m,"Sit Up",1,0,100.0,0,0.0,
2022-10-03 09:57:40,"Core",7m,"Flat Leg Raise",1,0,100.0,0,0.0,
2022-10-03 09:57:40,"Core",7m,"Crunch",1,0,100.0,0,0.0,
2022-10-03 09:57:40,"Core",7m,"Russian Twist",1,0,100.0,0,0.0,
2022-10-04 11:44:29,"Pull",42m,"Bicep Curl (Dumbbell)",1,35.0,14.0,0,0.0,
2022-10-04 11:44:29,"Pull",42m,"Bicep Curl (Dumbbell)",2,35.0,13.0,0,0.0,
2022-10-04 11:44:29,"Pull",42m,"Bicep Curl (Dumbbell)",3,35.0,10.0,0,0.0,
2022-10-04 11:44:29,"Pull",42m,"Hammer Curl (Dumbbell)",1,35.0,10.0,0,0.0,
2022-10-04 11:44:29,"Pull",42m,"Hammer Curl (Dumbbell)",2,35.0,10.0,0,0.0,
2022-10-04 11:44:29,"Pull",42m,"Hammer Curl (Dumbbell)",3,35.0,10.0,0,0.0,
2022-10-04 11:44:29,"Pull",42m,"Preacher Curl (Dumbbell)",1,30.0,20.0,0,0.0,
2022-10-04 11:44:29,"Pull",42m,"Preacher Curl (Dumbbell)",2,35.0,10.0,0,0.0,
2022-10-04 11:44:29,"Pull",42m,"Preacher Curl (Dumbbell)",3,35.0,10.0,0,0.0,
2022-10-04 11:44:29,"Pull",42m,"Pull Up",1,0,10.0,0,0.0,
2022-10-04 11:44:29,"Pull",42m,"Pull Up",2,0,7.0,0,0.0,
2022-10-04 11:44:29,"Pull",42m,"Pull Up",3,0,6.0,0,0.0,
2022-10-04 11:44:29,"Pull",42m,"Seated Row (Cable)",1,42.5,10.0,0,0.0,
2022-10-04 11:44:29,"Pull",42m,"Seated Row (Cable)",2,42.5,10.0,0,0.0,
2022-10-04 11:44:29,"Pull",42m,"Seated Row (Cable)",3,42.5,10.0,0,0.0,
2022-10-05 10:06:15,"Push",1h 8m,"Bench Press (Dumbbell)",1,100.0,14.0,0,0.0,
2022-10-05 10:06:15,"Push",1h 8m,"Bench Press (Dumbbell)",2,100.0,10.0,0,0.0,
2022-10-05 10:06:15,"Push",1h 8m,"Bench Press (Dumbbell)",3,100.0,10.0,0,0.0,
2022-10-05 10:06:15,"Push",1h 8m,"Incline Bench Press (Dumbbell)",1,70.0,10.0,0,0.0,
2022-10-05 10:06:15,"Push",1h 8m,"Incline Bench Press (Dumbbell)",2,70.0,10.0,0,0.0,
2022-10-05 10:06:15,"Push",1h 8m,"Incline Bench Press (Dumbbell)",3,70.0,10.0,0,0.0,
2022-10-05 10:06:15,"Push",1h 8m,"Chest Fly (Band)",1,55.0,20.0,0,0.0,
2022-10-05 10:06:15,"Push",1h 8m,"Chest Fly (Band)",2,65.0,10.0,0,0.0,
2022-10-05 10:06:15,"Push",1h 8m,"Chest Fly (Band)",3,65.0,9.0,0,0.0,
2022-10-05 10:06:15,"Push",1h 8m,"Shoulder Press (Machine)",1,70.0,20.0,0,0.0,
2022-10-05 10:06:15,"Push",1h 8m,"Shoulder Press (Machine)",2,75.0,10.0,0,0.0,
2022-10-05 10:06:15,"Push",1h 8m,"Shoulder Press (Machine)",3,75.0,10.0,0,0.0,
2022-10-05 10:06:15,"Push",1h 8m,"Shoulder Press (Machine)",4,75.0,10.0,0,0.0,
2022-10-05 10:06:15,"Push",1h 8m,"Lateral Raise (Dumbbell)",1,20.0,20.0,0,0.0,
2022-10-05 10:06:15,"Push",1h 8m,"Lateral Raise (Dumbbell)",2,30.0,10.0,0,0.0,
2022-10-05 10:06:15,"Push",1h 8m,"Lateral Raise (Dumbbell)",3,30.0,10.0,0,0.0,
2022-10-05 10:06:15,"Push",1h 8m,"Lateral Raise (Dumbbell)",4,30.0,10.0,0,0.0,
2022-10-05 10:06:15,"Push",1h 8m,"Triceps Pushdown (Cable - Straight Bar)",1,30.0,10.0,0,0.0,
2022-10-05 10:06:15,"Push",1h 8m,"Triceps Pushdown (Cable - Straight Bar)",2,35.0,6.0,0,0.0,
2022-10-05 10:06:15,"Push",1h 8m,"Triceps Pushdown (Cable - Straight Bar)",3,35.0,9.0,0,0.0,
2022-10-05 10:06:15,"Push",1h 8m,"Triceps Pushdown (Cable - Straight Bar)",4,35.0,8.0,0,0.0,
2022-10-05 10:06:15,"Push",1h 8m,"Triceps Extension (Cable)",1,20.0,10.0,0,0.0,
2022-10-05 10:06:15,"Push",1h 8m,"Triceps Extension (Cable)",2,20.0,10.0,0,0.0,
2022-10-05 10:06:15,"Push",1h 8m,"Triceps Extension (Cable)",3,20.0,10.0,0,0.0,
2022-10-05 10:06:15,"Push",1h 8m,"Triceps Extension (Cable)",4,20.0,10.0,0,0.0,
2022-10-06 12:07:33,"Legs",48m,"Squat (Barbell)",1,115.0,8.0,0,0.0,
2022-10-06 12:07:33,"Legs",48m,"Squat (Barbell)",2,115.0,5.0,0,0.0,
2022-10-06 12:07:33,"Legs",48m,"Squat (Barbell)",3,115.0,6.0,0,0.0,
2022-10-06 12:07:33,"Legs",48m,"Bulgarian Split Squat",1,40.0,10.0,0,0.0,
2022-10-06 12:07:33,"Legs",48m,"Bulgarian Split Squat",2,50.0,7.0,0,0.0,
2022-10-06 12:07:33,"Legs",48m,"Bulgarian Split Squat",3,50.0,5.0,0,0.0,
2022-10-06 12:07:33,"Legs",48m,"Seated Leg Press (Machine)",1,130.0,10.0,0,0.0,
2022-10-06 12:07:33,"Legs",48m,"Seated Leg Press (Machine)",2,135.0,10.0,0,0.0,
2022-10-06 12:07:33,"Legs",48m,"Seated Leg Press (Machine)",3,140.0,6.0,0,0.0,
2022-10-06 12:07:33,"Legs",48m,"Seated Calf Raise (Plate Loaded)",1,50.0,10.0,0,0.0,
2022-10-06 12:07:33,"Legs",48m,"Seated Calf Raise (Plate Loaded)",2,50.0,10.0,0,0.0,
2022-10-07 08:51:52,"Pull",58m,"Bicep Curl (Dumbbell)",1,40.0,8.0,0,0.0,
2022-10-07 08:51:52,"Pull",58m,"Bicep Curl (Dumbbell)",2,40.0,6.0,0,0.0,
2022-10-07 08:51:52,"Pull",58m,"Bicep Curl (Dumbbell)",3,40.0,8.0,0,0.0,
2022-10-07 08:51:52,"Pull",58m,"Hammer Curl (Dumbbell)",1,40.0,8.0,0,0.0,
2022-10-07 08:51:52,"Pull",58m,"Hammer Curl (Dumbbell)",2,40.0,8.0,0,0.0,
2022-10-07 08:51:52,"Pull",58m,"Hammer Curl (Dumbbell)",3,40.0,6.0,0,0.0,
2022-10-07 08:51:52,"Pull",58m,"Preacher Curl (Machine)",1,55.0,10.0,0,0.0,
2022-10-07 08:51:52,"Pull",58m,"Preacher Curl (Machine)",2,55.0,6.0,0,0.0,
2022-10-07 08:51:52,"Pull",58m,"Preacher Curl (Machine)",3,55.0,7.0,0,0.0,
2022-10-07 08:51:52,"Pull",58m,"Seated Row (Cable)",1,47.5,9.0,0,0.0,
2022-10-07 08:51:52,"Pull",58m,"Seated Row (Cable)",2,47.5,7.0,0,0.0,
2022-10-07 08:51:52,"Pull",58m,"Seated Row (Cable)",3,47.5,6.0,0,0.0,
2022-10-07 08:51:52,"Pull",58m,"Pull Up",1,0,5.0,0,0.0,
2022-10-07 08:51:52,"Pull",58m,"Pull Up",2,0,2.0,0,0.0,
2022-10-07 08:51:52,"Pull",58m,"Pull Up",3,0,3.0,0,0.0,
2022-10-09 18:01:22,"Push",1h 58m,"Bench Press (Dumbbell)",1,110.0,10.0,0,0.0,
2022-10-09 18:01:22,"Push",1h 58m,"Bench Press (Dumbbell)",2,110.0,7.0,0,0.0,
2022-10-09 18:01:22,"Push",1h 58m,"Bench Press (Dumbbell)",3,110.0,9.0,0,0.0,
2022-10-09 18:01:22,"Push",1h 58m,"Incline Bench Press (Dumbbell)",1,80.0,7.0,0,0.0,
2022-10-09 18:01:22,"Push",1h 58m,"Incline Bench Press (Dumbbell)",2,70.0,7.0,0,0.0,
2022-10-09 18:01:22,"Push",1h 58m,"Incline Bench Press (Dumbbell)",3,70.0,7.0,0,0.0,
2022-10-09 18:01:22,"Push",1h 58m,"Chest Fly (Band)",1,65.0,10.0,0,0.0,
2022-10-09 18:01:22,"Push",1h 58m,"Chest Fly (Band)",2,65.0,10.0,0,0.0,
2022-10-09 18:01:22,"Push",1h 58m,"Chest Fly (Band)",3,65.0,10.0,0,0.0,
2022-10-09 18:01:22,"Push",1h 58m,"Shoulder Press (Machine)",1,75.0,11.0,0,0.0,
2022-10-09 18:01:22,"Push",1h 58m,"Shoulder Press (Machine)",2,80.0,9.0,0,0.0,
2022-10-09 18:01:22,"Push",1h 58m,"Shoulder Press (Machine)",3,80.0,6.0,0,0.0,
2022-10-09 18:01:22,"Push",1h 58m,"Shoulder Press (Machine)",4,88.0,5.0,0,0.0,
2022-10-09 18:01:22,"Push",1h 58m,"Lateral Raise (Dumbbell)",1,30.0,10.0,0,0.0,
2022-10-09 18:01:22,"Push",1h 58m,"Lateral Raise (Dumbbell)",2,25.0,10.0,0,0.0,
2022-10-09 18:01:22,"Push",1h 58m,"Lateral Raise (Dumbbell)",3,25.0,10.0,0,0.0,
2022-10-09 18:01:22,"Push",1h 58m,"Lateral Raise (Dumbbell)",4,25.0,10.0,0,0.0,
2022-10-09 18:01:22,"Push",1h 58m,"Triceps Pushdown (Cable - Straight Bar)",1,35.0,10.0,0,0.0,
2022-10-09 18:01:22,"Push",1h 58m,"Triceps Pushdown (Cable - Straight Bar)",2,35.0,10.0,0,0.0,
2022-10-10 10:08:48,"Legs",45m,"Squat (Barbell)",1,115.0,7.0,0,0.0,
2022-10-10 10:08:48,"Legs",45m,"Squat (Barbell)",2,115.0,7.0,0,0.0,
2022-10-10 10:08:48,"Legs",45m,"Squat (Barbell)",3,115.0,6.0,0,0.0,
2022-10-10 10:08:48,"Legs",45m,"Bulgarian Split Squat",1,45.0,10.0,0,0.0,
2022-10-10 10:08:48,"Legs",45m,"Bulgarian Split Squat",2,45.0,10.0,0,0.0,
2022-10-10 10:08:48,"Legs",45m,"Bulgarian Split Squat",3,45.0,10.0,0,0.0,
2022-10-10 10:08:48,"Legs",45m,"Seated Leg Press (Machine)",1,140.0,10.0,0,0.0,
2022-10-10 10:08:48,"Legs",45m,"Seated Leg Press (Machine)",2,140.0,10.0,0,0.0,
2022-10-10 10:08:48,"Legs",45m,"Seated Leg Press (Machine)",3,140.0,10.0,0,0.0,
2022-10-10 10:08:48,"Legs",45m,"Seated Calf Raise (Plate Loaded)",1,50.0,10.0,0,0.0,
2022-10-10 10:08:48,"Legs",45m,"Seated Calf Raise (Plate Loaded)",2,50.0,10.0,0,0.0,
2022-10-10 10:08:48,"Legs",45m,"Seated Calf Raise (Plate Loaded)",3,50.0,10.0,0,0.0,
2022-10-10 10:08:48,"Legs",45m,"Seated Calf Raise (Plate Loaded)",4,50.0,10.0,0,0.0,
2022-10-11 11:18:16,"Pull",49m,"Bicep Curl (Dumbbell)",1,45.0,6.0,0,0.0,
2022-10-11 11:18:16,"Pull",49m,"Bicep Curl (Dumbbell)",2,40.0,9.0,0,0.0,
2022-10-11 11:18:16,"Pull",49m,"Bicep Curl (Dumbbell)",3,40.0,8.0,0,0.0,
2022-10-11 11:18:16,"Pull",49m,"Hammer Curl (Dumbbell)",1,45.0,9.0,0,0.0,
2022-10-11 11:18:16,"Pull",49m,"Hammer Curl (Dumbbell)",2,35.0,12.0,0,0.0,
2022-10-11 11:18:16,"Pull",49m,"Hammer Curl (Dumbbell)",3,35.0,14.0,0,0.0,
2022-10-11 11:18:16,"Pull",49m,"Preacher Curl (Machine)",1,55.0,10.0,0,0.0,
2022-10-11 11:18:16,"Pull",49m,"Preacher Curl (Machine)",2,55.0,10.0,0,0.0,
2022-10-11 11:18:16,"Pull",49m,"Preacher Curl (Machine)",3,55.0,9.0,0,0.0,
2022-10-11 11:18:16,"Pull",49m,"Pull Up",1,0,7.0,0,0.0,
2022-10-11 11:18:16,"Pull",49m,"Pull Up",2,0,4.0,0,0.0,
2022-10-11 11:18:16,"Pull",49m,"Pull Up",3,0,4.0,0,0.0,
2022-10-11 11:18:16,"Pull",49m,"Seated Row (Cable)",1,47.5,9.0,0,0.0,
2022-10-11 11:18:16,"Pull",49m,"Seated Row (Cable)",2,47.5,6.0,0,0.0,
2022-10-11 11:18:16,"Pull",49m,"Seated Row (Cable)",3,47.5,5.0,0,0.0,
2022-10-12 10:09:17,"Push",59m,"Bench Press (Barbell)",1,145.0,4.0,0,0.0,
2022-10-12 10:09:17,"Push",59m,"Bench Press (Barbell)",2,140.0,6.0,0,0.0,
2022-10-12 10:09:17,"Push",59m,"Bench Press (Barbell)",3,140.0,4.0,0,0.0,
2022-10-12 10:09:17,"Push",59m,"Incline Bench Press (Dumbbell)",1,70.0,10.0,0,0.0,
2022-10-12 10:09:17,"Push",59m,"Incline Bench Press (Dumbbell)",2,70.0,10.0,0,0.0,
2022-10-12 10:09:17,"Push",59m,"Incline Bench Press (Dumbbell)",3,70.0,6.0,0,0.0,
2022-10-12 10:09:17,"Push",59m,"Shoulder Press (Machine)",1,80.0,8.0,0,0.0,
2022-10-12 10:09:17,"Push",59m,"Shoulder Press (Machine)",2,80.0,10.0,0,0.0,
2022-10-12 10:09:17,"Push",59m,"Shoulder Press (Machine)",3,80.0,5.0,0,0.0,
2022-10-12 10:09:17,"Push",59m,"Triceps Pushdown (Cable - Straight Bar)",1,35.0,10.0,0,0.0,
2022-10-12 10:09:17,"Push",59m,"Triceps Pushdown (Cable - Straight Bar)",2,35.0,9.0,0,0.0,
2022-10-12 10:09:17,"Push",59m,"Triceps Pushdown (Cable - Straight Bar)",3,35.0,8.0,0,0.0,
2022-10-12 10:09:17,"Push",59m,"Triceps Pushdown (Cable - Straight Bar)",4,35.0,9.0,0,0.0,
2022-10-12 10:09:17,"Push",59m,"Triceps Extension (Cable)",1,20.0,10.0,0,0.0,
2022-10-12 10:09:17,"Push",59m,"Triceps Extension (Cable)",2,20.0,10.0,0,0.0,
2022-10-12 10:09:17,"Push",59m,"Triceps Extension (Cable)",3,25.0,8.0,0,0.0,
2022-10-12 10:09:17,"Push",59m,"Triceps Extension (Cable)",4,25.0,6.0,0,0.0,
2022-10-13 11:07:11,"Legs",41m,"Squat (Barbell)",1,115.0,11.0,0,0.0,
2022-10-13 11:07:11,"Legs",41m,"Squat (Barbell)",2,135.0,6.0,0,0.0,
2022-10-13 11:07:11,"Legs",41m,"Squat (Barbell)",3,130.0,4.0,0,0.0,
2022-10-13 11:07:11,"Legs",41m,"Seated Leg Press (Machine)",1,140.0,10.0,0,0.0,
2022-10-13 11:07:11,"Legs",41m,"Seated Leg Press (Machine)",2,140.0,10.0,0,0.0,
2022-10-13 11:07:11,"Legs",41m,"Seated Leg Press (Machine)",3,140.0,10.0,0,0.0,
2022-10-13 11:07:11,"Legs",41m,"Bulgarian Split Squat",1,40.0,10.0,0,0.0,
2022-10-13 11:07:11,"Legs",41m,"Bulgarian Split Squat",2,45.0,10.0,0,0.0,
2022-10-13 11:07:11,"Legs",41m,"Bulgarian Split Squat",3,45.0,10.0,0,0.0,
2022-10-13 11:07:11,"Legs",41m,"Seated Calf Raise (Plate Loaded)",1,50.0,10.0,0,0.0,
2022-10-13 11:07:11,"Legs",41m,"Seated Calf Raise (Plate Loaded)",2,50.0,10.0,0,0.0,
2022-10-13 11:07:11,"Legs",41m,"Seated Calf Raise (Plate Loaded)",3,50.0,10.0,0,0.0,
2022-10-13 11:07:11,"Legs",41m,"Seated Calf Raise (Plate Loaded)",4,50.0,10.0,0,0.0,
2022-10-14 09:15:21,"Pull",54m,"Bicep Curl (Dumbbell)",1,45.0,8.0,0,0.0,
2022-10-14 09:15:21,"Pull",54m,"Bicep Curl (Dumbbell)",2,45.0,5.0,0,0.0,
2022-10-14 09:15:21,"Pull",54m,"Bicep Curl (Dumbbell)",3,45.0,5.0,0,0.0,
2022-10-14 09:15:21,"Pull",54m,"Hammer Curl (Dumbbell)",1,40.0,10.0,0,0.0,
2022-10-14 09:15:21,"Pull",54m,"Hammer Curl (Dumbbell)",2,45.0,8.0,0,0.0,
2022-10-14 09:15:21,"Pull",54m,"Hammer Curl (Dumbbell)",3,45.0,6.0,0,0.0,
2022-10-14 09:15:21,"Pull",54m,"Preacher Curl (Machine)",1,55.0,11.0,0,0.0,
2022-10-14 09:15:21,"Pull",54m,"Preacher Curl (Machine)",2,60.0,9.0,0,0.0,
2022-10-14 09:15:21,"Pull",54m,"Preacher Curl (Machine)",3,60.0,6.0,0,0.0,
2022-10-14 09:15:21,"Pull",54m,"Pull Up",1,0,7.0,0,0.0,
2022-10-14 09:15:21,"Pull",54m,"Pull Up",2,0,3.0,0,0.0,
2022-10-14 09:15:21,"Pull",54m,"Pull Up",3,0,5.0,0,0.0,
2022-10-14 09:15:21,"Pull",54m,"Seated Row (Cable)",1,47.5,10.0,0,0.0,
2022-10-14 09:15:21,"Pull",54m,"Seated Row (Cable)",2,47.5,10.0,0,0.0,
2022-10-14 09:15:21,"Pull",54m,"Seated Row (Cable)",3,47.5,4.0,0,0.0,
2022-10-16 12:13:42,"Push",1h 7m,"Bench Press (Dumbbell)",1,110.0,9.0,0,0.0,
2022-10-16 12:13:42,"Push",1h 7m,"Bench Press (Dumbbell)",2,110.0,6.0,0,0.0,
2022-10-16 12:13:42,"Push",1h 7m,"Bench Press (Dumbbell)",3,110.0,6.0,0,0.0,
2022-10-16 12:13:42,"Push",1h 7m,"Incline Bench Press (Dumbbell)",1,70.0,8.0,0,0.0,
2022-10-16 12:13:42,"Push",1h 7m,"Incline Bench Press (Dumbbell)",2,70.0,10.0,0,0.0,
2022-10-16 12:13:42,"Push",1h 7m,"Incline Bench Press (Dumbbell)",3,70.0,9.0,0,0.0,
2022-10-16 12:13:42,"Push",1h 7m,"Chest Fly (Band)",1,65.0,10.0,0,0.0,
2022-10-16 12:13:42,"Push",1h 7m,"Chest Fly (Band)",2,65.0,6.0,0,0.0,
2022-10-16 12:13:42,"Push",1h 7m,"Chest Fly (Band)",3,65.0,5.0,0,0.0,
2022-10-16 12:13:42,"Push",1h 7m,"Shoulder Press (Machine)",1,80.0,10.0,0,0.0,
2022-10-16 12:13:42,"Push",1h 7m,"Shoulder Press (Machine)",2,75.0,5.0,0,0.0,
2022-10-16 12:13:42,"Push",1h 7m,"Shoulder Press (Machine)",3,75.0,10.0,0,0.0,
2022-10-16 12:13:42,"Push",1h 7m,"Shoulder Press (Machine)",4,75.0,5.0,0,0.0,
2022-10-16 12:13:42,"Push",1h 7m,"Lateral Raise (Dumbbell)",1,25.0,10.0,0,0.0,
2022-10-16 12:13:42,"Push",1h 7m,"Lateral Raise (Dumbbell)",2,25.0,10.0,0,0.0,
2022-10-16 12:13:42,"Push",1h 7m,"Lateral Raise (Dumbbell)",3,25.0,10.0,0,0.0,
2022-10-16 12:13:42,"Push",1h 7m,"Lateral Raise (Dumbbell)",4,25.0,10.0,0,0.0,
2022-10-16 12:13:42,"Push",1h 7m,"Triceps Pushdown (Cable - Straight Bar)",1,32.5,11.0,0,0.0,
2022-10-16 12:13:42,"Push",1h 7m,"Triceps Pushdown (Cable - Straight Bar)",2,37.5,10.0,0,0.0,
2022-10-16 12:13:42,"Push",1h 7m,"Triceps Pushdown (Cable - Straight Bar)",3,37.5,8.0,0,0.0,
2022-10-16 12:13:42,"Push",1h 7m,"Triceps Pushdown (Cable - Straight Bar)",4,35.0,6.0,0,0.0,
2022-10-16 12:13:42,"Push",1h 7m,"Triceps Extension (Cable)",1,25.0,10.0,0,0.0,
2022-10-16 12:13:42,"Push",1h 7m,"Triceps Extension (Cable)",2,25.0,10.0,0,0.0,
2022-10-16 12:13:42,"Push",1h 7m,"Triceps Extension (Cable)",3,25.0,10.0,0,0.0,
2022-10-16 12:13:42,"Push",1h 7m,"Triceps Extension (Cable)",4,25.0,10.0,0,0.0,
2022-10-17 09:34:16,"Legs",44m,"Squat (Barbell)",1,130.0,6.0,0,0.0,
2022-10-17 09:34:16,"Legs",44m,"Squat (Barbell)",2,130.0,4.0,0,0.0,
2022-10-17 09:34:16,"Legs",44m,"Squat (Barbell)",3,125.0,6.0,0,0.0,
2022-10-17 09:34:16,"Legs",44m,"Bulgarian Split Squat",1,40.0,10.0,0,0.0,
2022-10-17 09:34:16,"Legs",44m,"Bulgarian Split Squat",2,40.0,10.0,0,0.0,
2022-10-17 09:34:16,"Legs",44m,"Bulgarian Split Squat",3,40.0,10.0,0,0.0,
2022-10-17 09:34:16,"Legs",44m,"Seated Leg Press (Machine)",1,140.0,10.0,0,0.0,
2022-10-17 09:34:16,"Legs",44m,"Seated Leg Press (Machine)",2,130.0,10.0,0,0.0,
2022-10-17 09:34:16,"Legs",44m,"Seated Leg Press (Machine)",3,140.0,10.0,0,0.0,
2022-10-17 09:34:16,"Legs",44m,"Seated Calf Raise (Plate Loaded)",1,55.0,10.0,0,0.0,
2022-10-17 09:34:16,"Legs",44m,"Seated Calf Raise (Plate Loaded)",2,55.0,10.0,0,0.0,
2022-10-17 09:34:16,"Legs",44m,"Seated Calf Raise (Plate Loaded)",3,55.0,10.0,0,0.0,
2022-10-18 11:03:28,"Pull",47m,"Bicep Curl (Dumbbell)",1,45.0,10.0,0,0.0,
2022-10-18 11:03:28,"Pull",47m,"Bicep Curl (Dumbbell)",2,45.0,7.0,0,0.0,
2022-10-18 11:03:28,"Pull",47m,"Bicep Curl (Dumbbell)",3,45.0,5.0,0,0.0,
2022-10-18 11:03:28,"Pull",47m,"Hammer Curl (Dumbbell)",1,40.0,10.0,0,0.0,
2022-10-18 11:03:28,"Pull",47m,"Hammer Curl (Dumbbell)",2,40.0,10.0,0,0.0,
2022-10-18 11:03:28,"Pull",47m,"Hammer Curl (Dumbbell)",3,40.0,7.0,0,0.0,
2022-10-18 11:03:28,"Pull",47m,"Preacher Curl (Machine)",1,60.0,7.0,0,0.0,
2022-10-18 11:03:28,"Pull",47m,"Preacher Curl (Machine)",2,60.0,5.0,0,0.0,
2022-10-18 11:03:28,"Pull",47m,"Preacher Curl (Machine)",3,60.0,7.0,0,0.0,
2022-10-18 11:03:28,"Pull",47m,"Pull Up",1,0,7.0,0,0.0,
2022-10-18 11:03:28,"Pull",47m,"Pull Up",2,0,5.0,0,0.0,
2022-10-18 11:03:28,"Pull",47m,"Pull Up",3,0,5.0,0,0.0,
2022-10-18 11:03:28,"Pull",47m,"Seated Row (Cable)",1,47.5,9.0,0,0.0,
2022-10-18 11:03:28,"Pull",47m,"Seated Row (Cable)",2,47.5,8.0,0,0.0,
2022-10-18 11:03:28,"Pull",47m,"Seated Row (Cable)",3,47.5,5.0,0,0.0,
2022-10-19 11:12:06,"Push",43m,"Bench Press (Barbell)",1,125.0,7.0,0,0.0,
2022-10-19 11:12:06,"Push",43m,"Bench Press (Barbell)",2,125.0,6.0,0,0.0,
2022-10-19 11:12:06,"Push",43m,"Bench Press (Barbell)",3,125.0,5.0,0,0.0,
2022-10-19 11:12:06,"Push",43m,"Incline Bench Press (Dumbbell)",1,70.0,11.0,0,0.0,
2022-10-19 11:12:06,"Push",43m,"Incline Bench Press (Dumbbell)",2,70.0,10.0,0,0.0,
2022-10-19 11:12:06,"Push",43m,"Incline Bench Press (Dumbbell)",3,70.0,10.0,0,0.0,
2022-10-19 11:12:06,"Push",43m,"Shoulder Press (Machine)",1,75.0,9.0,0,0.0,
2022-10-19 11:12:06,"Push",43m,"Lateral Raise (Dumbbell)",1,25.0,10.0,0,0.0,
2022-10-19 11:12:06,"Push",43m,"Lateral Raise (Dumbbell)",2,25.0,10.0,0,0.0,
2022-10-19 11:12:06,"Push",43m,"Lateral Raise (Dumbbell)",3,25.0,10.0,0,0.0,
2022-10-19 11:12:06,"Push",43m,"Triceps Pushdown (Cable - Straight Bar)",1,35.0,11.0,0,0.0,
2022-10-19 11:12:06,"Push",43m,"Triceps Pushdown (Cable - Straight Bar)",2,40.0,8.0,0,0.0,
2022-10-19 11:12:06,"Push",43m,"Triceps Pushdown (Cable - Straight Bar)",3,40.0,6.0,0,0.0,
2022-10-19 11:12:06,"Push",43m,"Triceps Pushdown (Cable - Straight Bar)",4,40.0,5.0,0,0.0,
2022-10-20 17:29:31,"Legs",40m,"Squat (Barbell)",1,130.0,11.0,0,0.0,
2022-10-20 17:29:31,"Legs",40m,"Squat (Barbell)",2,135.0,5.0,0,0.0,
2022-10-20 17:29:31,"Legs",40m,"Squat (Barbell)",3,135.0,4.0,0,0.0,
2022-10-20 17:29:31,"Legs",40m,"Bulgarian Split Squat",1,45.0,10.0,0,0.0,
2022-10-20 17:29:31,"Legs",40m,"Bulgarian Split Squat",2,45.0,10.0,0,0.0,
2022-10-20 17:29:31,"Legs",40m,"Bulgarian Split Squat",3,45.0,10.0,0,0.0,
2022-10-20 17:29:31,"Legs",40m,"Seated Leg Press (Machine)",1,140.0,10.0,0,0.0,
2022-10-20 17:29:31,"Legs",40m,"Seated Leg Press (Machine)",2,140.0,10.0,0,0.0,
2022-10-20 17:29:31,"Legs",40m,"Seated Leg Press (Machine)",3,140.0,6.0,0,0.0,
2022-10-20 17:29:31,"Legs",40m,"Seated Calf Raise (Plate Loaded)",1,50.0,10.0,0,0.0,
2022-10-20 17:29:31,"Legs",40m,"Seated Calf Raise (Plate Loaded)",2,50.0,10.0,0,0.0,
2022-10-20 17:29:31,"Legs",40m,"Seated Calf Raise (Plate Loaded)",3,50.0,10.0,0,0.0,
2022-10-20 17:29:31,"Legs",40m,"Seated Calf Raise (Plate Loaded)",4,50.0,10.0,0,0.0,
2022-10-21 08:51:44,"Pull",38m,"Bicep Curl (Dumbbell)",1,45.0,9.0,0,0.0,
2022-10-21 08:51:44,"Pull",38m,"Bicep Curl (Dumbbell)",2,40.0,9.0,0,0.0,
2022-10-21 08:51:44,"Pull",38m,"Bicep Curl (Dumbbell)",3,40.0,10.0,0,0.0,
2022-10-21 08:51:44,"Pull",38m,"Hammer Curl (Dumbbell)",1,40.0,10.0,0,0.0,
2022-10-21 08:51:44,"Pull",38m,"Hammer Curl (Dumbbell)",2,40.0,8.0,0,0.0,
2022-10-21 08:51:44,"Pull",38m,"Hammer Curl (Dumbbell)",3,40.0,7.0,0,0.0,
2022-10-21 08:51:44,"Pull",38m,"Preacher Curl (Machine)",1,70.0,6.0,0,0.0,
2022-10-21 08:51:44,"Pull",38m,"Preacher Curl (Machine)",2,45.0,10.0,0,0.0,
2022-10-21 08:51:44,"Pull",38m,"Preacher Curl (Machine)",3,45.0,9.0,0,0.0,
2022-10-21 08:51:44,"Pull",38m,"Pull Up",1,0,4.0,0,0.0,
2022-10-21 08:51:44,"Pull",38m,"Pull Up",2,0,3.0,0,0.0,
2022-10-21 08:51:44,"Pull",38m,"Pull Up",3,0,5.0,0,0.0,
2022-10-21 08:51:44,"Pull",38m,"Seated Row (Cable)",1,42.5,10.0,0,0.0,
2022-10-21 08:51:44,"Pull",38m,"Seated Row (Cable)",2,42.5,6.0,0,0.0,
2022-10-21 08:51:44,"Pull",38m,"Seated Row (Cable)",3,42.5,3.0,0,0.0,
2022-10-24 09:11:03,"Push",1h 16m,"Bench Press (Barbell)",1,125.0,7.0,0,0.0,
2022-10-24 09:11:03,"Push",1h 16m,"Bench Press (Barbell)",2,125.0,5.0,0,0.0,
2022-10-24 09:11:03,"Push",1h 16m,"Bench Press (Barbell)",3,125.0,5.0,0,0.0,
2022-10-24 09:11:03,"Push",1h 16m,"Incline Bench Press (Dumbbell)",1,70.0,10.0,0,0.0,
2022-10-24 09:11:03,"Push",1h 16m,"Incline Bench Press (Dumbbell)",2,80.0,8.0,0,0.0,
2022-10-24 09:11:03,"Push",1h 16m,"Incline Bench Press (Dumbbell)",3,80.0,8.0,0,0.0,
2022-10-24 09:11:03,"Push",1h 16m,"Chest Fly (Band)",1,65.0,10.0,0,0.0,
2022-10-24 09:11:03,"Push",1h 16m,"Chest Fly (Band)",2,65.0,10.0,0,0.0,
2022-10-24 09:11:03,"Push",1h 16m,"Chest Fly (Band)",3,65.0,10.0,0,0.0,
2022-10-24 09:11:03,"Push",1h 16m,"Shoulder Press (Machine)",1,80.0,11.0,0,0.0,
2022-10-24 09:11:03,"Push",1h 16m,"Shoulder Press (Machine)",2,80.0,11.0,0,0.0,
2022-10-24 09:11:03,"Push",1h 16m,"Shoulder Press (Machine)",3,85.0,7.0,0,0.0,
2022-10-24 09:11:03,"Push",1h 16m,"Shoulder Press (Machine)",4,85.0,4.0,0,0.0,
2022-10-24 09:11:03,"Push",1h 16m,"Lateral Raise (Dumbbell)",1,20.0,10.0,0,0.0,
2022-10-24 09:11:03,"Push",1h 16m,"Lateral Raise (Dumbbell)",2,20.0,10.0,0,0.0,
2022-10-24 09:11:03,"Push",1h 16m,"Lateral Raise (Dumbbell)",3,30.0,9.0,0,0.0,
2022-10-24 09:11:03,"Push",1h 16m,"Lateral Raise (Dumbbell)",4,30.0,6.0,0,0.0,
2022-10-24 09:11:03,"Push",1h 16m,"Triceps Pushdown (Cable - Straight Bar)",1,40.0,10.0,0,0.0,
2022-10-24 09:11:03,"Push",1h 16m,"Triceps Pushdown (Cable - Straight Bar)",2,40.0,8.0,0,0.0,
2022-10-24 09:11:03,"Push",1h 16m,"Triceps Pushdown (Cable - Straight Bar)",3,40.0,6.0,0,0.0,
2022-10-24 09:11:03,"Push",1h 16m,"Triceps Pushdown (Cable - Straight Bar)",4,40.0,5.0,0,0.0,
2022-10-24 09:11:03,"Push",1h 16m,"Triceps Extension (Cable)",1,25.0,10.0,0,0.0,
2022-10-24 09:11:03,"Push",1h 16m,"Triceps Extension (Cable)",2,25.0,10.0,0,0.0,
2022-10-24 09:11:03,"Push",1h 16m,"Triceps Extension (Cable)",3,30.0,4.0,0,0.0,
2022-10-24 09:11:03,"Push",1h 16m,"Triceps Extension (Cable)",4,25.0,1.0,0,0.0,
2022-10-25 12:37:07,"Legs",43m,"Squat (Barbell)",1,125.0,6.0,0,0.0,
2022-10-25 12:37:07,"Legs",43m,"Squat (Barbell)",2,115.0,6.0,0,0.0,
2022-10-25 12:37:07,"Legs",43m,"Squat (Barbell)",3,115.0,4.0,0,0.0,
2022-10-25 12:37:07,"Legs",43m,"Bulgarian Split Squat",1,45.0,10.0,0,0.0,
2022-10-25 12:37:07,"Legs",43m,"Bulgarian Split Squat",2,45.0,10.0,0,0.0,
2022-10-25 12:37:07,"Legs",43m,"Bulgarian Split Squat",3,45.0,10.0,0,0.0,
2022-10-25 12:37:07,"Legs",43m,"Seated Calf Raise (Plate Loaded)",1,50.0,10.0,0,0.0,
2022-10-25 12:37:07,"Legs",43m,"Seated Calf Raise (Plate Loaded)",2,50.0,10.0,0,0.0,
2022-10-25 12:37:07,"Legs",43m,"Seated Calf Raise (Plate Loaded)",3,50.0,10.0,0,0.0,
2022-10-25 12:37:07,"Legs",43m,"Seated Calf Raise (Plate Loaded)",4,50.0,10.0,0,0.0,
2022-10-26 11:03:05,"Pull",40m,"Bicep Curl (Dumbbell)",1,40.0,10.0,0,0.0,
2022-10-26 11:03:05,"Pull",40m,"Bicep Curl (Dumbbell)",2,40.0,9.0,0,0.0,
2022-10-26 11:03:05,"Pull",40m,"Bicep Curl (Dumbbell)",3,40.0,7.0,0,0.0,
2022-10-26 11:03:05,"Pull",40m,"Hammer Curl (Dumbbell)",1,45.0,10.0,0,0.0,
2022-10-26 11:03:05,"Pull",40m,"Hammer Curl (Dumbbell)",2,45.0,10.0,0,0.0,
2022-10-26 11:03:05,"Pull",40m,"Hammer Curl (Dumbbell)",3,45.0,10.0,0,0.0,
2022-10-26 11:03:05,"Pull",40m,"Preacher Curl (Machine)",1,60.0,7.0,0,0.0,
2022-10-26 11:03:05,"Pull",40m,"Preacher Curl (Machine)",2,55.0,9.0,0,0.0,
2022-10-26 11:03:05,"Pull",40m,"Preacher Curl (Machine)",3,55.0,4.0,0,0.0,
2022-10-26 11:03:05,"Pull",40m,"Pull Up",1,0,4.0,0,0.0,
2022-10-26 11:03:05,"Pull",40m,"Pull Up",2,0,4.0,0,0.0,
2022-10-26 11:03:05,"Pull",40m,"Pull Up",3,0,4.0,0,0.0,
2022-10-26 11:03:05,"Pull",40m,"Seated Row (Cable)",1,42.5,9.0,0,0.0,
2022-10-26 11:03:05,"Pull",40m,"Seated Row (Cable)",2,42.5,10.0,0,0.0,
2022-10-26 11:03:05,"Pull",40m,"Seated Row (Cable)",3,42.5,10.0,0,0.0,
2022-10-28 08:59:45,"Push",1h 24m,"Bench Press (Barbell)",1,125.0,7.0,0,0.0,
2022-10-28 08:59:45,"Push",1h 24m,"Bench Press (Barbell)",2,125.0,5.0,0,0.0,
2022-10-28 08:59:45,"Push",1h 24m,"Bench Press (Barbell)",3,125.0,4.0,0,0.0,
2022-10-28 08:59:45,"Push",1h 24m,"Incline Bench Press (Dumbbell)",1,80.0,7.0,0,0.0,
2022-10-28 08:59:45,"Push",1h 24m,"Incline Bench Press (Dumbbell)",2,80.0,8.0,0,0.0,
2022-10-28 08:59:45,"Push",1h 24m,"Incline Bench Press (Dumbbell)",3,80.0,8.0,0,0.0,
2022-10-28 08:59:45,"Push",1h 24m,"Chest Fly (Band)",1,65.0,10.0,0,0.0,
2022-10-28 08:59:45,"Push",1h 24m,"Chest Fly (Band)",2,65.0,8.0,0,0.0,
2022-10-28 08:59:45,"Push",1h 24m,"Chest Fly (Band)",3,65.0,8.0,0,0.0,
2022-10-28 08:59:45,"Push",1h 24m,"Arnold Press (Dumbbell)",1,70.0,11.0,0,0.0,
2022-10-28 08:59:45,"Push",1h 24m,"Arnold Press (Dumbbell)",2,80.0,4.0,0,0.0,
2022-10-28 08:59:45,"Push",1h 24m,"Arnold Press (Dumbbell)",3,70.0,6.0,0,0.0,
2022-10-28 08:59:45,"Push",1h 24m,"Arnold Press (Dumbbell)",4,70.0,9.0,0,0.0,
2022-10-28 08:59:45,"Push",1h 24m,"Lateral Raise (Dumbbell)",1,25.0,10.0,0,0.0,
2022-10-28 08:59:45,"Push",1h 24m,"Lateral Raise (Dumbbell)",2,25.0,10.0,0,0.0,
2022-10-28 08:59:45,"Push",1h 24m,"Lateral Raise (Dumbbell)",3,25.0,10.0,0,0.0,
2022-10-28 08:59:45,"Push",1h 24m,"Lateral Raise (Dumbbell)",4,20.0,10.0,0,0.0,
2022-10-28 08:59:45,"Push",1h 24m,"Triceps Pushdown (Cable - Straight Bar)",1,37.5,10.0,0,0.0,
2022-10-28 08:59:45,"Push",1h 24m,"Triceps Pushdown (Cable - Straight Bar)",2,37.5,6.0,0,0.0,
2022-10-28 08:59:45,"Push",1h 24m,"Triceps Pushdown (Cable - Straight Bar)",3,37.5,5.0,0,0.0,
2022-10-28 08:59:45,"Push",1h 24m,"Triceps Pushdown (Cable - Straight Bar)",4,37.5,4.0,0,0.0,
2022-10-28 08:59:45,"Push",1h 24m,"Triceps Extension (Cable)",1,22.5,10.0,0,0.0,
2022-10-28 08:59:45,"Push",1h 24m,"Triceps Extension (Cable)",2,22.5,10.0,0,0.0,
2022-10-28 08:59:45,"Push",1h 24m,"Triceps Extension (Cable)",3,22.5,10.0,0,0.0,
2022-10-28 08:59:45,"Push",1h 24m,"Triceps Extension (Cable)",4,22.5,10.0,0,0.0,
2022-10-28 08:59:45,"Push",1h 24m,"Bicep Curl (Dumbbell)",1,40.0,10.0,0,0.0,
2022-10-29 11:26:01,"Pull",49m,"Bicep Curl (Dumbbell)",1,40.0,10.0,0,0.0,
2022-10-29 11:26:01,"Pull",49m,"Bicep Curl (Dumbbell)",2,40.0,10.0,0,0.0,
2022-10-29 11:26:01,"Pull",49m,"Bicep Curl (Dumbbell)",3,40.0,10.0,0,0.0,
2022-10-29 11:26:01,"Pull",49m,"Hammer Curl (Dumbbell)",1,45.0,10.0,0,0.0,
2022-10-29 11:26:01,"Pull",49m,"Hammer Curl (Dumbbell)",2,40.0,10.0,0,0.0,
2022-10-29 11:26:01,"Pull",49m,"Hammer Curl (Dumbbell)",3,40.0,10.0,0,0.0,
2022-10-29 11:26:01,"Pull",49m,"Preacher Curl (Machine)",1,55.0,10.0,0,0.0,
2022-10-29 11:26:01,"Pull",49m,"Preacher Curl (Machine)",2,55.0,10.0,0,0.0,
2022-10-29 11:26:01,"Pull",49m,"Preacher Curl (Machine)",3,55.0,10.0,0,0.0,
2022-10-29 11:26:01,"Pull",49m,"Pull Up",1,0,7.0,0,0.0,
2022-10-29 11:26:01,"Pull",49m,"Pull Up",2,0,5.0,0,0.0,
2022-10-29 11:26:01,"Pull",49m,"Pull Up",3,0,3.0,0,0.0,
2022-10-29 11:26:01,"Pull",49m,"Seated Row (Cable)",1,42.5,10.0,0,0.0,
2022-10-29 11:26:01,"Pull",49m,"Seated Row (Cable)",2,42.5,10.0,0,0.0,
2022-10-29 11:26:01,"Pull",49m,"Seated Row (Cable)",3,42.5,6.0,0,0.0,
2022-10-31 09:16:18,"Legs",43m,"Squat (Barbell)",1,125.0,6.0,0,0.0,
2022-10-31 09:16:18,"Legs",43m,"Squat (Barbell)",2,125.0,5.0,0,0.0,
2022-10-31 09:16:18,"Legs",43m,"Squat (Barbell)",3,115.0,5.0,0,0.0,
2022-10-31 09:16:18,"Legs",43m,"Bulgarian Split Squat",1,45.0,10.0,0,0.0,
2022-10-31 09:16:18,"Legs",43m,"Bulgarian Split Squat",2,45.0,10.0,0,0.0,
2022-10-31 09:16:18,"Legs",43m,"Bulgarian Split Squat",3,45.0,10.0,0,0.0,
2022-10-31 09:16:18,"Legs",43m,"Seated Leg Press (Machine)",1,140.0,10.0,0,0.0,
2022-10-31 09:16:18,"Legs",43m,"Seated Leg Press (Machine)",2,140.0,10.0,0,0.0,
2022-10-31 09:16:18,"Legs",43m,"Seated Leg Press (Machine)",3,140.0,10.0,0,0.0,
2022-10-31 09:16:18,"Legs",43m,"Seated Calf Raise (Plate Loaded)",1,50.0,10.0,0,0.0,
2022-10-31 09:16:18,"Legs",43m,"Seated Calf Raise (Plate Loaded)",2,50.0,10.0,0,0.0,
2022-10-31 09:16:18,"Legs",43m,"Seated Calf Raise (Plate Loaded)",3,50.0,10.0,0,0.0,
2022-10-31 09:16:18,"Legs",43m,"Seated Calf Raise (Plate Loaded)",4,50.0,10.0,0,0.0,
2022-11-01 11:02:55,"Push",1h 5m,"Bench Press (Barbell)",1,125.0,11.0,0,0.0,
2022-11-01 11:02:55,"Push",1h 5m,"Bench Press (Barbell)",2,125.0,6.0,0,0.0,
2022-11-01 11:02:55,"Push",1h 5m,"Bench Press (Barbell)",3,125.0,5.0,0,0.0,
2022-11-01 11:02:55,"Push",1h 5m,"Incline Bench Press (Dumbbell)",1,80.0,10.0,0,0.0,
2022-11-01 11:02:55,"Push",1h 5m,"Incline Bench Press (Dumbbell)",2,80.0,9.0,0,0.0,
2022-11-01 11:02:55,"Push",1h 5m,"Incline Bench Press (Dumbbell)",3,80.0,6.0,0,0.0,
2022-11-01 11:02:55,"Push",1h 5m,"Arnold Press (Dumbbell)",1,70.0,11.0,0,0.0,
2022-11-01 11:02:55,"Push",1h 5m,"Arnold Press (Dumbbell)",2,70.0,9.0,0,0.0,
2022-11-01 11:02:55,"Push",1h 5m,"Arnold Press (Dumbbell)",3,70.0,10.0,0,0.0,
2022-11-01 11:02:55,"Push",1h 5m,"Arnold Press (Dumbbell)",4,70.0,10.0,0,0.0,
2022-11-01 11:02:55,"Push",1h 5m,"Lateral Raise (Dumbbell)",1,20.0,10.0,0,0.0,
2022-11-01 11:02:55,"Push",1h 5m,"Lateral Raise (Dumbbell)",2,20.0,10.0,0,0.0,
2022-11-01 11:02:55,"Push",1h 5m,"Lateral Raise (Dumbbell)",3,20.0,10.0,0,0.0,
2022-11-01 11:02:55,"Push",1h 5m,"Lateral Raise (Dumbbell)",4,20.0,10.0,0,0.0,
2022-11-01 11:02:55,"Push",1h 5m,"Triceps Pushdown (Cable - Straight Bar)",1,35.0,10.0,0,0.0,
2022-11-01 11:02:55,"Push",1h 5m,"Triceps Pushdown (Cable - Straight Bar)",2,35.0,9.0,0,0.0,
2022-11-01 11:02:55,"Push",1h 5m,"Triceps Pushdown (Cable - Straight Bar)",3,35.0,9.0,0,0.0,
2022-11-01 11:02:55,"Push",1h 5m,"Triceps Pushdown (Cable - Straight Bar)",4,35.0,6.0,0,0.0,
2022-11-01 11:02:55,"Push",1h 5m,"Triceps Extension (Cable)",1,25.0,10.0,0,0.0,
2022-11-01 11:02:55,"Push",1h 5m,"Triceps Extension (Cable)",2,25.0,10.0,0,0.0,
2022-11-01 11:02:55,"Push",1h 5m,"Triceps Extension (Cable)",3,25.0,10.0,0,0.0,
2022-11-01 11:02:55,"Push",1h 5m,"Triceps Extension (Cable)",4,25.0,10.0,0,0.0,
2022-11-01 21:47:39,"Evening Workout",40m,"Chest Fly (Band)",1,65.0,10.0,0,0.0,
2022-11-01 21:47:39,"Evening Workout",40m,"Chest Fly (Band)",2,65.0,10.0,0,0.0,
2022-11-01 21:47:39,"Evening Workout",40m,"Chest Fly (Band)",3,65.0,10.0,0,0.0,
2022-11-01 21:47:39,"Evening Workout",40m,"Incline Bench Press (Barbell)",1,95.0,8.0,0,0.0,
2022-11-01 21:47:39,"Evening Workout",40m,"Incline Bench Press (Barbell)",2,95.0,7.0,0,0.0,
2022-11-01 21:47:39,"Evening Workout",40m,"Incline Bench Press (Barbell)",3,95.0,5.0,0,0.0,
2022-11-01 21:47:39,"Evening Workout",40m,"Bench Press (Dumbbell)",1,110.0,9.0,0,0.0,
2022-11-01 21:47:39,"Evening Workout",40m,"Bench Press (Dumbbell)",2,110.0,8.0,0,0.0,
2022-11-01 21:47:39,"Evening Workout",40m,"Bench Press (Dumbbell)",3,110.0,6.0,0,0.0,
2022-11-01 21:47:39,"Evening Workout",40m,"Triceps Pushdown (Cable - Straight Bar)",1,40.0,10.0,0,0.0,
2022-11-01 21:47:39,"Evening Workout",40m,"Triceps Pushdown (Cable - Straight Bar)",2,40.0,10.0,0,0.0,
2022-11-01 21:47:39,"Evening Workout",40m,"Triceps Pushdown (Cable - Straight Bar)",3,40.0,10.0,0,0.0,
2022-11-01 21:47:39,"Evening Workout",40m,"Triceps Pushdown (Cable - Straight Bar)",4,40.0,10.0,0,0.0,
2022-11-02 10:09:24,"Pull",41m,"Bicep Curl (Dumbbell)",1,40.0,10.0,0,0.0,
2022-11-02 10:09:24,"Pull",41m,"Bicep Curl (Dumbbell)",2,40.0,9.0,0,0.0,
2022-11-02 10:09:24,"Pull",41m,"Bicep Curl (Dumbbell)",3,40.0,5.0,0,0.0,
2022-11-02 10:09:24,"Pull",41m,"Hammer Curl (Dumbbell)",1,45.0,6.0,0,0.0,
2022-11-02 10:09:24,"Pull",41m,"Hammer Curl (Dumbbell)",2,45.0,6.0,0,0.0,
2022-11-02 10:09:24,"Pull",41m,"Hammer Curl (Dumbbell)",3,45.0,7.0,0,0.0,
2022-11-02 10:09:24,"Pull",41m,"Preacher Curl (Machine)",1,55.0,10.0,0,0.0,
2022-11-02 10:09:24,"Pull",41m,"Preacher Curl (Machine)",2,60.0,6.0,0,0.0,
2022-11-02 10:09:24,"Pull",41m,"Preacher Curl (Machine)",3,60.0,9.0,0,0.0,
2022-11-02 10:09:24,"Pull",41m,"Pull Up",1,0,8.0,0,0.0,
2022-11-02 10:09:24,"Pull",41m,"Pull Up",2,0,6.0,0,0.0,
2022-11-02 10:09:24,"Pull",41m,"Pull Up",3,0,2.0,0,0.0,
2022-11-02 10:09:24,"Pull",41m,"Seated Row (Cable)",1,42.5,10.0,0,0.0,
2022-11-02 10:09:24,"Pull",41m,"Seated Row (Cable)",2,42.5,9.0,0,0.0,
2022-11-02 10:09:24,"Pull",41m,"Seated Row (Cable)",3,42.5,10.0,0,0.0,
2022-11-03 09:17:56,"Legs",23m,"Squat (Barbell)",1,125.0,6.0,0,0.0,
2022-11-03 09:17:56,"Legs",23m,"Squat (Barbell)",2,125.0,5.0,0,0.0,
2022-11-03 09:17:56,"Legs",23m,"Squat (Barbell)",3,125.0,5.0,0,0.0,
2022-11-03 09:17:56,"Legs",23m,"Bulgarian Split Squat",1,50.0,10.0,0,0.0,
2022-11-03 09:17:56,"Legs",23m,"Bulgarian Split Squat",2,50.0,10.0,0,0.0,
2022-11-04 09:16:16,"Push",1h 8m,"Bench Press (Barbell)",1,160.0,1.0,0,0.0,
2022-11-04 09:16:16,"Push",1h 8m,"Bench Press (Barbell)",2,135.0,4.0,0,0.0,
2022-11-04 09:16:16,"Push",1h 8m,"Bench Press (Barbell)",3,135.0,4.0,0,0.0,
2022-11-04 09:16:16,"Push",1h 8m,"Bench Press (Barbell)",4,135.0,3.0,0,0.0,
2022-11-04 09:16:16,"Push",1h 8m,"Incline Bench Press (Barbell)",1,95.0,7.0,0,0.0,
2022-11-04 09:16:16,"Push",1h 8m,"Incline Bench Press (Barbell)",2,95.0,8.0,0,0.0,
2022-11-04 09:16:16,"Push",1h 8m,"Incline Bench Press (Barbell)",3,95.0,6.0,0,0.0,
2022-11-04 09:16:16,"Push",1h 8m,"Chest Fly (Band)",1,65.0,10.0,0,0.0,
2022-11-04 09:16:16,"Push",1h 8m,"Chest Fly (Band)",2,65.0,10.0,0,0.0,
2022-11-04 09:16:16,"Push",1h 8m,"Chest Fly (Band)",3,65.0,10.0,0,0.0,
2022-11-04 09:16:16,"Push",1h 8m,"Arnold Press (Dumbbell)",1,70.0,11.0,0,0.0,
2022-11-04 09:16:16,"Push",1h 8m,"Arnold Press (Dumbbell)",2,80.0,9.0,0,0.0,
2022-11-04 09:16:16,"Push",1h 8m,"Arnold Press (Dumbbell)",3,80.0,9.0,0,0.0,
2022-11-04 09:16:16,"Push",1h 8m,"Arnold Press (Dumbbell)",4,80.0,9.0,0,0.0,
2022-11-04 09:16:16,"Push",1h 8m,"Lateral Raise (Dumbbell)",1,20.0,10.0,0,0.0,
2022-11-04 09:16:16,"Push",1h 8m,"Lateral Raise (Dumbbell)",2,20.0,10.0,0,0.0,
2022-11-04 09:16:16,"Push",1h 8m,"Lateral Raise (Dumbbell)",3,20.0,10.0,0,0.0,
2022-11-04 09:16:16,"Push",1h 8m,"Lateral Raise (Dumbbell)",4,20.0,10.0,0,0.0,
2022-11-04 09:16:16,"Push",1h 8m,"Triceps Pushdown (Cable - Straight Bar)",1,40.0,10.0,0,0.0,
2022-11-04 09:16:16,"Push",1h 8m,"Triceps Pushdown (Cable - Straight Bar)",2,40.0,10.0,0,0.0,
2022-11-04 09:16:16,"Push",1h 8m,"Triceps Pushdown (Cable - Straight Bar)",3,40.0,6.0,0,0.0,
2022-11-04 09:16:16,"Push",1h 8m,"Triceps Extension (Cable)",1,25.0,10.0,0,0.0,
2022-11-04 09:16:16,"Push",1h 8m,"Triceps Extension (Cable)",2,25.0,10.0,0,0.0,
2022-11-06 11:00:32,"Pull",34m,"Bicep Curl (Dumbbell)",1,45.0,10.0,0,0.0,
2022-11-06 11:00:32,"Pull",34m,"Bicep Curl (Dumbbell)",2,45.0,10.0,0,0.0,
2022-11-06 11:00:32,"Pull",34m,"Bicep Curl (Dumbbell)",3,45.0,10.0,0,0.0,
2022-11-06 11:00:32,"Pull",34m,"Hammer Curl (Dumbbell)",1,50.0,6.0,0,0.0,
2022-11-06 11:00:32,"Pull",34m,"Hammer Curl (Dumbbell)",2,45.0,10.0,0,0.0,
2022-11-06 11:00:32,"Pull",34m,"Hammer Curl (Dumbbell)",3,45.0,7.0,0,0.0,
2022-11-06 11:00:32,"Pull",34m,"Preacher Curl (Machine)",1,60.0,10.0,0,0.0,
2022-11-06 11:00:32,"Pull",34m,"Preacher Curl (Machine)",2,60.0,10.0,0,0.0,
2022-11-06 11:00:32,"Pull",34m,"Preacher Curl (Machine)",3,60.0,10.0,0,0.0,
2022-11-07 09:17:27,"Legs",43m,"Squat (Barbell)",1,125.0,6.0,0,0.0,
2022-11-07 09:17:27,"Legs",43m,"Squat (Barbell)",2,125.0,5.0,0,0.0,
2022-11-07 09:17:27,"Legs",43m,"Squat (Barbell)",3,125.0,5.0,0,0.0,
2022-11-07 09:17:27,"Legs",43m,"Bulgarian Split Squat",1,45.0,10.0,0,0.0,
2022-11-07 09:17:27,"Legs",43m,"Bulgarian Split Squat",2,45.0,10.0,0,0.0,
2022-11-07 09:17:27,"Legs",43m,"Bulgarian Split Squat",3,45.0,10.0,0,0.0,
2022-11-07 09:17:27,"Legs",43m,"Seated Leg Press (Machine)",1,145.0,10.0,0,0.0,
2022-11-07 09:17:27,"Legs",43m,"Seated Leg Press (Machine)",2,145.0,10.0,0,0.0,
2022-11-07 09:17:27,"Legs",43m,"Seated Leg Press (Machine)",3,145.0,10.0,0,0.0,
2022-11-07 09:17:27,"Legs",43m,"Seated Calf Raise (Plate Loaded)",1,50.0,10.0,0,0.0,
2022-11-08 11:05:55,"Push",1h 3m,"Bench Press (Dumbbell)",1,110.0,10.0,0,0.0,
2022-11-08 11:05:55,"Push",1h 3m,"Bench Press (Dumbbell)",2,120.0,9.0,0,0.0,
2022-11-08 11:05:55,"Push",1h 3m,"Bench Press (Dumbbell)",3,120.0,6.0,0,0.0,
2022-11-08 11:05:55,"Push",1h 3m,"Incline Bench Press (Dumbbell)",1,80.0,11.0,0,0.0,
2022-11-08 11:05:55,"Push",1h 3m,"Incline Bench Press (Dumbbell)",2,90.0,8.0,0,0.0,
2022-11-08 11:05:55,"Push",1h 3m,"Incline Bench Press (Dumbbell)",3,90.0,7.0,0,0.0,
2022-11-08 11:05:55,"Push",1h 3m,"Chest Fly (Band)",1,65.0,10.0,0,0.0,
2022-11-08 11:05:55,"Push",1h 3m,"Seated Overhead Press (Barbell)",1,75.0,10.0,0,0.0,
2022-11-08 11:05:55,"Push",1h 3m,"Seated Overhead Press (Barbell)",2,85.0,5.0,0,0.0,
2022-11-08 11:05:55,"Push",1h 3m,"Seated Overhead Press (Barbell)",3,85.0,8.0,0,0.0,
2022-11-08 11:05:55,"Push",1h 3m,"Triceps Pushdown (Cable - Straight Bar)",1,42.5,10.0,0,0.0,
2022-11-08 11:05:55,"Push",1h 3m,"Triceps Pushdown (Cable - Straight Bar)",2,42.5,10.0,0,0.0,
2022-11-08 11:05:55,"Push",1h 3m,"Triceps Pushdown (Cable - Straight Bar)",3,42.5,9.0,0,0.0,
2022-11-08 11:05:55,"Push",1h 3m,"Triceps Pushdown (Cable - Straight Bar)",4,42.5,6.0,0,0.0,
2022-11-08 11:05:55,"Push",1h 3m,"Triceps Extension (Cable)",1,30.0,10.0,0,0.0,
2022-11-08 11:05:55,"Push",1h 3m,"Triceps Extension (Cable)",2,30.0,10.0,0,0.0,
2022-11-08 11:05:55,"Push",1h 3m,"Triceps Extension (Cable)",3,30.0,10.0,0,0.0,
2022-11-08 11:05:55,"Push",1h 3m,"Triceps Extension (Cable)",4,30.0,10.0,0,0.0,
2022-11-14 11:44:47,"Pull",38m,"Bicep Curl (Dumbbell)",1,45.0,10.0,0,0.0,
2022-11-14 11:44:47,"Pull",38m,"Bicep Curl (Dumbbell)",2,45.0,7.0,0,0.0,
2022-11-14 11:44:47,"Pull",38m,"Bicep Curl (Dumbbell)",3,45.0,7.0,0,0.0,
2022-11-14 11:44:47,"Pull",38m,"Hammer Curl (Dumbbell)",1,45.0,7.0,0,0.0,
2022-11-14 11:44:47,"Pull",38m,"Hammer Curl (Dumbbell)",2,45.0,7.0,0,0.0,
2022-11-14 11:44:47,"Pull",38m,"Hammer Curl (Dumbbell)",3,45.0,7.0,0,0.0,
2022-11-14 11:44:47,"Pull",38m,"Pull Up",1,0,6.0,0,0.0,
2022-11-14 11:44:47,"Pull",38m,"Pull Up",2,0,3.0,0,0.0,
2022-11-14 11:44:47,"Pull",38m,"Pull Up",3,0,2.0,0,0.0,
2022-11-14 11:44:47,"Pull",38m,"Kneeling Pulldown (Band)",1,37.5,10.0,0,0.0,
2022-11-14 11:44:47,"Pull",38m,"Kneeling Pulldown (Band)",2,37.5,10.0,0,0.0,
2022-11-14 11:44:47,"Pull",38m,"Kneeling Pulldown (Band)",3,37.5,10.0,0,0.0,
2022-11-15 16:40:44,"Legs",54m,"Squat (Barbell)",1,125.0,6.0,0,0.0,
2022-11-15 16:40:44,"Legs",54m,"Squat (Barbell)",2,125.0,6.0,0,0.0,
2022-11-15 16:40:44,"Legs",54m,"Squat (Barbell)",3,125.0,5.0,0,0.0,
2022-11-15 16:40:44,"Legs",54m,"Bulgarian Split Squat",1,45.0,10.0,0,0.0,
2022-11-15 16:40:44,"Legs",54m,"Bulgarian Split Squat",2,45.0,10.0,0,0.0,
2022-11-15 16:40:44,"Legs",54m,"Bulgarian Split Squat",3,45.0,10.0,0,0.0,
2022-11-15 16:40:44,"Legs",54m,"Seated Leg Press (Machine)",1,145.0,7.0,0,0.0,
2022-11-15 16:40:44,"Legs",54m,"Seated Leg Press (Machine)",2,145.0,10.0,0,0.0,
2022-11-15 16:40:44,"Legs",54m,"Seated Leg Press (Machine)",3,145.0,5.0,0,0.0,
2022-11-15 16:40:44,"Legs",54m,"Seated Calf Raise (Plate Loaded)",1,50.0,10.0,0,0.0,
2022-11-15 16:40:44,"Legs",54m,"Seated Calf Raise (Plate Loaded)",2,50.0,10.0,0,0.0,
2022-11-15 16:40:44,"Legs",54m,"Seated Calf Raise (Plate Loaded)",3,55.0,10.0,0,0.0,
2022-11-15 16:40:44,"Legs",54m,"Seated Calf Raise (Plate Loaded)",4,55.0,10.0,0,0.0,
2022-11-16 16:16:17,"Push",1h 2m,"Bench Press (Dumbbell)",1,120.0,9.0,0,0.0,
2022-11-16 16:16:17,"Push",1h 2m,"Bench Press (Dumbbell)",2,120.0,7.0,0,0.0,
2022-11-16 16:16:17,"Push",1h 2m,"Bench Press (Dumbbell)",3,120.0,5.0,0,0.0,
2022-11-16 16:16:17,"Push",1h 2m,"Incline Bench Press (Dumbbell)",1,90.0,5.0,0,0.0,
2022-11-16 16:16:17,"Push",1h 2m,"Incline Bench Press (Dumbbell)",2,90.0,9.0,0,0.0,
2022-11-16 16:16:17,"Push",1h 2m,"Incline Bench Press (Dumbbell)",3,90.0,7.0,0,0.0,
2022-11-16 16:16:17,"Push",1h 2m,"Chest Fly (Band)",1,65.0,7.0,0,0.0,
2022-11-16 16:16:17,"Push",1h 2m,"Chest Fly (Band)",2,65.0,10.0,0,0.0,
2022-11-16 16:16:17,"Push",1h 2m,"Chest Fly (Band)",3,65.0,10.0,0,0.0,
2022-11-16 16:16:17,"Push",1h 2m,"Shoulder Press (Machine)",1,85.0,10.0,0,0.0,
2022-11-16 16:16:17,"Push",1h 2m,"Shoulder Press (Machine)",2,85.0,10.0,0,0.0,
2022-11-16 16:16:17,"Push",1h 2m,"Shoulder Press (Machine)",3,85.0,5.0,0,0.0,
2022-11-16 16:16:17,"Push",1h 2m,"Shoulder Press (Machine)",4,85.0,3.0,0,0.0,
2022-11-16 16:16:17,"Push",1h 2m,"Lateral Raise (Dumbbell)",1,20.0,10.0,0,0.0,
2022-11-16 16:16:17,"Push",1h 2m,"Lateral Raise (Dumbbell)",2,20.0,10.0,0,0.0,
2022-11-16 16:16:17,"Push",1h 2m,"Lateral Raise (Dumbbell)",3,20.0,10.0,0,0.0,
2022-11-16 16:16:17,"Push",1h 2m,"Lateral Raise (Dumbbell)",4,20.0,10.0,0,0.0,
2022-11-16 16:16:17,"Push",1h 2m,"Triceps Pushdown (Cable - Straight Bar)",1,42.5,10.0,0,0.0,
2022-11-16 16:16:17,"Push",1h 2m,"Triceps Pushdown (Cable - Straight Bar)",2,42.5,10.0,0,0.0,
2022-11-16 16:16:17,"Push",1h 2m,"Triceps Pushdown (Cable - Straight Bar)",3,42.5,9.0,0,0.0,
2022-11-16 16:16:17,"Push",1h 2m,"Triceps Pushdown (Cable - Straight Bar)",4,42.5,5.0,0,0.0,
2022-11-16 16:16:17,"Push",1h 2m,"Triceps Extension (Cable)",1,27.5,10.0,0,0.0,
2022-11-16 16:16:17,"Push",1h 2m,"Triceps Extension (Cable)",2,22.5,10.0,0,0.0,
2022-11-16 16:16:17,"Push",1h 2m,"Triceps Extension (Cable)",3,22.5,10.0,0,0.0,
2022-11-16 16:16:17,"Push",1h 2m,"Triceps Extension (Cable)",4,22.5,10.0,0,0.0,
2022-11-17 10:45:45,"Pull",50m,"Bicep Curl (Dumbbell)",1,45.0,10.0,0,0.0,
2022-11-17 10:45:45,"Pull",50m,"Bicep Curl (Dumbbell)",2,45.0,10.0,0,0.0,
2022-11-17 10:45:45,"Pull",50m,"Bicep Curl (Dumbbell)",3,45.0,9.0,0,0.0,
2022-11-17 10:45:45,"Pull",50m,"Hammer Curl (Dumbbell)",1,45.0,7.0,0,0.0,
2022-11-17 10:45:45,"Pull",50m,"Hammer Curl (Dumbbell)",2,45.0,6.0,0,0.0,
2022-11-17 10:45:45,"Pull",50m,"Hammer Curl (Dumbbell)",3,40.0,10.0,0,0.0,
2022-11-17 10:45:45,"Pull",50m,"Reverse Curl (Barbell)",1,30.0,10.0,0,0.0,
2022-11-17 10:45:45,"Pull",50m,"Reverse Curl (Barbell)",2,30.0,10.0,0,0.0,
2022-11-17 10:45:45,"Pull",50m,"Reverse Curl (Barbell)",3,30.0,10.0,0,0.0,
2022-11-17 10:45:45,"Pull",50m,"Pull Up",1,0,7.0,0,0.0,
2022-11-17 10:45:45,"Pull",50m,"Pull Up",2,0,3.0,0,0.0,
2022-11-17 10:45:45,"Pull",50m,"Pull Up",3,0,4.0,0,0.0,
2022-11-20 15:44:58,"Abs Workout",8m,"Plank",1,0,0.0,0,60.0,
2022-11-20 15:44:58,"Abs Workout",8m,"Russian Twist",1,0,100.0,0,0.0,
2022-11-20 15:44:58,"Abs Workout",8m,"Flat Leg Raise",1,0,100.0,0,0.0,
2022-11-20 15:44:58,"Abs Workout",8m,"Bicycle Crunch",1,0,100.0,0,0.0,
2022-11-20 15:44:58,"Abs Workout",8m,"Crunch",1,0,100.0,0,0.0,
2022-11-21 11:16:40,"Legs",31m,"Squat (Barbell)",1,125.0,6.0,0,0.0,
2022-11-21 11:16:40,"Legs",31m,"Squat (Barbell)",2,125.0,4.0,0,0.0,
2022-11-21 11:16:40,"Legs",31m,"Bulgarian Split Squat",1,45.0,10.0,0,0.0,
2022-11-21 11:16:40,"Legs",31m,"Bulgarian Split Squat",2,45.0,10.0,0,0.0,
2022-11-27 12:33:45,"Push",1h 12m,"Bench Press (Dumbbell)",1,110.0,10.0,0,0.0,
2022-11-27 12:33:45,"Push",1h 12m,"Bench Press (Dumbbell)",2,110.0,8.0,0,0.0,
2022-11-27 12:33:45,"Push",1h 12m,"Bench Press (Dumbbell)",3,110.0,7.0,0,0.0,
2022-11-27 12:33:45,"Push",1h 12m,"Incline Bench Press (Barbell)",1,95.0,6.0,0,0.0,
2022-11-27 12:33:45,"Push",1h 12m,"Incline Bench Press (Barbell)",2,95.0,6.0,0,0.0,
2022-11-27 12:33:45,"Push",1h 12m,"Incline Bench Press (Barbell)",3,95.0,6.0,0,0.0,
2022-11-27 12:33:45,"Push",1h 12m,"Chest Fly (Band)",1,65.0,10.0,0,0.0,
2022-11-27 12:33:45,"Push",1h 12m,"Chest Fly (Band)",2,65.0,10.0,0,0.0,
2022-11-27 12:33:45,"Push",1h 12m,"Chest Fly (Band)",3,65.0,10.0,0,0.0,
2022-11-27 12:33:45,"Push",1h 12m,"Shoulder Press (Machine)",1,85.0,9.0,0,0.0,
2022-11-27 12:33:45,"Push",1h 12m,"Shoulder Press (Machine)",2,85.0,7.0,0,0.0,
2022-11-27 12:33:45,"Push",1h 12m,"Shoulder Press (Machine)",3,85.0,10.0,0,0.0,
2022-11-27 12:33:45,"Push",1h 12m,"Shoulder Press (Machine)",4,85.0,5.0,0,0.0,
2022-11-27 12:33:45,"Push",1h 12m,"Lateral Raise (Dumbbell)",1,20.0,10.0,0,0.0,
2022-11-27 12:33:45,"Push",1h 12m,"Lateral Raise (Dumbbell)",2,20.0,10.0,0,0.0,
2022-11-27 12:33:45,"Push",1h 12m,"Lateral Raise (Dumbbell)",3,20.0,10.0,0,0.0,
2022-11-27 12:33:45,"Push",1h 12m,"Lateral Raise (Dumbbell)",4,20.0,10.0,0,0.0,
2022-11-27 12:33:45,"Push",1h 12m,"Triceps Pushdown (Cable - Straight Bar)",1,42.5,10.0,0,0.0,
2022-11-27 12:33:45,"Push",1h 12m,"Triceps Pushdown (Cable - Straight Bar)",2,42.5,10.0,0,0.0,
2022-11-27 12:33:45,"Push",1h 12m,"Triceps Pushdown (Cable - Straight Bar)",3,42.5,6.0,0,0.0,
2022-11-27 12:33:45,"Push",1h 12m,"Triceps Pushdown (Cable - Straight Bar)",4,42.5,5.0,0,0.0,
2022-11-27 12:33:45,"Push",1h 12m,"Triceps Extension (Cable)",1,27.5,10.0,0,0.0,
2022-11-27 12:33:45,"Push",1h 12m,"Triceps Extension (Cable)",2,27.5,10.0,0,0.0,
2022-11-27 12:33:45,"Push",1h 12m,"Triceps Extension (Cable)",3,27.5,6.0,0,0.0,
2022-11-28 09:14:12,"Pull",30m,"Bicep Curl (Dumbbell)",1,45.0,10.0,0,0.0,
2022-11-28 09:14:12,"Pull",30m,"Bicep Curl (Dumbbell)",2,45.0,10.0,0,0.0,
2022-11-28 09:14:12,"Pull",30m,"Bicep Curl (Dumbbell)",3,45.0,10.0,0,0.0,
2022-11-28 09:14:12,"Pull",30m,"Hammer Curl (Dumbbell)",1,45.0,10.0,0,0.0,
2022-11-28 09:14:12,"Pull",30m,"Hammer Curl (Dumbbell)",2,45.0,10.0,0,0.0,
2022-11-28 09:14:12,"Pull",30m,"Hammer Curl (Dumbbell)",3,45.0,5.0,0,0.0,
2022-11-28 09:14:12,"Pull",30m,"Preacher Curl (Machine)",1,60.0,10.0,0,0.0,
2022-11-28 09:14:12,"Pull",30m,"Preacher Curl (Machine)",2,60.0,10.0,0,0.0,
2022-11-28 09:14:12,"Pull",30m,"Preacher Curl (Machine)",3,60.0,10.0,0,0.0,
2022-11-28 09:14:12,"Pull",30m,"Seated Row (Cable)",1,42.5,10.0,0,0.0,
2022-11-28 09:14:12,"Pull",30m,"Seated Row (Cable)",2,42.5,10.0,0,0.0,
2022-11-28 09:14:12,"Pull",30m,"Seated Row (Cable)",3,42.5,10.0,0,0.0,
2022-11-29 11:13:43,"Legs",42m,"Squat (Barbell)",1,125.0,7.0,0,0.0,
2022-11-29 11:13:43,"Legs",42m,"Squat (Barbell)",2,125.0,4.0,0,0.0,
2022-11-29 11:13:43,"Legs",42m,"Squat (Barbell)",3,125.0,10.0,0,0.0,
2022-11-29 11:13:43,"Legs",42m,"Bulgarian Split Squat",1,45.0,10.0,0,0.0,
2022-11-29 11:13:43,"Legs",42m,"Bulgarian Split Squat",2,45.0,10.0,0,0.0,
2022-11-29 11:13:43,"Legs",42m,"Bulgarian Split Squat",3,45.0,10.0,0,0.0,
2022-11-29 11:13:43,"Legs",42m,"Seated Leg Press (Machine)",1,145.0,10.0,0,0.0,
2022-11-29 11:13:43,"Legs",42m,"Seated Leg Press (Machine)",2,145.0,10.0,0,0.0,
2022-11-29 11:13:43,"Legs",42m,"Seated Leg Press (Machine)",3,145.0,10.0,0,0.0,
2022-11-29 11:13:43,"Legs",42m,"Seated Calf Raise (Plate Loaded)",1,55.0,10.0,0,0.0,
2022-11-29 11:13:43,"Legs",42m,"Seated Calf Raise (Plate Loaded)",2,55.0,10.0,0,0.0,
2022-11-29 11:13:43,"Legs",42m,"Seated Calf Raise (Plate Loaded)",3,55.0,10.0,0,0.0,
2022-11-29 11:13:43,"Legs",42m,"Seated Calf Raise (Plate Loaded)",4,55.0,10.0,0,0.0,
2022-12-02 12:23:24,"Push",23m,"Bench Press (Dumbbell)",1,120.0,9.0,0,0.0,
2022-12-02 12:23:24,"Push",23m,"Bench Press (Dumbbell)",2,120.0,10.0,0,0.0,
2022-12-02 12:23:24,"Push",23m,"Bench Press (Dumbbell)",3,120.0,10.0,0,0.0,
2022-12-02 12:23:24,"Push",23m,"Triceps Pushdown (Cable - Straight Bar)",1,42.5,10.0,0,0.0,
2022-12-02 12:23:24,"Push",23m,"Triceps Pushdown (Cable - Straight Bar)",2,42.5,10.0,0,0.0,
2022-12-02 18:22:46,"Push",1h 4m,"Bench Press (Barbell)",1,135.0,5.0,0,0.0,
2022-12-02 18:22:46,"Push",1h 4m,"Bench Press (Barbell)",2,135.0,4.0,0,0.0,
2022-12-02 18:22:46,"Push",1h 4m,"Bench Press (Barbell)",3,135.0,4.0,0,0.0,
2022-12-02 18:22:46,"Push",1h 4m,"Chest Fly (Band)",1,65.0,10.0,0,0.0,
2022-12-02 18:22:46,"Push",1h 4m,"Chest Fly (Band)",2,65.0,10.0,0,0.0,
2022-12-02 18:22:46,"Push",1h 4m,"Chest Fly (Band)",3,65.0,10.0,0,0.0,
2022-12-02 18:22:46,"Push",1h 4m,"Overhead Press (Dumbbell)",1,70.0,10.0,0,0.0,
2022-12-02 18:22:46,"Push",1h 4m,"Overhead Press (Dumbbell)",2,70.0,10.0,0,0.0,
2022-12-02 18:22:46,"Push",1h 4m,"Overhead Press (Dumbbell)",3,70.0,8.0,0,0.0,
2022-12-02 18:22:46,"Push",1h 4m,"Triceps Pushdown (Cable - Straight Bar)",1,42.5,10.0,0,0.0,
2022-12-02 18:22:46,"Push",1h 4m,"Triceps Pushdown (Cable - Straight Bar)",2,42.5,10.0,0,0.0,
2022-12-02 18:22:46,"Push",1h 4m,"Triceps Pushdown (Cable - Straight Bar)",3,42.5,10.0,0,0.0,
2022-12-02 18:22:46,"Push",1h 4m,"Triceps Pushdown (Cable - Straight Bar)",4,42.5,6.0,0,0.0,
2022-12-02 18:22:46,"Push",1h 4m,"Triceps Extension (Cable)",1,27.5,10.0,0,0.0,
2022-12-02 18:22:46,"Push",1h 4m,"Triceps Extension (Cable)",2,27.5,10.0,0,0.0,
2022-12-02 18:22:46,"Push",1h 4m,"Triceps Extension (Cable)",3,27.5,10.0,0,0.0,
2022-12-02 18:22:46,"Push",1h 4m,"Triceps Extension (Cable)",4,27.5,10.0,0,0.0,
2022-12-03 19:22:30,"Pull",33m,"Bicep Curl (Dumbbell)",1,45.0,10.0,0,0.0,
2022-12-03 19:22:30,"Pull",33m,"Bicep Curl (Dumbbell)",2,45.0,10.0,0,0.0,
2022-12-03 19:22:30,"Pull",33m,"Bicep Curl (Dumbbell)",3,45.0,10.0,0,0.0,
2022-12-03 19:22:30,"Pull",33m,"Hammer Curl (Dumbbell)",1,45.0,9.0,0,0.0,
2022-12-03 19:22:30,"Pull",33m,"Hammer Curl (Dumbbell)",2,45.0,6.0,0,0.0,
2022-12-03 19:22:30,"Pull",33m,"Hammer Curl (Dumbbell)",3,45.0,6.0,0,0.0,
2022-12-03 19:22:30,"Pull",33m,"Preacher Curl (Machine)",1,60.0,10.0,0,0.0,
2022-12-03 19:22:30,"Pull",33m,"Preacher Curl (Machine)",2,60.0,10.0,0,0.0,
2022-12-03 19:22:30,"Pull",33m,"Preacher Curl (Machine)",3,60.0,10.0,0,0.0,
2022-12-03 19:22:30,"Pull",33m,"Pull Up",1,0,6.0,0,0.0,
2022-12-03 19:22:30,"Pull",33m,"Pull Up",2,0,3.0,0,0.0,
2022-12-03 19:22:30,"Pull",33m,"Pull Up",3,0,2.0,0,0.0,
2022-12-03 19:22:30,"Pull",33m,"Seated Row (Cable)",1,42.5,10.0,0,0.0,
2022-12-03 19:22:30,"Pull",33m,"Seated Row (Cable)",2,42.5,10.0,0,0.0,
2022-12-03 19:22:30,"Pull",33m,"Seated Row (Cable)",3,42.5,10.0,0,0.0,
2022-12-05 09:09:36,"Legs",55m,"Squat (Barbell)",1,115.0,10.0,0,0.0,
2022-12-05 09:09:36,"Legs",55m,"Squat (Barbell)",2,115.0,10.0,0,0.0,
2022-12-05 09:09:36,"Legs",55m,"Squat (Barbell)",3,115.0,10.0,0,0.0,
2022-12-05 09:09:36,"Legs",55m,"Bulgarian Split Squat",1,45.0,10.0,0,0.0,
2022-12-05 09:09:36,"Legs",55m,"Bulgarian Split Squat",2,45.0,10.0,0,0.0,
2022-12-05 09:09:36,"Legs",55m,"Bulgarian Split Squat",3,45.0,10.0,0,0.0,
2022-12-05 09:09:36,"Legs",55m,"Seated Leg Press (Machine)",1,145.0,10.0,0,0.0,
2022-12-05 09:09:36,"Legs",55m,"Seated Leg Press (Machine)",2,145.0,10.0,0,0.0,
2022-12-05 09:09:36,"Legs",55m,"Seated Leg Press (Machine)",3,145.0,10.0,0,0.0,
2022-12-05 09:09:36,"Legs",55m,"Seated Calf Raise (Plate Loaded)",1,55.0,10.0,0,0.0,
2022-12-05 09:09:36,"Legs",55m,"Seated Calf Raise (Plate Loaded)",2,55.0,10.0,0,0.0,
2022-12-05 09:09:36,"Legs",55m,"Seated Calf Raise (Plate Loaded)",3,55.0,10.0,0,0.0,
2022-12-05 09:09:36,"Legs",55m,"Seated Calf Raise (Plate Loaded)",4,55.0,10.0,0,0.0,
2022-12-06 15:06:26,"Push",1h 15m,"Bench Press (Barbell)",1,135.0,6.0,0,0.0,
2022-12-06 15:06:26,"Push",1h 15m,"Bench Press (Barbell)",2,135.0,5.0,0,0.0,
2022-12-06 15:06:26,"Push",1h 15m,"Bench Press (Barbell)",3,135.0,4.0,0,0.0,
2022-12-06 15:06:26,"Push",1h 15m,"Incline Bench Press (Barbell)",1,95.0,10.0,0,0.0,
2022-12-06 15:06:26,"Push",1h 15m,"Incline Bench Press (Barbell)",2,95.0,10.0,0,0.0,
2022-12-06 15:06:26,"Push",1h 15m,"Incline Bench Press (Barbell)",3,95.0,10.0,0,0.0,
2022-12-06 15:06:26,"Push",1h 15m,"Chest Fly (Band)",1,55.0,10.0,0,0.0,
2022-12-06 15:06:26,"Push",1h 15m,"Chest Fly (Band)",2,55.0,10.0,0,0.0,
2022-12-06 15:06:26,"Push",1h 15m,"Chest Fly (Band)",3,55.0,10.0,0,0.0,
2022-12-06 15:06:26,"Push",1h 15m,"Arnold Press (Dumbbell)",1,70.0,10.0,0,0.0,
2022-12-06 15:06:26,"Push",1h 15m,"Arnold Press (Dumbbell)",2,70.0,10.0,0,0.0,
2022-12-06 15:06:26,"Push",1h 15m,"Arnold Press (Dumbbell)",3,70.0,10.0,0,0.0,
2022-12-06 15:06:26,"Push",1h 15m,"Arnold Press (Dumbbell)",4,70.0,10.0,0,0.0,
2022-12-06 15:06:26,"Push",1h 15m,"Lateral Raise (Dumbbell)",1,25.0,10.0,0,0.0,
2022-12-06 15:06:26,"Push",1h 15m,"Lateral Raise (Dumbbell)",2,25.0,10.0,0,0.0,
2022-12-06 15:06:26,"Push",1h 15m,"Lateral Raise (Dumbbell)",3,25.0,10.0,0,0.0,
2022-12-06 15:06:26,"Push",1h 15m,"Lateral Raise (Dumbbell)",4,25.0,10.0,0,0.0,
2022-12-06 15:06:26,"Push",1h 15m,"Triceps Pushdown (Cable - Straight Bar)",1,42.5,10.0,0,0.0,
2022-12-06 15:06:26,"Push",1h 15m,"Triceps Pushdown (Cable - Straight Bar)",2,42.5,10.0,0,0.0,
2022-12-06 15:06:26,"Push",1h 15m,"Triceps Pushdown (Cable - Straight Bar)",3,42.5,9.0,0,0.0,
2022-12-06 15:06:26,"Push",1h 15m,"Triceps Pushdown (Cable - Straight Bar)",4,42.5,8.0,0,0.0,
2022-12-06 15:06:26,"Push",1h 15m,"Triceps Extension (Cable)",1,25.0,8.0,0,0.0,
2022-12-06 15:06:26,"Push",1h 15m,"Triceps Extension (Cable)",2,25.0,10.0,0,0.0,
2022-12-06 15:06:26,"Push",1h 15m,"Triceps Extension (Cable)",3,25.0,10.0,0,0.0,
2022-12-06 15:06:26,"Push",1h 15m,"Triceps Extension (Cable)",4,25.0,10.0,0,0.0,
2022-12-07 13:31:24,"Pull",28m,"Bicep Curl (Dumbbell)",1,45.0,10.0,0,0.0,
2022-12-07 13:31:24,"Pull",28m,"Bicep Curl (Dumbbell)",2,45.0,10.0,0,0.0,
2022-12-07 13:31:24,"Pull",28m,"Bicep Curl (Dumbbell)",3,45.0,10.0,0,0.0,
2022-12-07 13:31:24,"Pull",28m,"Hammer Curl (Dumbbell)",1,45.0,10.0,0,0.0,
2022-12-07 13:31:24,"Pull",28m,"Hammer Curl (Dumbbell)",2,45.0,10.0,0,0.0,
2022-12-07 13:31:24,"Pull",28m,"Hammer Curl (Dumbbell)",3,45.0,10.0,0,0.0,
2022-12-07 13:31:24,"Pull",28m,"Preacher Curl (Machine)",1,60.0,9.0,0,0.0,
2022-12-07 13:31:24,"Pull",28m,"Preacher Curl (Machine)",2,60.0,6.0,0,0.0,
2022-12-07 13:31:24,"Pull",28m,"Preacher Curl (Machine)",3,60.0,10.0,0,0.0,
2022-12-08 10:52:24,"Push",49m,"Bench Press (Barbell)",1,135.0,9.0,0,0.0,
2022-12-08 10:52:24,"Push",49m,"Bench Press (Barbell)",2,135.0,7.0,0,0.0,
2022-12-08 10:52:24,"Push",49m,"Bench Press (Barbell)",3,135.0,5.0,0,0.0,
2022-12-08 10:52:24,"Push",49m,"Incline Bench Press (Barbell)",1,95.0,8.0,0,0.0,
2022-12-08 10:52:24,"Push",49m,"Incline Bench Press (Barbell)",2,95.0,6.0,0,0.0,
2022-12-08 10:52:24,"Push",49m,"Incline Bench Press (Barbell)",3,95.0,7.0,0,0.0,
2022-12-08 10:52:24,"Push",49m,"Chest Fly (Band)",1,55.0,10.0,0,0.0,
2022-12-08 10:52:24,"Push",49m,"Chest Fly (Band)",2,55.0,10.0,0,0.0,
2022-12-08 10:52:24,"Push",49m,"Chest Fly (Band)",3,55.0,10.0,0,0.0,
2022-12-08 10:52:24,"Push",49m,"Triceps Pushdown (Cable - Straight Bar)",1,42.5,10.0,0,0.0,
2022-12-08 10:52:24,"Push",49m,"Triceps Pushdown (Cable - Straight Bar)",2,42.5,10.0,0,0.0,
2022-12-09 14:05:49,"Legs",43m,"Squat (Barbell)",1,125.0,9.0,0,0.0,
2022-12-09 14:05:49,"Legs",43m,"Squat (Barbell)",2,125.0,7.0,0,0.0,
2022-12-09 14:05:49,"Legs",43m,"Squat (Barbell)",3,125.0,4.0,0,0.0,
2022-12-09 14:05:49,"Legs",43m,"Bulgarian Split Squat",1,45.0,10.0,0,0.0,
2022-12-09 14:05:49,"Legs",43m,"Bulgarian Split Squat",2,45.0,10.0,0,0.0,
2022-12-09 14:05:49,"Legs",43m,"Bulgarian Split Squat",3,45.0,10.0,0,0.0,
2022-12-09 14:05:49,"Legs",43m,"Seated Leg Press (Machine)",1,145.0,10.0,0,0.0,
2022-12-09 14:05:49,"Legs",43m,"Seated Leg Press (Machine)",2,145.0,10.0,0,0.0,
2022-12-09 14:05:49,"Legs",43m,"Seated Leg Press (Machine)",3,145.0,10.0,0,0.0,
2022-12-09 14:05:49,"Legs",43m,"Seated Calf Raise (Plate Loaded)",1,55.0,10.0,0,0.0,
2022-12-09 14:05:49,"Legs",43m,"Seated Calf Raise (Plate Loaded)",2,55.0,10.0,0,0.0,
2022-12-09 14:05:49,"Legs",43m,"Seated Calf Raise (Plate Loaded)",3,55.0,10.0,0,0.0,
2022-12-09 14:05:49,"Legs",43m,"Seated Calf Raise (Plate Loaded)",4,70.0,10.0,0,0.0,
2022-12-12 11:34:03,"Pull",36m,"Bicep Curl (Dumbbell)",1,45.0,10.0,0,0.0,
2022-12-12 11:34:03,"Pull",36m,"Bicep Curl (Dumbbell)",2,45.0,10.0,0,0.0,
2022-12-12 11:34:03,"Pull",36m,"Bicep Curl (Dumbbell)",3,45.0,6.0,0,0.0,
2022-12-12 11:34:03,"Pull",36m,"Hammer Curl (Dumbbell)",1,45.0,10.0,0,0.0,
2022-12-12 11:34:03,"Pull",36m,"Hammer Curl (Dumbbell)",2,45.0,10.0,0,0.0,
2022-12-12 11:34:03,"Pull",36m,"Hammer Curl (Dumbbell)",3,45.0,10.0,0,0.0,
2022-12-12 11:34:03,"Pull",36m,"Preacher Curl (Machine)",1,45.0,10.0,0,0.0,
2022-12-12 11:34:03,"Pull",36m,"Preacher Curl (Machine)",2,45.0,10.0,0,0.0,
2022-12-12 11:34:03,"Pull",36m,"Preacher Curl (Machine)",3,45.0,10.0,0,0.0,
2022-12-12 11:34:03,"Pull",36m,"Pull Up",1,0,5.0,0,0.0,
2022-12-12 11:34:03,"Pull",36m,"Pull Up",2,0,3.0,0,0.0,
2022-12-12 11:34:03,"Pull",36m,"Pull Up",3,0,1.0,0,0.0,
2022-12-12 11:34:03,"Pull",36m,"Seated Row (Cable)",1,55.0,10.0,0,0.0,
2022-12-12 11:34:03,"Pull",36m,"Seated Row (Cable)",2,70.0,10.0,0,0.0,
2022-12-12 11:34:03,"Pull",36m,"Seated Row (Cable)",3,70.0,10.0,0,0.0,
2022-12-12 11:34:03,"Pull",36m,"Seated Row (Cable)",4,70.0,10.0,0,0.0,
2022-12-13 16:48:18,"Push",1h 7m,"Bench Press (Barbell)",1,135.0,7.0,0,0.0,
2022-12-13 16:48:18,"Push",1h 7m,"Bench Press (Barbell)",2,135.0,6.0,0,0.0,
2022-12-13 16:48:18,"Push",1h 7m,"Bench Press (Barbell)",3,135.0,4.0,0,0.0,
2022-12-13 16:48:18,"Push",1h 7m,"Incline Bench Press (Barbell)",1,95.0,9.0,0,0.0,
2022-12-13 16:48:18,"Push",1h 7m,"Incline Bench Press (Barbell)",2,95.0,6.0,0,0.0,
2022-12-13 16:48:18,"Push",1h 7m,"Incline Bench Press (Barbell)",3,95.0,3.0,0,0.0,
2022-12-13 16:48:18,"Push",1h 7m,"Chest Fly (Band)",1,55.0,10.0,0,0.0,
2022-12-13 16:48:18,"Push",1h 7m,"Chest Fly (Band)",2,55.0,7.0,0,0.0,
2022-12-13 16:48:18,"Push",1h 7m,"Chest Fly (Band)",3,55.0,5.0,0,0.0,
2022-12-13 16:48:18,"Push",1h 7m,"Arnold Press (Dumbbell)",1,70.0,10.0,0,0.0,
2022-12-13 16:48:18,"Push",1h 7m,"Arnold Press (Dumbbell)",2,70.0,9.0,0,0.0,
2022-12-13 16:48:18,"Push",1h 7m,"Arnold Press (Dumbbell)",3,70.0,7.0,0,0.0,
2022-12-13 16:48:18,"Push",1h 7m,"Arnold Press (Dumbbell)",4,70.0,6.0,0,0.0,
2022-12-13 16:48:18,"Push",1h 7m,"Lateral Raise (Dumbbell)",1,25.0,10.0,0,0.0,
2022-12-13 16:48:18,"Push",1h 7m,"Lateral Raise (Dumbbell)",2,25.0,10.0,0,0.0,
2022-12-13 16:48:18,"Push",1h 7m,"Lateral Raise (Dumbbell)",3,25.0,10.0,0,0.0,
2022-12-13 16:48:18,"Push",1h 7m,"Lateral Raise (Dumbbell)",4,25.0,10.0,0,0.0,
2022-12-13 16:48:18,"Push",1h 7m,"Triceps Pushdown (Cable - Straight Bar)",1,42.5,10.0,0,0.0,
2022-12-13 16:48:18,"Push",1h 7m,"Triceps Pushdown (Cable - Straight Bar)",2,42.5,10.0,0,0.0,
2022-12-13 16:48:18,"Push",1h 7m,"Triceps Pushdown (Cable - Straight Bar)",3,42.5,6.0,0,0.0,
2022-12-13 16:48:18,"Push",1h 7m,"Triceps Pushdown (Cable - Straight Bar)",4,37.5,7.0,0,0.0,
2022-12-13 16:48:18,"Push",1h 7m,"Triceps Extension (Cable)",1,25.0,10.0,0,0.0,
2022-12-13 16:48:18,"Push",1h 7m,"Triceps Extension (Cable)",2,25.0,10.0,0,0.0,
2022-12-13 16:48:18,"Push",1h 7m,"Triceps Extension (Cable)",3,25.0,10.0,0,0.0,
2022-12-13 16:48:18,"Push",1h 7m,"Triceps Extension (Cable)",4,25.0,10.0,0,0.0,
2022-12-14 14:26:22,"Legs",49m,"Squat (Barbell)",1,115.0,6.0,0,0.0,
2022-12-14 14:26:22,"Legs",49m,"Squat (Barbell)",2,115.0,5.0,0,0.0,
2022-12-14 14:26:22,"Legs",49m,"Squat (Barbell)",3,115.0,5.0,0,0.0,
2022-12-14 14:26:22,"Legs",49m,"Bulgarian Split Squat",1,45.0,10.0,0,0.0,
2022-12-14 14:26:22,"Legs",49m,"Bulgarian Split Squat",2,45.0,10.0,0,0.0,
2022-12-14 14:26:22,"Legs",49m,"Bulgarian Split Squat",3,45.0,10.0,0,0.0,
2022-12-14 14:26:22,"Legs",49m,"Seated Leg Press (Machine)",1,145.0,10.0,0,0.0,
2022-12-14 14:26:22,"Legs",49m,"Seated Leg Press (Machine)",2,145.0,10.0,0,0.0,
2022-12-14 14:26:22,"Legs",49m,"Seated Leg Press (Machine)",3,145.0,10.0,0,0.0,
2022-12-14 14:26:22,"Legs",49m,"Seated Calf Raise (Plate Loaded)",1,70.0,10.0,0,0.0,
2022-12-14 14:26:22,"Legs",49m,"Seated Calf Raise (Plate Loaded)",2,70.0,10.0,0,0.0,
2022-12-14 14:26:22,"Legs",49m,"Seated Calf Raise (Plate Loaded)",3,70.0,10.0,0,0.0,
2022-12-14 14:26:22,"Legs",49m,"Seated Calf Raise (Plate Loaded)",4,70.0,10.0,0,0.0,
2022-12-14 14:26:22,"Legs",49m,"Standing Calf Raise (Machine)",1,70.0,10.0,0,0.0,
2022-12-14 14:26:22,"Legs",49m,"Standing Calf Raise (Machine)",2,70.0,10.0,0,0.0,
2022-12-14 14:26:22,"Legs",49m,"Standing Calf Raise (Machine)",3,70.0,10.0,0,0.0,
2022-12-14 14:26:22,"Legs",49m,"Standing Calf Raise (Machine)",4,70.0,10.0,0,0.0,
2022-12-20 12:14:35,"Pull",23h 2m,"Bicep Curl (Dumbbell)",1,45.0,10.0,0,0.0,
2022-12-20 12:14:35,"Pull",23h 2m,"Bicep Curl (Dumbbell)",2,45.0,10.0,0,0.0,
2022-12-20 12:14:35,"Pull",23h 2m,"Bicep Curl (Dumbbell)",3,45.0,10.0,0,0.0,
2022-12-20 12:14:35,"Pull",23h 2m,"Preacher Curl (Machine)",1,45.0,10.0,0,0.0,
2022-12-20 12:14:35,"Pull",23h 2m,"Preacher Curl (Machine)",2,45.0,5.0,0,0.0,
2022-12-20 12:14:35,"Pull",23h 2m,"Preacher Curl (Machine)",3,45.0,9.0,0,0.0,
2022-12-21 11:17:52,"Push",57m,"Bench Press (Barbell)",1,165.0,1.0,0,0.0,
2022-12-21 11:17:52,"Push",57m,"Bench Press (Barbell)",2,135.0,5.0,0,0.0,
2022-12-21 11:17:52,"Push",57m,"Bench Press (Barbell)",3,135.0,4.0,0,0.0,
2022-12-21 11:17:52,"Push",57m,"Incline Bench Press (Barbell)",1,95.0,10.0,0,0.0,
2022-12-21 11:17:52,"Push",57m,"Incline Bench Press (Barbell)",2,95.0,5.0,0,0.0,
2022-12-21 11:17:52,"Push",57m,"Incline Bench Press (Barbell)",3,95.0,6.0,0,0.0,
2022-12-21 11:17:52,"Push",57m,"Chest Fly (Band)",1,55.0,10.0,0,0.0,
2022-12-21 11:17:52,"Push",57m,"Chest Fly (Band)",2,55.0,10.0,0,0.0,
2022-12-21 11:17:52,"Push",57m,"Chest Fly (Band)",3,55.0,10.0,0,0.0,
2022-12-21 11:17:52,"Push",57m,"Shoulder Press (Machine)",1,55.0,10.0,0,0.0,
2022-12-21 11:17:52,"Push",57m,"Shoulder Press (Machine)",2,55.0,10.0,0,0.0,
2022-12-21 11:17:52,"Push",57m,"Shoulder Press (Machine)",3,55.0,10.0,0,0.0,
2022-12-21 11:17:52,"Push",57m,"Shoulder Press (Machine)",4,55.0,5.0,0,0.0,
2022-12-21 11:17:52,"Push",57m,"Triceps Pushdown (Cable - Straight Bar)",1,42.5,10.0,0,0.0,
2022-12-21 11:17:52,"Push",57m,"Triceps Pushdown (Cable - Straight Bar)",2,42.5,10.0,0,0.0,
2022-12-21 11:17:52,"Push",57m,"Triceps Pushdown (Cable - Straight Bar)",3,35.0,9.0,0,0.0,
2022-12-21 11:17:52,"Push",57m,"Triceps Pushdown (Cable - Straight Bar)",4,35.0,10.0,0,0.0,
2022-12-23 10:30:31,"Legs",33m,"Squat (Barbell)",1,115.0,10.0,0,0.0,
2022-12-23 10:30:31,"Legs",33m,"Squat (Barbell)",2,115.0,9.0,0,0.0,
2022-12-23 10:30:31,"Legs",33m,"Squat (Barbell)",3,115.0,6.0,0,0.0,
2022-12-23 10:30:31,"Legs",33m,"Bulgarian Split Squat",1,50.0,10.0,0,0.0,
2022-12-23 10:30:31,"Legs",33m,"Bulgarian Split Squat",2,50.0,10.0,0,0.0,
2022-12-23 10:30:31,"Legs",33m,"Bulgarian Split Squat",3,50.0,10.0,0,0.0,
2022-12-23 10:30:31,"Legs",33m,"Seated Leg Press (Machine)",1,145.0,10.0,0,0.0,
2022-12-23 10:30:31,"Legs",33m,"Seated Leg Press (Machine)",2,145.0,10.0,0,0.0,
2022-12-23 10:30:31,"Legs",33m,"Seated Leg Press (Machine)",3,145.0,10.0,0,0.0,
2022-12-23 10:30:31,"Legs",33m,"Seated Calf Raise (Plate Loaded)",1,70.0,10.0,0,0.0,
2022-12-23 10:30:31,"Legs",33m,"Seated Calf Raise (Plate Loaded)",2,70.0,10.0,0,0.0,
2022-12-26 10:59:01,"Pull",31m,"Bicep Curl (Dumbbell)",1,45.0,10.0,0,0.0,
2022-12-26 10:59:01,"Pull",31m,"Bicep Curl (Dumbbell)",2,45.0,9.0,0,0.0,
2022-12-26 10:59:01,"Pull",31m,"Bicep Curl (Dumbbell)",3,45.0,7.0,0,0.0,
2022-12-26 10:59:01,"Pull",31m,"Hammer Curl (Dumbbell)",1,45.0,10.0,0,0.0,
2022-12-26 10:59:01,"Pull",31m,"Hammer Curl (Dumbbell)",2,40.0,10.0,0,0.0,
2022-12-26 10:59:01,"Pull",31m,"Hammer Curl (Dumbbell)",3,40.0,10.0,0,0.0,
2022-12-26 10:59:01,"Pull",31m,"Pull Up",1,25.0,5.0,0,0.0,
2022-12-26 10:59:01,"Pull",31m,"Pull Up",2,40.0,10.0,0,0.0,
2022-12-26 10:59:01,"Pull",31m,"Pull Up",3,40.0,10.0,0,0.0,
2022-12-26 10:59:01,"Pull",31m,"Pull Up",4,40.0,10.0,0,0.0,
2022-12-26 10:59:01,"Pull",31m,"Seated Row (Cable)",1,70.0,10.0,0,0.0,
2022-12-26 10:59:01,"Pull",31m,"Seated Row (Cable)",2,70.0,10.0,0,0.0,
2022-12-26 10:59:01,"Pull",31m,"Seated Row (Cable)",3,70.0,10.0,0,0.0,
2022-12-27 14:19:01,"Push",1h 26m,"Bench Press (Barbell)",1,135.0,8.0,0,0.0,
2022-12-27 14:19:01,"Push",1h 26m,"Bench Press (Barbell)",2,135.0,6.0,0,0.0,
2022-12-27 14:19:01,"Push",1h 26m,"Bench Press (Barbell)",3,135.0,4.0,0,0.0,
2022-12-27 14:19:01,"Push",1h 26m,"Incline Bench Press (Barbell)",1,95.0,10.0,0,0.0,
2022-12-27 14:19:01,"Push",1h 26m,"Shoulder Press (Machine)",1,55.0,10.0,0,0.0,
2022-12-27 14:19:01,"Push",1h 26m,"Shoulder Press (Machine)",2,55.0,10.0,0,0.0,
2022-12-27 14:19:01,"Push",1h 26m,"Shoulder Press (Machine)",3,55.0,10.0,0,0.0,
2022-12-28 12:01:15,"Legs",51m,"Squat (Barbell)",1,125.0,8.0,0,0.0,
2022-12-28 12:01:15,"Legs",51m,"Squat (Barbell)",2,125.0,6.0,0,0.0,
2022-12-28 12:01:15,"Legs",51m,"Squat (Barbell)",3,125.0,3.0,0,0.0,
2022-12-28 12:01:15,"Legs",51m,"Trap Bar Deadlift",1,90.0,10.0,0,0.0,
2022-12-28 12:01:15,"Legs",51m,"Trap Bar Deadlift",2,90.0,10.0,0,0.0,
2022-12-28 12:01:15,"Legs",51m,"Trap Bar Deadlift",3,90.0,10.0,0,0.0,
2022-12-28 12:01:15,"Legs",51m,"Bulgarian Split Squat",1,50.0,10.0,0,0.0,
2022-12-28 12:01:15,"Legs",51m,"Bulgarian Split Squat",2,50.0,10.0,0,0.0,
2022-12-28 12:01:15,"Legs",51m,"Seated Calf Raise (Plate Loaded)",1,70.0,10.0,0,0.0,
2022-12-28 12:01:15,"Legs",51m,"Seated Calf Raise (Plate Loaded)",2,70.0,10.0,0,0.0,
2022-12-28 12:01:15,"Legs",51m,"Seated Calf Raise (Plate Loaded)",3,70.0,10.0,0,0.0,
2023-01-01 04:59:36,"Pull",36m,"Bicep Curl (Dumbbell)",1,40.0,10.0,0,0.0,
2023-01-01 04:59:36,"Pull",36m,"Bicep Curl (Dumbbell)",2,40.0,10.0,0,0.0,
2023-01-01 04:59:36,"Pull",36m,"Bicep Curl (Dumbbell)",3,40.0,10.0,0,0.0,
2023-01-01 04:59:36,"Pull",36m,"Hammer Curl (Dumbbell)",1,50.0,10.0,0,0.0,
2023-01-01 04:59:36,"Pull",36m,"Hammer Curl (Dumbbell)",2,50.0,10.0,0,0.0,
2023-01-01 04:59:36,"Pull",36m,"Hammer Curl (Dumbbell)",3,50.0,10.0,0,0.0,
2023-01-01 04:59:36,"Pull",36m,"Preacher Curl (Barbell)",1,40.0,10.0,0,0.0,
2023-01-01 04:59:36,"Pull",36m,"Preacher Curl (Barbell)",2,40.0,10.0,0,0.0,
2023-01-01 04:59:36,"Pull",36m,"Preacher Curl (Barbell)",3,40.0,10.0,0,0.0,
2023-01-01 04:59:36,"Pull",36m,"Pull Up",1,0.0,4.0,0,0.0,
2023-01-01 04:59:36,"Pull",36m,"Pull Up",2,0.0,3.0,0,0.0,
2023-01-01 04:59:36,"Pull",36m,"Pull Up",3,0.0,1.0,0,0.0,
2023-01-01 04:59:36,"Pull",36m,"Seated Row (Cable)",1,70.0,10.0,0,0.0,
2023-01-01 04:59:36,"Pull",36m,"Seated Row (Cable)",2,70.0,10.0,0,0.0,
2023-01-01 04:59:36,"Pull",36m,"Seated Row (Cable)",3,70.0,10.0,0,0.0,
2023-01-02 09:13:03,"Push",53m,"Bench Press (Dumbbell)",1,100.0,10.0,0,0.0,
2023-01-02 09:13:03,"Push",53m,"Bench Press (Dumbbell)",2,100.0,10.0,0,0.0,
2023-01-02 09:13:03,"Push",53m,"Bench Press (Dumbbell)",3,100.0,10.0,0,0.0,
2023-01-02 09:13:03,"Push",53m,"Incline Bench Press (Barbell)",1,95.0,10.0,0,0.0,
2023-01-02 09:13:03,"Push",53m,"Incline Bench Press (Barbell)",2,95.0,10.0,0,0.0,
2023-01-02 09:13:03,"Push",53m,"Incline Bench Press (Barbell)",3,95.0,10.0,0,0.0,
2023-01-02 09:13:03,"Push",53m,"Arnold Press (Dumbbell)",1,70.0,10.0,0,0.0,
2023-01-02 09:13:03,"Push",53m,"Arnold Press (Dumbbell)",2,70.0,10.0,0,0.0,
2023-01-02 09:13:03,"Push",53m,"Arnold Press (Dumbbell)",3,70.0,10.0,0,0.0,
2023-01-02 09:13:03,"Push",53m,"Arnold Press (Dumbbell)",4,70.0,10.0,0,0.0,
2023-01-02 09:13:03,"Push",53m,"Triceps Pushdown (Cable - Straight Bar)",1,35.0,10.0,0,0.0,
2023-01-02 09:13:03,"Push",53m,"Triceps Pushdown (Cable - Straight Bar)",2,35.0,10.0,0,0.0,
2023-01-02 09:13:03,"Push",53m,"Triceps Pushdown (Cable - Straight Bar)",3,35.0,10.0,0,0.0,
2023-01-02 09:13:03,"Push",53m,"Triceps Extension (Cable)",1,25.0,10.0,0,0.0,
2023-01-02 09:13:03,"Push",53m,"Triceps Extension (Cable)",2,25.0,10.0,0,0.0,
2023-01-02 09:13:03,"Push",53m,"Triceps Extension (Cable)",3,25.0,10.0,0,0.0,
2023-01-05 08:09:23,"Legs",47m,"Squat (Barbell)",1,115.0,10.0,0,0.0,
2023-01-05 08:09:23,"Legs",47m,"Squat (Barbell)",2,115.0,10.0,0,0.0,
2023-01-05 08:09:23,"Legs",47m,"Squat (Barbell)",3,115.0,5.0,0,0.0,
2023-01-05 08:09:23,"Legs",47m,"Trap Bar Deadlift",1,140.0,10.0,0,0.0,
2023-01-05 08:09:23,"Legs",47m,"Trap Bar Deadlift",2,140.0,10.0,0,0.0,
2023-01-05 08:09:23,"Legs",47m,"Trap Bar Deadlift",3,140.0,10.0,0,0.0,
2023-01-05 08:09:23,"Legs",47m,"Bulgarian Split Squat",1,50.0,10.0,0,0.0,
2023-01-05 08:09:23,"Legs",47m,"Bulgarian Split Squat",2,50.0,10.0,0,0.0,
2023-01-05 08:09:23,"Legs",47m,"Bulgarian Split Squat",3,50.0,10.0,0,0.0,
2023-01-05 08:09:23,"Legs",47m,"Seated Calf Raise (Plate Loaded)",1,70.0,10.0,0,0.0,
2023-01-05 08:09:23,"Legs",47m,"Seated Calf Raise (Plate Loaded)",2,70.0,10.0,0,0.0,
2023-01-11 09:47:54,"Push",1h 47m,"Bench Press (Dumbbell)",1,100.0,10.0,0,0.0,
2023-01-11 09:47:54,"Push",1h 47m,"Bench Press (Dumbbell)",2,100.0,10.0,0,0.0,
2023-01-11 09:47:54,"Push",1h 47m,"Bench Press (Dumbbell)",3,100.0,10.0,0,0.0,
2023-01-11 09:47:54,"Push",1h 47m,"Incline Bench Press (Dumbbell)",1,80.0,10.0,0,0.0,
2023-01-11 09:47:54,"Push",1h 47m,"Incline Bench Press (Dumbbell)",2,80.0,10.0,0,0.0,
2023-01-11 09:47:54,"Push",1h 47m,"Incline Bench Press (Dumbbell)",3,80.0,10.0,0,0.0,
2023-01-11 09:47:54,"Push",1h 47m,"Chest Fly (Band)",1,55.0,10.0,0,0.0,
2023-01-11 09:47:54,"Push",1h 47m,"Chest Fly (Band)",2,55.0,10.0,0,0.0,
2023-01-11 09:47:54,"Push",1h 47m,"Chest Fly (Band)",3,55.0,10.0,0,0.0,
2023-01-11 09:47:54,"Push",1h 47m,"Shoulder Press (Machine)",1,70.0,10.0,0,0.0,
2023-01-11 09:47:54,"Push",1h 47m,"Shoulder Press (Machine)",2,70.0,10.0,0,0.0,
2023-01-11 09:47:54,"Push",1h 47m,"Shoulder Press (Machine)",3,70.0,10.0,0,0.0,
2023-01-11 09:47:54,"Push",1h 47m,"Shoulder Press (Machine)",4,70.0,10.0,0,0.0,
2023-01-11 09:47:54,"Push",1h 47m,"Lateral Raise (Dumbbell)",1,20.0,10.0,0,0.0,
2023-01-11 09:47:54,"Push",1h 47m,"Lateral Raise (Dumbbell)",2,20.0,10.0,0,0.0,
2023-01-11 09:47:54,"Push",1h 47m,"Lateral Raise (Dumbbell)",3,20.0,10.0,0,0.0,
2023-01-11 09:47:54,"Push",1h 47m,"Lateral Raise (Dumbbell)",4,20.0,10.0,0,0.0,
2023-01-11 09:47:54,"Push",1h 47m,"Triceps Pushdown (Cable - Straight Bar)",1,35.0,10.0,0,0.0,
2023-01-11 09:47:54,"Push",1h 47m,"Triceps Pushdown (Cable - Straight Bar)",2,35.0,10.0,0,0.0,
2023-01-11 09:47:54,"Push",1h 47m,"Triceps Pushdown (Cable - Straight Bar)",3,35.0,10.0,0,0.0,
2023-01-11 09:47:54,"Push",1h 47m,"Triceps Pushdown (Cable - Straight Bar)",4,35.0,10.0,0,0.0,
2023-01-11 09:47:54,"Push",1h 47m,"Triceps Extension (Cable)",1,25.0,10.0,0,0.0,
2023-01-11 09:47:54,"Push",1h 47m,"Triceps Extension (Cable)",2,25.0,10.0,0,0.0,
2023-01-11 09:47:54,"Push",1h 47m,"Triceps Extension (Cable)",3,25.0,10.0,0,0.0,
2023-01-11 09:47:54,"Push",1h 47m,"Triceps Extension (Cable)",4,25.0,10.0,0,0.0,
2023-01-12 20:05:15,"Pull",45m,"Bicep Curl (Dumbbell)",1,45.0,11.0,0,0.0,
2023-01-12 20:05:15,"Pull",45m,"Bicep Curl (Dumbbell)",2,45.0,10.0,0,0.0,
2023-01-12 20:05:15,"Pull",45m,"Bicep Curl (Dumbbell)",3,45.0,10.0,0,0.0,
2023-01-12 20:05:15,"Pull",45m,"Hammer Curl (Dumbbell)",1,45.0,10.0,0,0.0,
2023-01-12 20:05:15,"Pull",45m,"Hammer Curl (Dumbbell)",2,45.0,10.0,0,0.0,
2023-01-12 20:05:15,"Pull",45m,"Hammer Curl (Dumbbell)",3,45.0,10.0,0,0.0,
2023-01-12 20:05:15,"Pull",45m,"Preacher Curl (Machine)",1,60.0,10.0,0,0.0,
2023-01-12 20:05:15,"Pull",45m,"Preacher Curl (Machine)",2,60.0,10.0,0,0.0,
2023-01-12 20:05:15,"Pull",45m,"Preacher Curl (Machine)",3,60.0,6.0,0,0.0,
2023-01-12 20:05:15,"Pull",45m,"Pull Up",1,0.0,6.0,0,0.0,
2023-01-12 20:05:15,"Pull",45m,"Pull Up",2,0.0,6.0,0,0.0,
2023-01-12 20:05:15,"Pull",45m,"Pull Up",3,0.0,3.0,0,0.0,
2023-01-12 20:05:15,"Pull",45m,"Pull Up",4,0.0,2.0,0,0.0,
2023-01-12 20:05:15,"Pull",45m,"Seated Row (Cable)",1,42.5,10.0,0,0.0,
2023-01-12 20:05:15,"Pull",45m,"Seated Row (Cable)",2,42.5,9.0,0,0.0,
2023-01-12 20:05:15,"Pull",45m,"Seated Row (Cable)",3,42.5,10.0,0,0.0,
2023-01-12 20:05:15,"Pull",45m,"Seated Row (Cable)",4,42.5,6.0,0,0.0,
2023-01-13 15:02:19,"Legs",59m,"Squat (Barbell)",1,115.0,10.0,0,0.0,
2023-01-13 15:02:19,"Legs",59m,"Squat (Barbell)",2,115.0,10.0,0,0.0,
2023-01-13 15:02:19,"Legs",59m,"Squat (Barbell)",3,115.0,10.0,0,0.0,
2023-01-13 15:02:19,"Legs",59m,"Romanian Deadlift (Barbell)",1,135.0,10.0,0,0.0,
2023-01-13 15:02:19,"Legs",59m,"Romanian Deadlift (Barbell)",2,135.0,10.0,0,0.0,
2023-01-13 15:02:19,"Legs",59m,"Romanian Deadlift (Barbell)",3,135.0,10.0,0,0.0,
2023-01-13 15:02:19,"Legs",59m,"Seated Leg Press (Machine)",1,145.0,9.0,0,0.0,
2023-01-13 15:02:19,"Legs",59m,"Seated Leg Press (Machine)",2,145.0,9.0,0,0.0,
2023-01-13 15:02:19,"Legs",59m,"Seated Leg Press (Machine)",3,145.0,9.0,0,0.0,
2023-01-13 15:02:19,"Legs",59m,"Seated Calf Raise (Plate Loaded)",1,70.0,10.0,0,0.0,
2023-01-13 15:02:19,"Legs",59m,"Seated Calf Raise (Plate Loaded)",2,70.0,10.0,0,0.0,
2023-01-13 15:02:19,"Legs",59m,"Seated Calf Raise (Plate Loaded)",3,70.0,10.0,0,0.0,
2023-01-13 15:02:19,"Legs",59m,"Seated Calf Raise (Plate Loaded)",4,70.0,10.0,0,0.0,
2023-01-15 12:22:31,"Push",1h 9m,"Bench Press (Dumbbell)",1,110.0,10.0,0,0.0,
2023-01-15 12:22:31,"Push",1h 9m,"Bench Press (Dumbbell)",2,120.0,6.0,0,0.0,
2023-01-15 12:22:31,"Push",1h 9m,"Bench Press (Dumbbell)",3,110.0,10.0,0,0.0,
2023-01-15 12:22:31,"Push",1h 9m,"Incline Bench Press (Dumbbell)",1,80.0,10.0,0,0.0,
2023-01-15 12:22:31,"Push",1h 9m,"Incline Bench Press (Dumbbell)",2,80.0,6.0,0,0.0,
2023-01-15 12:22:31,"Push",1h 9m,"Incline Bench Press (Dumbbell)",3,80.0,8.0,0,0.0,
2023-01-15 12:22:31,"Push",1h 9m,"Chest Fly (Band)",1,55.0,10.0,0,0.0,
2023-01-15 12:22:31,"Push",1h 9m,"Chest Fly (Band)",2,65.0,10.0,0,0.0,
2023-01-15 12:22:31,"Push",1h 9m,"Chest Fly (Band)",3,65.0,10.0,0,0.0,
2023-01-15 12:22:31,"Push",1h 9m,"Shoulder Press (Machine)",1,80.0,10.0,0,0.0,
2023-01-15 12:22:31,"Push",1h 9m,"Shoulder Press (Machine)",2,85.0,10.0,0,0.0,
2023-01-15 12:22:31,"Push",1h 9m,"Shoulder Press (Machine)",3,90.0,8.0,0,0.0,
2023-01-15 12:22:31,"Push",1h 9m,"Shoulder Press (Machine)",4,90.0,6.0,0,0.0,
2023-01-15 12:22:31,"Push",1h 9m,"Lateral Raise (Dumbbell)",1,25.0,10.0,0,0.0,
2023-01-15 12:22:31,"Push",1h 9m,"Lateral Raise (Dumbbell)",2,25.0,10.0,0,0.0,
2023-01-15 12:22:31,"Push",1h 9m,"Lateral Raise (Dumbbell)",3,25.0,10.0,0,0.0,
2023-01-15 12:22:31,"Push",1h 9m,"Lateral Raise (Dumbbell)",4,25.0,10.0,0,0.0,
2023-01-15 12:22:31,"Push",1h 9m,"Triceps Pushdown (Cable - Straight Bar)",1,35.0,10.0,0,0.0,
2023-01-15 12:22:31,"Push",1h 9m,"Triceps Pushdown (Cable - Straight Bar)",2,35.0,10.0,0,0.0,
2023-01-15 12:22:31,"Push",1h 9m,"Triceps Pushdown (Cable - Straight Bar)",3,35.0,10.0,0,0.0,
2023-01-15 12:22:31,"Push",1h 9m,"Triceps Pushdown (Cable - Straight Bar)",4,35.0,10.0,0,0.0,
2023-01-15 12:22:31,"Push",1h 9m,"Triceps Extension (Cable)",1,25.0,10.0,0,0.0,
2023-01-15 12:22:31,"Push",1h 9m,"Triceps Extension (Cable)",2,25.0,10.0,0,0.0,
2023-01-15 12:22:31,"Push",1h 9m,"Triceps Extension (Cable)",3,25.0,10.0,0,0.0,
2023-01-16 11:22:10,"Pull",1h 21m,"Bent Over Row (Barbell)",1,115.0,10.0,0,0.0,
2023-01-16 11:22:10,"Pull",1h 21m,"Bent Over Row (Barbell)",2,115.0,7.0,0,0.0,
2023-01-16 11:22:10,"Pull",1h 21m,"Bent Over Row (Barbell)",3,115.0,10.0,0,0.0,
2023-01-16 11:22:10,"Pull",1h 21m,"Bent Over Row (Barbell)",4,115.0,10.0,0,0.0,
2023-01-16 11:22:10,"Pull",1h 21m,"Lat Pulldown (Single Arm)",1,57.5,10.0,0,0.0,
2023-01-16 11:22:10,"Pull",1h 21m,"Lat Pulldown (Single Arm)",2,57.5,10.0,0,0.0,
2023-01-16 11:22:10,"Pull",1h 21m,"Lat Pulldown (Single Arm)",3,57.5,10.0,0,0.0,
2023-01-16 11:22:10,"Pull",1h 21m,"Seated Row (Cable)",1,42.5,10.0,0,0.0,
2023-01-16 11:22:10,"Pull",1h 21m,"Seated Row (Cable)",2,35.0,10.0,0,0.0,
2023-01-16 11:22:10,"Pull",1h 21m,"Seated Row (Cable)",3,42.5,10.0,0,0.0,
2023-01-16 11:22:10,"Pull",1h 21m,"Seated Row (Cable)",4,42.5,10.0,0,0.0,
2023-01-16 11:22:10,"Pull",1h 21m,"Iso-Lateral Row (Machine)",1,180.0,10.0,0,0.0,
2023-01-16 11:22:10,"Pull",1h 21m,"Iso-Lateral Row (Machine)",2,180.0,10.0,0,0.0,
2023-01-16 11:22:10,"Pull",1h 21m,"Iso-Lateral Row (Machine)",3,180.0,10.0,0,0.0,
2023-01-16 11:22:10,"Pull",1h 21m,"Bicep Curl (Dumbbell)",1,45.0,10.0,0,0.0,
2023-01-16 11:22:10,"Pull",1h 21m,"Bicep Curl (Dumbbell)",2,45.0,10.0,0,0.0,
2023-01-16 11:22:10,"Pull",1h 21m,"Bicep Curl (Dumbbell)",3,45.0,10.0,0,0.0,
2023-01-16 11:22:10,"Pull",1h 21m,"Bicep Curl (Dumbbell)",4,45.0,10.0,0,0.0,
2023-01-16 11:22:10,"Pull",1h 21m,"Bicep Curl (Cable)",1,35.0,10.0,0,0.0,
2023-01-16 11:22:10,"Pull",1h 21m,"Bicep Curl (Cable)",2,35.0,10.0,0,0.0,
2023-01-16 11:22:10,"Pull",1h 21m,"Bicep Curl (Cable)",3,35.0,10.0,0,0.0,
2023-01-17 19:17:24,"Legs",43m,"Squat (Barbell)",1,135.0,9.0,0,0.0,
2023-01-17 19:17:24,"Legs",43m,"Squat (Barbell)",2,135.0,6.0,0,0.0,
2023-01-17 19:17:24,"Legs",43m,"Squat (Barbell)",3,135.0,3.0,0,0.0,
2023-01-17 19:17:24,"Legs",43m,"Romanian Deadlift (Dumbbell)",1,100.0,10.0,0,0.0,
2023-01-17 19:17:24,"Legs",43m,"Romanian Deadlift (Dumbbell)",2,100.0,10.0,0,0.0,
2023-01-17 19:17:24,"Legs",43m,"Romanian Deadlift (Dumbbell)",3,110.0,10.0,0,0.0,
2023-01-17 19:17:24,"Legs",43m,"Bulgarian Split Squat",1,45.0,10.0,0,0.0,
2023-01-17 19:17:24,"Legs",43m,"Bulgarian Split Squat",2,45.0,10.0,0,0.0,
2023-01-17 19:17:24,"Legs",43m,"Seated Calf Raise (Plate Loaded)",1,70.0,10.0,0,0.0,
2023-01-18 09:46:24,"Push",1h 34m,"Bench Press (Dumbbell)",1,110.0,10.0,0,0.0,
2023-01-18 09:46:24,"Push",1h 34m,"Bench Press (Dumbbell)",2,110.0,10.0,0,0.0,
2023-01-18 09:46:24,"Push",1h 34m,"Bench Press (Dumbbell)",3,110.0,5.0,0,0.0,
2023-01-18 09:46:24,"Push",1h 34m,"Bench Press (Dumbbell)",4,110.0,7.0,0,0.0,
2023-01-18 09:46:24,"Push",1h 34m,"Incline Bench Press (Dumbbell)",1,80.0,12.0,0,0.0,
2023-01-18 09:46:24,"Push",1h 34m,"Incline Bench Press (Dumbbell)",2,90.0,9.0,0,0.0,
2023-01-18 09:46:24,"Push",1h 34m,"Incline Bench Press (Dumbbell)",3,90.0,10.0,0,0.0,
2023-01-18 09:46:24,"Push",1h 34m,"Chest Fly (Band)",1,65.0,10.0,0,0.0,
2023-01-18 09:46:24,"Push",1h 34m,"Chest Fly (Band)",2,65.0,10.0,0,0.0,
2023-01-18 09:46:24,"Push",1h 34m,"Chest Fly (Band)",3,65.0,10.0,0,0.0,
2023-01-18 09:46:24,"Push",1h 34m,"Shoulder Press (Machine)",1,85.0,10.0,0,0.0,
2023-01-18 09:46:24,"Push",1h 34m,"Shoulder Press (Machine)",2,90.0,10.0,0,0.0,
2023-01-18 09:46:24,"Push",1h 34m,"Shoulder Press (Machine)",3,90.0,10.0,0,0.0,
2023-01-18 09:46:24,"Push",1h 34m,"Shoulder Press (Machine)",4,90.0,7.0,0,0.0,
2023-01-18 09:46:24,"Push",1h 34m,"Lateral Raise (Cable)",1,10.0,10.0,0,0.0,
2023-01-18 09:46:24,"Push",1h 34m,"Lateral Raise (Cable)",2,10.0,10.0,0,0.0,
2023-01-18 09:46:24,"Push",1h 34m,"Lateral Raise (Cable)",3,10.0,10.0,0,0.0,
2023-01-18 09:46:24,"Push",1h 34m,"Lateral Raise (Cable)",4,10.0,10.0,0,0.0,
2023-01-18 09:46:24,"Push",1h 34m,"Triceps Pushdown (Cable - Straight Bar)",1,35.0,10.0,0,0.0,
2023-01-18 09:46:24,"Push",1h 34m,"Triceps Pushdown (Cable - Straight Bar)",2,42.5,10.0,0,0.0,
2023-01-18 09:46:24,"Push",1h 34m,"Triceps Pushdown (Cable - Straight Bar)",3,42.5,10.0,0,0.0,
2023-01-18 09:46:24,"Push",1h 34m,"Triceps Pushdown (Cable - Straight Bar)",4,42.5,6.0,0,0.0,
2023-01-18 09:46:24,"Push",1h 34m,"Triceps Extension (Cable)",1,25.0,10.0,0,0.0,
2023-01-18 09:46:24,"Push",1h 34m,"Triceps Extension (Cable)",2,25.0,10.0,0,0.0,
2023-01-18 09:46:24,"Push",1h 34m,"Triceps Extension (Cable)",3,25.0,11.0,0,0.0,
2023-01-18 09:46:24,"Push",1h 34m,"Triceps Extension (Cable)",4,25.0,11.0,0,0.0,
2023-01-19 20:40:27,"Pull",10m,"Bicep Curl (Dumbbell)",1,45.0,10.0,0,0.0,
2023-01-19 20:56:44,"Pull",35m,"Bicep Curl (Dumbbell)",1,45.0,10.0,0,0.0,
2023-01-19 20:56:44,"Pull",35m,"Bicep Curl (Dumbbell)",2,50.0,10.0,0,0.0,
2023-01-19 20:56:44,"Pull",35m,"Bicep Curl (Dumbbell)",3,60.0,10.0,0,0.0,
2023-01-19 20:56:44,"Pull",35m,"Hammer Curl (Dumbbell)",1,55.0,10.0,0,0.0,
2023-01-19 20:56:44,"Pull",35m,"Hammer Curl (Dumbbell)",2,55.0,10.0,0,0.0,
2023-01-19 20:56:44,"Pull",35m,"Hammer Curl (Dumbbell)",3,55.0,10.0,0,0.0,
2023-01-19 20:56:44,"Pull",35m,"Bicep Curl (Cable)",1,35.0,10.0,0,0.0,
2023-01-19 20:56:44,"Pull",35m,"Bicep Curl (Cable)",2,35.0,10.0,0,0.0,
2023-01-19 20:56:44,"Pull",35m,"Bicep Curl (Cable)",3,35.0,10.0,0,0.0,
2023-01-19 20:56:44,"Pull",35m,"Pull Up",1,0.0,6.0,0,0.0,
2023-01-19 20:56:44,"Pull",35m,"Pull Up",2,0.0,6.0,0,0.0,
2023-01-19 20:56:44,"Pull",35m,"Pull Up",3,0.0,4.0,0,0.0,
2023-01-19 20:56:44,"Pull",35m,"Seated Row (Cable)",1,42.5,10.0,0,0.0,
2023-01-19 20:56:44,"Pull",35m,"Seated Row (Cable)",2,42.5,10.0,0,0.0,
2023-01-19 20:56:44,"Pull",35m,"Seated Row (Cable)",3,42.5,10.0,0,0.0,
2023-01-20 15:27:21,"Legs",1h 14m,"Squat (Barbell)",1,125.0,10.0,0,0.0,
2023-01-20 15:27:21,"Legs",1h 14m,"Squat (Barbell)",2,135.0,5.0,0,0.0,
2023-01-20 15:27:21,"Legs",1h 14m,"Squat (Barbell)",3,135.0,3.0,0,0.0,
2023-01-20 15:27:21,"Legs",1h 14m,"Romanian Deadlift (Barbell)",1,135.0,10.0,0,0.0,
2023-01-20 15:27:21,"Legs",1h 14m,"Romanian Deadlift (Barbell)",2,155.0,10.0,0,0.0,
2023-01-20 15:27:21,"Legs",1h 14m,"Romanian Deadlift (Barbell)",3,155.0,10.0,0,0.0,
2023-01-20 15:27:21,"Legs",1h 14m,"Lying Leg Curl (Machine)",1,50.0,10.0,0,0.0,
2023-01-20 15:27:21,"Legs",1h 14m,"Lying Leg Curl (Machine)",2,50.0,10.0,0,0.0,
2023-01-20 15:27:21,"Legs",1h 14m,"Lying Leg Curl (Machine)",3,50.0,10.0,0,0.0,
2023-01-20 15:27:21,"Legs",1h 14m,"Seated Calf Raise (Plate Loaded)",1,50.0,10.0,0,0.0,
2023-01-20 15:27:21,"Legs",1h 14m,"Seated Calf Raise (Plate Loaded)",2,90.0,10.0,0,0.0,
2023-01-20 15:27:21,"Legs",1h 14m,"Seated Calf Raise (Plate Loaded)",3,90.0,10.0,0,0.0,
2023-01-20 15:27:21,"Legs",1h 14m,"Calf Press on Seated Leg Press",1,90.0,10.0,0,0.0,
2023-01-20 15:27:21,"Legs",1h 14m,"Calf Press on Seated Leg Press",2,90.0,10.0,0,0.0,
2023-01-20 15:27:21,"Legs",1h 14m,"Calf Press on Seated Leg Press",3,90.0,10.0,0,0.0,
2023-01-23 19:26:45,"Push",1h 29m,"Bench Press (Dumbbell)",1,110.0,10.0,0,0.0,
2023-01-23 19:26:45,"Push",1h 29m,"Bench Press (Dumbbell)",2,120.0,10.0,0,0.0,
2023-01-23 19:26:45,"Push",1h 29m,"Bench Press (Dumbbell)",3,120.0,9.0,0,0.0,
2023-01-23 19:26:45,"Push",1h 29m,"Bench Press (Dumbbell)",4,120.0,3.0,0,0.0,
2023-01-23 19:26:45,"Push",1h 29m,"Incline Bench Press (Barbell)",1,95.0,10.0,0,0.0,
2023-01-23 19:26:45,"Push",1h 29m,"Incline Bench Press (Barbell)",2,95.0,10.0,0,0.0,
2023-01-23 19:26:45,"Push",1h 29m,"Incline Bench Press (Barbell)",3,95.0,10.0,0,0.0,
2023-01-23 19:26:45,"Push",1h 29m,"Chest Fly (Band)",1,65.0,10.0,0,0.0,
2023-01-23 19:26:45,"Push",1h 29m,"Chest Fly (Band)",2,65.0,10.0,0,0.0,
2023-01-23 19:26:45,"Push",1h 29m,"Chest Fly (Band)",3,65.0,10.0,0,0.0,
2023-01-23 19:26:45,"Push",1h 29m,"Shoulder Press (Machine)",1,70.0,10.0,0,0.0,
2023-01-23 19:26:45,"Push",1h 29m,"Shoulder Press (Machine)",2,70.0,8.0,0,0.0,
2023-01-23 19:26:45,"Push",1h 29m,"Shoulder Press (Machine)",3,70.0,7.0,0,0.0,
2023-01-23 19:26:45,"Push",1h 29m,"Shoulder Press (Machine)",4,70.0,7.0,0,0.0,
2023-01-23 19:26:45,"Push",1h 29m,"Shoulder Press (Machine)",5,70.0,5.0,0,0.0,
2023-01-23 19:26:45,"Push",1h 29m,"Lateral Raise (Machine)",1,40.0,10.0,0,0.0,
2023-01-23 19:26:45,"Push",1h 29m,"Lateral Raise (Machine)",2,45.0,10.0,0,0.0,
2023-01-23 19:26:45,"Push",1h 29m,"Lateral Raise (Machine)",3,45.0,10.0,0,0.0,
2023-01-23 19:26:45,"Push",1h 29m,"Triceps Pushdown (Cable - Straight Bar)",1,37.5,10.0,0,0.0,
2023-01-23 19:26:45,"Push",1h 29m,"Triceps Pushdown (Cable - Straight Bar)",2,42.5,10.0,0,0.0,
2023-01-23 19:26:45,"Push",1h 29m,"Triceps Pushdown (Cable - Straight Bar)",3,42.5,10.0,0,0.0,
2023-01-23 19:26:45,"Push",1h 29m,"Triceps Pushdown (Cable - Straight Bar)",4,42.5,6.0,0,0.0,
2023-01-23 19:26:45,"Push",1h 29m,"Triceps Extension (Cable)",1,32.5,10.0,0,0.0,
2023-01-23 19:26:45,"Push",1h 29m,"Triceps Extension (Cable)",2,32.5,10.0,0,0.0,
2023-01-23 19:26:45,"Push",1h 29m,"Triceps Extension (Cable)",3,32.5,10.0,0,0.0,
2023-01-23 19:26:45,"Push",1h 29m,"Triceps Extension (Cable)",4,32.5,10.0,0,0.0,
2023-01-24 21:34:46,"Pull",20m,"Bicep Curl (Dumbbell)",1,60.0,10.0,0,0.0,
2023-01-24 21:34:46,"Pull",20m,"Bicep Curl (Dumbbell)",2,60.0,10.0,0,0.0,
2023-01-24 21:34:46,"Pull",20m,"Hammer Curl (Dumbbell)",1,60.0,10.0,0,0.0,
2023-01-24 21:34:46,"Pull",20m,"Hammer Curl (Dumbbell)",2,60.0,10.0,0,0.0,
2023-01-24 21:34:46,"Pull",20m,"Bicep Curl (Cable)",1,35.0,10.0,0,0.0,
2023-01-24 21:34:46,"Pull",20m,"Bicep Curl (Cable)",2,35.0,10.0,0,0.0,
2023-01-24 21:34:46,"Pull",20m,"Pull Up",1,0.0,6.0,0,0.0,
2023-01-24 21:34:46,"Pull",20m,"Pull Up",2,0.0,7.0,0,0.0,
2023-01-24 21:34:46,"Pull",20m,"Bent Over Row (Dumbbell)",1,60.0,10.0,0,0.0,
2023-01-24 21:34:46,"Pull",20m,"Bent Over Row (Dumbbell)",2,60.0,10.0,0,0.0,
2023-01-25 09:58:18,"Legs",55m,"Squat (Barbell)",1,125.0,10.0,0,0.0,
2023-01-25 09:58:18,"Legs",55m,"Squat (Barbell)",2,125.0,10.0,0,0.0,
2023-01-25 09:58:18,"Legs",55m,"Squat (Barbell)",3,125.0,5.0,0,0.0,
2023-01-25 09:58:18,"Legs",55m,"Romanian Deadlift (Barbell)",1,135.0,10.0,0,0.0,
2023-01-25 09:58:18,"Legs",55m,"Romanian Deadlift (Barbell)",2,135.0,10.0,0,0.0,
2023-01-25 09:58:18,"Legs",55m,"Romanian Deadlift (Barbell)",3,135.0,10.0,0,0.0,
2023-01-25 09:58:18,"Legs",55m,"Lying Leg Curl (Machine)",1,50.0,10.0,0,0.0,
2023-01-25 09:58:18,"Legs",55m,"Lying Leg Curl (Machine)",2,60.0,10.0,0,0.0,
2023-01-25 09:58:18,"Legs",55m,"Lying Leg Curl (Machine)",3,60.0,10.0,0,0.0,
2023-01-25 09:58:18,"Legs",55m,"Seated Calf Raise (Plate Loaded)",1,70.0,10.0,0,0.0,
2023-01-25 09:58:18,"Legs",55m,"Seated Calf Raise (Plate Loaded)",2,70.0,10.0,0,0.0,
2023-01-25 09:58:18,"Legs",55m,"Seated Calf Raise (Plate Loaded)",3,70.0,10.0,0,0.0,
2023-01-25 09:58:18,"Legs",55m,"Seated Calf Raise (Plate Loaded)",4,70.0,10.0,0,0.0,
2023-01-26 20:45:02,"Push",49m,"Bench Press (Dumbbell)",1,120.0,10.0,0,0.0,
2023-01-26 20:45:02,"Push",49m,"Bench Press (Dumbbell)",2,120.0,10.0,0,0.0,
2023-01-26 20:45:02,"Push",49m,"Bench Press (Dumbbell)",3,120.0,5.0,0,0.0,
2023-01-26 20:45:02,"Push",49m,"Bench Press (Dumbbell)",4,120.0,5.0,0,0.0,
2023-01-26 20:45:02,"Push",49m,"Incline Bench Press (Dumbbell)",1,90.0,10.0,0,0.0,
2023-01-26 20:45:02,"Push",49m,"Incline Bench Press (Dumbbell)",2,90.0,9.0,0,0.0,
2023-01-26 20:45:02,"Push",49m,"Incline Bench Press (Dumbbell)",3,90.0,7.0,0,0.0,
2023-01-26 20:45:02,"Push",49m,"Chest Fly",1,100.0,10.0,0,0.0,
2023-01-26 20:45:02,"Push",49m,"Chest Fly",2,115.0,10.0,0,0.0,
2023-01-26 20:45:02,"Push",49m,"Chest Fly",3,115.0,10.0,0,0.0,
2023-01-26 20:45:02,"Push",49m,"Shoulder Press (Machine)",1,70.0,10.0,0,0.0,
2023-01-26 20:45:02,"Push",49m,"Shoulder Press (Machine)",2,70.0,10.0,0,0.0,
2023-01-26 20:45:02,"Push",49m,"Lateral Raise (Dumbbell)",1,25.0,10.0,0,0.0,
2023-01-26 20:45:02,"Push",49m,"Lateral Raise (Dumbbell)",2,25.0,10.0,0,0.0,
2023-01-26 20:45:02,"Push",49m,"Triceps Pushdown (Cable - Straight Bar)",1,42.5,10.0,0,0.0,
2023-01-26 20:45:02,"Push",49m,"Triceps Pushdown (Cable - Straight Bar)",2,42.5,10.0,0,0.0,
2023-01-26 20:45:02,"Push",49m,"Triceps Extension (Cable)",1,32.5,10.0,0,0.0,
2023-01-26 20:45:02,"Push",49m,"Triceps Extension (Cable)",2,32.5,10.0,0,0.0,
2023-01-27 15:47:31,"Pull",57m,"Bicep Curl (Dumbbell)",1,50.0,10.0,0,0.0,
2023-01-27 15:47:31,"Pull",57m,"Bicep Curl (Dumbbell)",2,50.0,10.0,0,0.0,
2023-01-27 15:47:31,"Pull",57m,"Bicep Curl (Dumbbell)",3,50.0,10.0,0,0.0,
2023-01-27 15:47:31,"Pull",57m,"Hammer Curl (Dumbbell)",1,50.0,10.0,0,0.0,
2023-01-27 15:47:31,"Pull",57m,"Hammer Curl (Dumbbell)",2,50.0,10.0,0,0.0,
2023-01-27 15:47:31,"Pull",57m,"Hammer Curl (Dumbbell)",3,50.0,10.0,0,0.0,
2023-01-27 15:47:31,"Pull",57m,"Bicep Curl (Cable)",1,35.0,10.0,0,0.0,
2023-01-27 15:47:31,"Pull",57m,"Bicep Curl (Cable)",2,35.0,10.0,0,0.0,
2023-01-27 15:47:31,"Pull",57m,"Bicep Curl (Cable)",3,35.0,10.0,0,0.0,
2023-01-27 15:47:31,"Pull",57m,"Pull Up (Assisted)",1,30.0,10.0,0,0.0,
2023-01-27 15:47:31,"Pull",57m,"Pull Up (Assisted)",2,30.0,10.0,0,0.0,
2023-01-27 15:47:31,"Pull",57m,"Pull Up (Assisted)",3,30.0,6.0,0,0.0,
2023-01-27 15:47:31,"Pull",57m,"Pull Up (Assisted)",4,30.0,5.0,0,0.0,
2023-01-27 15:47:31,"Pull",57m,"Kneeling Pulldown (Band)",1,35.0,10.0,0,0.0,
2023-01-27 15:47:31,"Pull",57m,"Kneeling Pulldown (Band)",2,42.5,10.0,0,0.0,
2023-01-27 15:47:31,"Pull",57m,"Kneeling Pulldown (Band)",3,42.5,10.0,0,0.0,
2023-01-29 12:34:15,"Legs",1h 11m,"Squat (Barbell)",1,125.0,10.0,0,0.0,
2023-01-29 12:34:15,"Legs",1h 11m,"Squat (Barbell)",2,125.0,10.0,0,0.0,
2023-01-29 12:34:15,"Legs",1h 11m,"Squat (Barbell)",3,125.0,10.0,0,0.0,
2023-01-29 12:34:15,"Legs",1h 11m,"Romanian Deadlift (Barbell)",1,155.0,10.0,0,0.0,
2023-01-29 12:34:15,"Legs",1h 11m,"Romanian Deadlift (Barbell)",2,155.0,10.0,0,0.0,
2023-01-29 12:34:15,"Legs",1h 11m,"Romanian Deadlift (Barbell)",3,155.0,10.0,0,0.0,
2023-01-29 12:34:15,"Legs",1h 11m,"Lying Leg Curl (Machine)",1,70.0,10.0,0,0.0,
2023-01-29 12:34:15,"Legs",1h 11m,"Lying Leg Curl (Machine)",2,70.0,10.0,0,0.0,
2023-01-29 12:34:15,"Legs",1h 11m,"Lying Leg Curl (Machine)",3,70.0,10.0,0,0.0,
2023-01-29 12:34:15,"Legs",1h 11m,"Seated Calf Raise (Plate Loaded)",1,70.0,10.0,0,0.0,
2023-01-29 12:34:15,"Legs",1h 11m,"Seated Calf Raise (Plate Loaded)",2,70.0,10.0,0,0.0,
2023-01-29 12:34:15,"Legs",1h 11m,"Seated Calf Raise (Plate Loaded)",3,70.0,10.0,0,0.0,
2023-01-29 12:34:15,"Legs",1h 11m,"Seated Calf Raise (Plate Loaded)",4,70.0,10.0,0,0.0,
2023-01-29 12:34:15,"Legs",1h 11m,"Calf Press on Seated Leg Press",1,100.0,10.0,0,0.0,
2023-01-29 12:34:15,"Legs",1h 11m,"Calf Press on Seated Leg Press",2,100.0,10.0,0,0.0,
2023-01-29 12:34:15,"Legs",1h 11m,"Calf Press on Seated Leg Press",3,100.0,10.0,0,0.0,
2023-01-29 12:34:15,"Legs",1h 11m,"Calf Press on Seated Leg Press",4,100.0,10.0,0,0.0,
2023-01-30 20:36:27,"Push",1h 14m,"Bench Press (Dumbbell)",1,120.0,10.0,0,0.0,
2023-01-30 20:36:27,"Push",1h 14m,"Bench Press (Dumbbell)",2,120.0,9.0,0,0.0,
2023-01-30 20:36:27,"Push",1h 14m,"Bench Press (Dumbbell)",3,130.0,8.0,0,0.0,
2023-01-30 20:36:27,"Push",1h 14m,"Bench Press (Dumbbell)",4,120.0,6.0,0,0.0,
2023-01-30 20:36:27,"Push",1h 14m,"Incline Bench Press (Dumbbell)",1,90.0,9.0,0,0.0,
2023-01-30 20:36:27,"Push",1h 14m,"Incline Bench Press (Dumbbell)",2,90.0,9.0,0,0.0,
2023-01-30 20:36:27,"Push",1h 14m,"Incline Bench Press (Dumbbell)",3,90.0,6.0,0,0.0,
2023-01-30 20:36:27,"Push",1h 14m,"Chest Fly (Band)",1,65.0,10.0,0,0.0,
2023-01-30 20:36:27,"Push",1h 14m,"Chest Fly (Band)",2,75.0,10.0,0,0.0,
2023-01-30 20:36:27,"Push",1h 14m,"Chest Fly (Band)",3,75.0,10.0,0,0.0,
2023-01-30 20:36:27,"Push",1h 14m,"Arnold Press (Dumbbell)",1,70.0,10.0,0,0.0,
2023-01-30 20:36:27,"Push",1h 14m,"Arnold Press (Dumbbell)",2,70.0,10.0,0,0.0,
2023-01-30 20:36:27,"Push",1h 14m,"Arnold Press (Dumbbell)",3,70.0,8.0,0,0.0,
2023-01-30 20:36:27,"Push",1h 14m,"Arnold Press (Dumbbell)",4,70.0,10.0,0,0.0,
2023-01-30 20:36:27,"Push",1h 14m,"Lateral Raise (Dumbbell)",1,25.0,10.0,0,0.0,
2023-01-30 20:36:27,"Push",1h 14m,"Lateral Raise (Dumbbell)",2,25.0,10.0,0,0.0,
2023-01-30 20:36:27,"Push",1h 14m,"Lateral Raise (Dumbbell)",3,25.0,10.0,0,0.0,
2023-01-30 20:36:27,"Push",1h 14m,"Lateral Raise (Dumbbell)",4,25.0,10.0,0,0.0,
2023-01-30 20:36:27,"Push",1h 14m,"Triceps Pushdown (Cable - Straight Bar)",1,42.5,10.0,0,0.0,
2023-01-30 20:36:27,"Push",1h 14m,"Triceps Pushdown (Cable - Straight Bar)",2,42.5,9.0,0,0.0,
2023-01-30 20:36:27,"Push",1h 14m,"Triceps Pushdown (Cable - Straight Bar)",3,42.5,7.0,0,0.0,
2023-01-30 20:36:27,"Push",1h 14m,"Triceps Pushdown (Cable - Straight Bar)",4,42.5,6.0,0,0.0,
2023-01-30 20:36:27,"Push",1h 14m,"Triceps Extension (Cable)",1,32.5,10.0,0,0.0,
2023-01-30 20:36:27,"Push",1h 14m,"Triceps Extension (Cable)",2,32.5,10.0,0,0.0,
2023-01-30 20:36:27,"Push",1h 14m,"Triceps Extension (Cable)",3,32.5,10.0,0,0.0,
2023-01-30 20:36:27,"Push",1h 14m,"Triceps Extension (Cable)",4,32.5,10.0,0,0.0,
2023-01-31 19:39:50,"Pull",44m,"Bicep Curl (Dumbbell)",1,50.0,10.0,0,0.0,
2023-01-31 19:39:50,"Pull",44m,"Bicep Curl (Dumbbell)",2,50.0,10.0,0,0.0,
2023-01-31 19:39:50,"Pull",44m,"Bicep Curl (Dumbbell)",3,50.0,10.0,0,0.0,
2023-01-31 19:39:50,"Pull",44m,"Hammer Curl (Dumbbell)",1,50.0,10.0,0,0.0,
2023-01-31 19:39:50,"Pull",44m,"Hammer Curl (Dumbbell)",2,50.0,10.0,0,0.0,
2023-01-31 19:39:50,"Pull",44m,"Hammer Curl (Dumbbell)",3,50.0,6.0,0,0.0,
2023-01-31 19:39:50,"Pull",44m,"Bicep Curl (Cable)",1,35.0,10.0,0,0.0,
2023-01-31 19:39:50,"Pull",44m,"Bicep Curl (Cable)",2,35.0,10.0,0,0.0,
2023-01-31 19:39:50,"Pull",44m,"Bicep Curl (Cable)",3,35.0,10.0,0,0.0,
2023-01-31 19:39:50,"Pull",44m,"Pull Up (Assisted)",1,0.0,6.0,0,0.0,
2023-01-31 19:39:50,"Pull",44m,"Pull Up (Assisted)",2,30.0,8.0,0,0.0,
2023-01-31 19:39:50,"Pull",44m,"Pull Up (Assisted)",3,30.0,10.0,0,0.0,
2023-01-31 19:39:50,"Pull",44m,"Bent Over Row (Barbell)",1,95.0,10.0,0,0.0,
2023-01-31 19:39:50,"Pull",44m,"Bent Over Row (Barbell)",2,95.0,10.0,0,0.0,
2023-01-31 19:39:50,"Pull",44m,"Bent Over Row (Barbell)",3,95.0,10.0,0,0.0,
2023-01-31 19:39:50,"Pull",44m,"Seated Row (Cable)",1,42.5,10.0,0,0.0,
2023-01-31 19:39:50,"Pull",44m,"Seated Row (Cable)",2,42.5,10.0,0,0.0,
2023-01-31 19:39:50,"Pull",44m,"Seated Row (Cable)",3,42.5,10.0,0,0.0,
2023-02-01 10:00:08,"Push",1h 25m,"Bench Press (Barbell)",1,135.0,7.0,0,0.0,
2023-02-01 10:00:08,"Push",1h 25m,"Bench Press (Barbell)",2,135.0,6.0,0,0.0,
2023-02-01 10:00:08,"Push",1h 25m,"Bench Press (Barbell)",3,135.0,4.0,0,0.0,
2023-02-01 10:00:08,"Push",1h 25m,"Incline Bench Press (Dumbbell)",1,90.0,10.0,0,0.0,
2023-02-01 10:00:08,"Push",1h 25m,"Incline Bench Press (Dumbbell)",2,90.0,9.0,0,0.0,
2023-02-01 10:00:08,"Push",1h 25m,"Incline Bench Press (Dumbbell)",3,90.0,6.0,0,0.0,
2023-02-01 10:00:08,"Push",1h 25m,"Chest Fly (Band)",1,75.0,10.0,0,0.0,
2023-02-01 10:00:08,"Push",1h 25m,"Chest Fly (Band)",2,75.0,10.0,0,0.0,
2023-02-01 10:00:08,"Push",1h 25m,"Chest Fly (Band)",3,75.0,10.0,0,0.0,
2023-02-01 10:00:08,"Push",1h 25m,"Shoulder Press (Machine)",1,90.0,10.0,0,0.0,
2023-02-01 10:00:08,"Push",1h 25m,"Shoulder Press (Machine)",2,100.0,9.0,0,0.0,
2023-02-01 10:00:08,"Push",1h 25m,"Shoulder Press (Machine)",3,100.0,8.0,0,0.0,
2023-02-01 10:00:08,"Push",1h 25m,"Shoulder Press (Machine)",4,100.0,6.0,0,0.0,
2023-02-01 10:00:08,"Push",1h 25m,"Lateral Raise (Dumbbell)",1,25.0,10.0,0,0.0,
2023-02-01 10:00:08,"Push",1h 25m,"Lateral Raise (Dumbbell)",2,30.0,10.0,0,0.0,
2023-02-01 10:00:08,"Push",1h 25m,"Lateral Raise (Dumbbell)",3,30.0,10.0,0,0.0,
2023-02-01 10:00:08,"Push",1h 25m,"Lateral Raise (Dumbbell)",4,30.0,10.0,0,0.0,
2023-02-01 10:00:08,"Push",1h 25m,"Triceps Pushdown (Cable - Straight Bar)",1,42.5,10.0,0,0.0,
2023-02-01 10:00:08,"Push",1h 25m,"Triceps Pushdown (Cable - Straight Bar)",2,42.5,9.0,0,0.0,
2023-02-01 10:00:08,"Push",1h 25m,"Triceps Pushdown (Cable - Straight Bar)",3,50.0,6.0,0,0.0,
2023-02-01 10:00:08,"Push",1h 25m,"Triceps Pushdown (Cable - Straight Bar)",4,42.5,8.0,0,0.0,
2023-02-01 10:00:08,"Push",1h 25m,"Triceps Extension (Cable)",1,30.0,10.0,0,0.0,
2023-02-01 10:00:08,"Push",1h 25m,"Triceps Extension (Cable)",2,30.0,10.0,0,0.0,
2023-02-01 10:00:08,"Push",1h 25m,"Triceps Extension (Cable)",3,35.0,10.0,0,0.0,
2023-02-01 10:00:08,"Push",1h 25m,"Triceps Extension (Cable)",4,35.0,9.0,0,0.0,
2023-02-02 13:21:25,"Legs",58m,"Squat (Barbell)",1,115.0,10.0,0,0.0,
2023-02-02 13:21:25,"Legs",58m,"Squat (Barbell)",2,115.0,10.0,0,0.0,
2023-02-02 13:21:25,"Legs",58m,"Squat (Barbell)",3,125.0,8.0,0,0.0,
2023-02-02 13:21:25,"Legs",58m,"Romanian Deadlift (Barbell)",1,155.0,10.0,0,0.0,
2023-02-02 13:21:25,"Legs",58m,"Romanian Deadlift (Barbell)",2,155.0,10.0,0,0.0,
2023-02-02 13:21:25,"Legs",58m,"Romanian Deadlift (Barbell)",3,155.0,10.0,0,0.0,
2023-02-02 13:21:25,"Legs",58m,"Lying Leg Curl (Machine)",1,75.0,10.0,0,0.0,
2023-02-02 13:21:25,"Legs",58m,"Lying Leg Curl (Machine)",2,75.0,10.0,0,0.0,
2023-02-02 13:21:25,"Legs",58m,"Lying Leg Curl (Machine)",3,75.0,10.0,0,0.0,
2023-02-02 13:21:25,"Legs",58m,"Seated Calf Raise (Plate Loaded)",1,70.0,10.0,0,0.0,
2023-02-02 13:21:25,"Legs",58m,"Seated Calf Raise (Plate Loaded)",2,70.0,10.0,0,0.0,
2023-02-02 13:21:25,"Legs",58m,"Seated Calf Raise (Plate Loaded)",3,70.0,10.0,0,0.0,
2023-02-02 13:21:25,"Legs",58m,"Seated Calf Raise (Plate Loaded)",4,70.0,10.0,0,0.0,
2023-02-02 13:21:25,"Legs",58m,"Calf Press on Seated Leg Press",1,100.0,10.0,0,0.0,
2023-02-02 13:21:25,"Legs",58m,"Calf Press on Seated Leg Press",2,100.0,10.0,0,0.0,
2023-02-02 13:21:25,"Legs",58m,"Calf Press on Seated Leg Press",3,105.0,10.0,0,0.0,
2023-02-02 13:21:25,"Legs",58m,"Calf Press on Seated Leg Press",4,105.0,10.0,0,0.0,
2023-02-03 14:41:37,"Pull",47m,"Bicep Curl (Dumbbell)",1,50.0,10.0,0,0.0,
2023-02-03 14:41:37,"Pull",47m,"Bicep Curl (Dumbbell)",2,50.0,10.0,0,0.0,
2023-02-03 14:41:37,"Pull",47m,"Bicep Curl (Dumbbell)",3,50.0,10.0,0,0.0,
2023-02-03 14:41:37,"Pull",47m,"Hammer Curl (Dumbbell)",1,50.0,10.0,0,0.0,
2023-02-03 14:41:37,"Pull",47m,"Hammer Curl (Dumbbell)",2,50.0,10.0,0,0.0,
2023-02-03 14:41:37,"Pull",47m,"Hammer Curl (Dumbbell)",3,50.0,10.0,0,0.0,
2023-02-03 14:41:37,"Pull",47m,"Bicep Curl (Cable)",1,35.0,10.0,0,0.0,
2023-02-03 14:41:37,"Pull",47m,"Bicep Curl (Cable)",2,35.0,10.0,0,0.0,
2023-02-03 14:41:37,"Pull",47m,"Bicep Curl (Cable)",3,35.0,10.0,0,0.0,
2023-02-03 14:41:37,"Pull",47m,"Pull Up",1,0,8.0,0,0.0,
2023-02-03 14:41:37,"Pull",47m,"Pull Up",2,0,5.0,0,0.0,
2023-02-03 14:41:37,"Pull",47m,"Pull Up",3,0,5.0,0,0.0,
2023-02-03 14:41:37,"Pull",47m,"Seated Row (Cable)",1,42.5,10.0,0,0.0,
2023-02-03 14:41:37,"Pull",47m,"Seated Row (Cable)",2,50.0,10.0,0,0.0,
2023-02-03 14:41:37,"Pull",47m,"Seated Row (Cable)",3,50.0,10.0,0,0.0,
2023-02-03 14:41:37,"Pull",47m,"Bent Over Row (Dumbbell)",1,60.0,10.0,0,0.0,
2023-02-03 14:41:37,"Pull",47m,"Bent Over Row (Dumbbell)",2,60.0,10.0,0,0.0,
2023-02-03 14:41:37,"Pull",47m,"Bent Over Row (Dumbbell)",3,60.0,10.0,0,0.0,
2023-02-05 16:29:35,"Push",1h 23m,"Bench Press (Barbell)",1,135.0,7.0,0,0.0,
2023-02-05 16:29:35,"Push",1h 23m,"Bench Press (Barbell)",2,135.0,6.0,0,0.0,
2023-02-05 16:29:35,"Push",1h 23m,"Bench Press (Barbell)",3,115.0,9.0,0,0.0,
2023-02-05 16:29:35,"Push",1h 23m,"Bench Press (Barbell)",4,115.0,8.0,0,0.0,
2023-02-05 16:29:35,"Push",1h 23m,"Incline Bench Press (Barbell)",1,95.0,8.0,0,0.0,
2023-02-05 16:29:35,"Push",1h 23m,"Incline Bench Press (Barbell)",2,95.0,4.0,0,0.0,
2023-02-05 16:29:35,"Push",1h 23m,"Incline Bench Press (Barbell)",3,85.0,8.0,0,0.0,
2023-02-05 16:29:35,"Push",1h 23m,"Chest Fly (Band)",1,65.0,10.0,0,0.0,
2023-02-05 16:29:35,"Push",1h 23m,"Chest Fly (Band)",2,70.0,10.0,0,0.0,
2023-02-05 16:29:35,"Push",1h 23m,"Chest Fly (Band)",3,70.0,10.0,0,0.0,
2023-02-05 16:29:35,"Push",1h 23m,"Shoulder Press (Machine)",1,100.0,9.0,0,0.0,
2023-02-05 16:29:35,"Push",1h 23m,"Shoulder Press (Machine)",2,100.0,7.0,0,0.0,
2023-02-05 16:29:35,"Push",1h 23m,"Shoulder Press (Machine)",3,95.0,9.0,0,0.0,
2023-02-05 16:29:35,"Push",1h 23m,"Shoulder Press (Machine)",4,95.0,9.0,0,0.0,
2023-02-05 16:29:35,"Push",1h 23m,"Lateral Raise (Dumbbell)",1,30.0,10.0,0,0.0,
2023-02-05 16:29:35,"Push",1h 23m,"Lateral Raise (Dumbbell)",2,30.0,10.0,0,0.0,
2023-02-05 16:29:35,"Push",1h 23m,"Lateral Raise (Dumbbell)",3,30.0,10.0,0,0.0,
2023-02-05 16:29:35,"Push",1h 23m,"Lateral Raise (Dumbbell)",4,30.0,10.0,0,0.0,
2023-02-05 16:29:35,"Push",1h 23m,"Triceps Pushdown (Cable - Straight Bar)",1,42.5,10.0,0,0.0,
2023-02-05 16:29:35,"Push",1h 23m,"Triceps Pushdown (Cable - Straight Bar)",2,47.5,9.0,0,0.0,
2023-02-05 16:29:35,"Push",1h 23m,"Triceps Pushdown (Cable - Straight Bar)",3,47.5,6.0,0,0.0,
2023-02-05 16:29:35,"Push",1h 23m,"Triceps Pushdown (Cable - Straight Bar)",4,42.5,5.0,0,0.0,
2023-02-05 16:29:35,"Push",1h 23m,"Triceps Extension (Cable)",1,32.5,9.0,0,0.0,
2023-02-05 16:29:35,"Push",1h 23m,"Triceps Extension (Cable)",2,30.0,10.0,0,0.0,
2023-02-05 16:29:35,"Push",1h 23m,"Triceps Extension (Cable)",3,30.0,6.0,0,0.0,
2023-02-05 16:29:35,"Push",1h 23m,"Triceps Extension (Cable)",4,30.0,9.0,0,0.0,
2023-02-06 18:05:52,"Pull",47m,"Bicep Curl (Dumbbell)",1,50.0,10.0,0,0.0,
2023-02-06 18:05:52,"Pull",47m,"Bicep Curl (Dumbbell)",2,50.0,10.0,0,0.0,
2023-02-06 18:05:52,"Pull",47m,"Bicep Curl (Dumbbell)",3,50.0,10.0,0,0.0,
2023-02-06 18:05:52,"Pull",47m,"Hammer Curl (Dumbbell)",1,50.0,10.0,0,0.0,
2023-02-06 18:05:52,"Pull",47m,"Hammer Curl (Dumbbell)",2,50.0,10.0,0,0.0,
2023-02-06 18:05:52,"Pull",47m,"Hammer Curl (Dumbbell)",3,50.0,10.0,0,0.0,
2023-02-06 18:05:52,"Pull",47m,"Preacher Curl (Machine)",1,60.0,10.0,0,0.0,
2023-02-06 18:05:52,"Pull",47m,"Preacher Curl (Machine)",2,60.0,10.0,0,0.0,
2023-02-06 18:05:52,"Pull",47m,"Preacher Curl (Machine)",3,60.0,10.0,0,0.0,
2023-02-06 18:05:52,"Pull",47m,"Pull Up",1,0,8.0,0,0.0,
2023-02-06 18:05:52,"Pull",47m,"Pull Up",2,0,5.0,0,0.0,
2023-02-06 18:05:52,"Pull",47m,"Pull Up",3,0,5.0,0,0.0,
2023-02-06 18:05:52,"Pull",47m,"Seated Row (Cable)",1,42.5,10.0,0,0.0,
2023-02-06 18:05:52,"Pull",47m,"Seated Row (Cable)",2,42.5,10.0,0,0.0,
2023-02-06 18:05:52,"Pull",47m,"Seated Row (Cable)",3,42.5,10.0,0,0.0,
2023-02-06 18:05:52,"Pull",47m,"Bent Over Row (Dumbbell)",1,60.0,10.0,0,0.0,
2023-02-06 18:05:52,"Pull",47m,"Bent Over Row (Dumbbell)",2,60.0,10.0,0,0.0,
2023-02-06 18:05:52,"Pull",47m,"Bent Over Row (Dumbbell)",3,60.0,10.0,0,0.0,
2023-02-07 19:22:10,"Legs",1h 2m,"Squat (Barbell)",1,125.0,10.0,0,0.0,
2023-02-07 19:22:10,"Legs",1h 2m,"Squat (Barbell)",2,125.0,6.0,0,0.0,
2023-02-07 19:22:10,"Legs",1h 2m,"Squat (Barbell)",3,125.0,7.0,0,0.0,
2023-02-07 19:22:10,"Legs",1h 2m,"Romanian Deadlift (Barbell)",1,155.0,10.0,0,0.0,
2023-02-07 19:22:10,"Legs",1h 2m,"Romanian Deadlift (Barbell)",2,155.0,10.0,0,0.0,
2023-02-07 19:22:10,"Legs",1h 2m,"Romanian Deadlift (Barbell)",3,165.0,10.0,0,0.0,
2023-02-07 19:22:10,"Legs",1h 2m,"Lying Leg Curl (Machine)",1,75.0,10.0,0,0.0,
2023-02-07 19:22:10,"Legs",1h 2m,"Lying Leg Curl (Machine)",2,75.0,9.0,0,0.0,
2023-02-07 19:22:10,"Legs",1h 2m,"Lying Leg Curl (Machine)",3,75.0,9.0,0,0.0,
2023-02-07 19:22:10,"Legs",1h 2m,"Seated Calf Raise (Plate Loaded)",1,70.0,10.0,0,0.0,
2023-02-07 19:22:10,"Legs",1h 2m,"Seated Calf Raise (Plate Loaded)",2,70.0,10.0,0,0.0,
2023-02-07 19:22:10,"Legs",1h 2m,"Seated Calf Raise (Plate Loaded)",3,70.0,10.0,0,0.0,
2023-02-07 19:22:10,"Legs",1h 2m,"Seated Calf Raise (Plate Loaded)",4,70.0,10.0,0,0.0,
2023-02-08 10:00:25,"Push",1h 30m,"Bench Press (Barbell)",1,115.0,10.0,0,0.0,
2023-02-08 10:00:25,"Push",1h 30m,"Bench Press (Barbell)",2,135.0,5.0,0,0.0,
2023-02-08 10:00:25,"Push",1h 30m,"Bench Press (Barbell)",3,135.0,5.0,0,0.0,
2023-02-08 10:00:25,"Push",1h 30m,"Bench Press (Barbell)",4,135.0,6.0,0,0.0,
2023-02-08 10:00:25,"Push",1h 30m,"Incline Bench Press (Dumbbell)",1,90.0,10.0,0,0.0,
2023-02-08 10:00:25,"Push",1h 30m,"Incline Bench Press (Dumbbell)",2,110.0,6.0,0,0.0,
2023-02-08 10:00:25,"Push",1h 30m,"Incline Bench Press (Dumbbell)",3,110.0,5.0,0,0.0,
2023-02-08 10:00:25,"Push",1h 30m,"Shoulder Press (Machine)",1,95.0,11.0,0,0.0,
2023-02-08 10:00:25,"Push",1h 30m,"Shoulder Press (Machine)",2,95.0,8.0,0,0.0,
2023-02-08 10:00:25,"Push",1h 30m,"Shoulder Press (Machine)",3,95.0,9.0,0,0.0,
2023-02-08 10:00:25,"Push",1h 30m,"Shoulder Press (Machine)",4,95.0,8.0,0,0.0,
2023-02-08 10:00:25,"Push",1h 30m,"Lateral Raise (Dumbbell)",1,30.0,10.0,0,0.0,
2023-02-08 10:00:25,"Push",1h 30m,"Lateral Raise (Dumbbell)",2,30.0,10.0,0,0.0,
2023-02-08 10:00:25,"Push",1h 30m,"Lateral Raise (Dumbbell)",3,30.0,10.0,0,0.0,
2023-02-08 10:00:25,"Push",1h 30m,"Lateral Raise (Dumbbell)",4,30.0,10.0,0,0.0,
2023-02-08 10:00:25,"Push",1h 30m,"Triceps Pushdown (Cable - Straight Bar)",1,47.5,8.0,0,0.0,
2023-02-08 10:00:25,"Push",1h 30m,"Triceps Pushdown (Cable - Straight Bar)",2,42.5,10.0,0,0.0,
2023-02-08 10:00:25,"Push",1h 30m,"Triceps Pushdown (Cable - Straight Bar)",3,42.5,9.0,0,0.0,
2023-02-08 10:00:25,"Push",1h 30m,"Triceps Pushdown (Cable - Straight Bar)",4,42.5,7.0,0,0.0,
2023-02-08 10:00:25,"Push",1h 30m,"Triceps Extension (Cable)",1,30.0,10.0,0,0.0,
2023-02-08 10:00:25,"Push",1h 30m,"Triceps Extension (Cable)",2,30.0,10.0,0,0.0,
2023-02-08 10:00:25,"Push",1h 30m,"Triceps Extension (Cable)",3,30.0,10.0,0,0.0,
2023-02-08 10:00:25,"Push",1h 30m,"Triceps Extension (Cable)",4,30.0,10.0,0,0.0,
2023-02-09 18:50:33,"Pull",51m,"Bicep Curl (Dumbbell)",1,60.0,10.0,0,0.0,
2023-02-09 18:50:33,"Pull",51m,"Bicep Curl (Dumbbell)",2,55.0,10.0,0,0.0,
2023-02-09 18:50:33,"Pull",51m,"Bicep Curl (Dumbbell)",3,55.0,10.0,0,0.0,
2023-02-09 18:50:33,"Pull",51m,"Hammer Curl (Dumbbell)",1,55.0,9.0,0,0.0,
2023-02-09 18:50:33,"Pull",51m,"Hammer Curl (Dumbbell)",2,55.0,7.0,0,0.0,
2023-02-09 18:50:33,"Pull",51m,"Hammer Curl (Dumbbell)",3,50.0,10.0,0,0.0,
2023-02-09 18:50:33,"Pull",51m,"Preacher Curl (Machine)",1,60.0,10.0,0,0.0,
2023-02-09 18:50:33,"Pull",51m,"Preacher Curl (Machine)",2,60.0,10.0,0,0.0,
2023-02-09 18:50:33,"Pull",51m,"Preacher Curl (Machine)",3,60.0,10.0,0,0.0,
2023-02-09 18:50:33,"Pull",51m,"Pull Up",1,0,7.0,0,0.0,
2023-02-09 18:50:33,"Pull",51m,"Pull Up",2,0,6.0,0,0.0,
2023-02-09 18:50:33,"Pull",51m,"Pull Up",3,0,3.0,0,0.0,
2023-02-09 18:50:33,"Pull",51m,"Bent Over One Arm Row (Dumbbell)",1,30.0,10.0,0,0.0,
2023-02-09 18:50:33,"Pull",51m,"Bent Over One Arm Row (Dumbbell)",2,30.0,10.0,0,0.0,
2023-02-09 18:50:33,"Pull",51m,"Bent Over One Arm Row (Dumbbell)",3,30.0,10.0,0,0.0,
2023-02-09 18:50:33,"Pull",51m,"Seated Row (Cable)",1,42.5,10.0,0,0.0,
2023-02-09 18:50:33,"Pull",51m,"Seated Row (Cable)",2,42.5,10.0,0,0.0,
2023-02-09 18:50:33,"Pull",51m,"Seated Row (Cable)",3,42.5,10.0,0,0.0,
2023-02-10 15:33:11,"Legs",40m,"Squat (Barbell)",1,125.0,10.0,0,0.0,
2023-02-10 15:33:11,"Legs",40m,"Squat (Barbell)",2,125.0,10.0,0,0.0,
2023-02-10 15:33:11,"Legs",40m,"Squat (Barbell)",3,125.0,5.0,0,0.0,
2023-02-10 15:33:11,"Legs",40m,"Romanian Deadlift (Barbell)",1,165.0,10.0,0,0.0,
2023-02-10 15:33:11,"Legs",40m,"Romanian Deadlift (Barbell)",2,165.0,10.0,0,0.0,
2023-02-10 15:33:11,"Legs",40m,"Romanian Deadlift (Barbell)",3,165.0,10.0,0,0.0,
2023-02-10 15:33:11,"Legs",40m,"Lying Leg Curl (Machine)",1,75.0,10.0,0,0.0,
2023-02-10 15:33:11,"Legs",40m,"Lying Leg Curl (Machine)",2,85.0,10.0,0,0.0,
2023-02-10 15:33:11,"Legs",40m,"Lying Leg Curl (Machine)",3,85.0,6.0,0,0.0,
2023-02-10 15:33:11,"Legs",40m,"Seated Calf Raise (Plate Loaded)",1,70.0,10.0,0,0.0,
2023-02-12 13:01:55,"Push",1h 24m,"Bench Press (Barbell)",1,125.0,11.0,0,0.0,
2023-02-12 13:01:55,"Push",1h 24m,"Bench Press (Barbell)",2,135.0,6.0,0,0.0,
2023-02-12 13:01:55,"Push",1h 24m,"Bench Press (Barbell)",3,135.0,5.0,0,0.0,
2023-02-12 13:01:55,"Push",1h 24m,"Bench Press (Barbell)",4,135.0,4.0,0,0.0,
2023-02-12 13:01:55,"Push",1h 24m,"Incline Bench Press (Dumbbell)",1,110.0,4.0,0,0.0,
2023-02-12 13:01:55,"Push",1h 24m,"Incline Bench Press (Dumbbell)",2,90.0,11.0,0,0.0,
2023-02-12 13:01:55,"Push",1h 24m,"Incline Bench Press (Dumbbell)",3,90.0,10.0,0,0.0,
2023-02-12 13:01:55,"Push",1h 24m,"Chest Fly (Band)",1,65.0,10.0,0,0.0,
2023-02-12 13:01:55,"Push",1h 24m,"Chest Fly (Band)",2,75.0,10.0,0,0.0,
2023-02-12 13:01:55,"Push",1h 24m,"Chest Fly (Band)",3,75.0,10.0,0,0.0,
2023-02-12 13:01:55,"Push",1h 24m,"Shoulder Press (Machine)",1,95.0,10.0,0,0.0,
2023-02-12 13:01:55,"Push",1h 24m,"Shoulder Press (Machine)",2,95.0,8.0,0,0.0,
2023-02-12 13:01:55,"Push",1h 24m,"Shoulder Press (Machine)",3,95.0,10.0,0,0.0,
2023-02-12 13:01:55,"Push",1h 24m,"Lateral Raise (Dumbbell)",1,35.0,10.0,0,0.0,
2023-02-12 13:01:55,"Push",1h 24m,"Lateral Raise (Dumbbell)",2,35.0,10.0,0,0.0,
2023-02-12 13:01:55,"Push",1h 24m,"Lateral Raise (Dumbbell)",3,35.0,10.0,0,0.0,
2023-02-12 13:01:55,"Push",1h 24m,"Triceps Pushdown (Cable - Straight Bar)",1,40.0,10.0,0,0.0,
2023-02-12 13:01:55,"Push",1h 24m,"Triceps Pushdown (Cable - Straight Bar)",2,42.5,10.0,0,0.0,
2023-02-12 13:01:55,"Push",1h 24m,"Triceps Pushdown (Cable - Straight Bar)",3,42.5,10.0,0,0.0,
2023-02-12 13:01:55,"Push",1h 24m,"Triceps Pushdown (Cable - Straight Bar)",4,42.5,6.0,0,0.0,
2023-02-12 13:01:55,"Push",1h 24m,"Triceps Extension (Cable)",1,30.0,10.0,0,0.0,
2023-02-12 13:01:55,"Push",1h 24m,"Triceps Extension (Cable)",2,30.0,10.0,0,0.0,
2023-02-12 13:01:55,"Push",1h 24m,"Triceps Extension (Cable)",3,30.0,10.0,0,0.0,
2023-02-13 21:19:43,"Pull",54m,"Bicep Curl (Dumbbell)",1,55.0,10.0,0,0.0,
2023-02-13 21:19:43,"Pull",54m,"Bicep Curl (Dumbbell)",2,55.0,10.0,0,0.0,
2023-02-13 21:19:43,"Pull",54m,"Bicep Curl (Dumbbell)",3,55.0,10.0,0,0.0,
2023-02-13 21:19:43,"Pull",54m,"Hammer Curl (Dumbbell)",1,55.0,9.0,0,0.0,
2023-02-13 21:19:43,"Pull",54m,"Hammer Curl (Dumbbell)",2,55.0,10.0,0,0.0,
2023-02-13 21:19:43,"Pull",54m,"Hammer Curl (Dumbbell)",3,55.0,10.0,0,0.0,
2023-02-13 21:19:43,"Pull",54m,"Preacher Curl (Machine)",1,60.0,10.0,0,0.0,
2023-02-13 21:19:43,"Pull",54m,"Preacher Curl (Machine)",2,60.0,10.0,0,0.0,
2023-02-13 21:19:43,"Pull",54m,"Preacher Curl (Machine)",3,60.0,10.0,0,0.0,
2023-02-13 21:19:43,"Pull",54m,"Pull Up",1,0,6.0,0,0.0,
2023-02-13 21:19:43,"Pull",54m,"Pull Up",2,0,3.0,0,0.0,
2023-02-13 21:19:43,"Pull",54m,"Pull Up",3,0,4.0,0,0.0,
2023-02-13 21:19:43,"Pull",54m,"Bent Over One Arm Row (Dumbbell)",1,30.0,10.0,0,0.0,
2023-02-13 21:19:43,"Pull",54m,"Bent Over One Arm Row (Dumbbell)",2,30.0,10.0,0,0.0,
2023-02-13 21:19:43,"Pull",54m,"Bent Over One Arm Row (Dumbbell)",3,30.0,10.0,0,0.0,
2023-02-14 22:11:13,"Legs",53m,"Squat (Barbell)",1,125.0,10.0,0,0.0,
2023-02-14 22:11:13,"Legs",53m,"Squat (Barbell)",2,125.0,8.0,0,0.0,
2023-02-14 22:11:13,"Legs",53m,"Squat (Barbell)",3,125.0,5.0,0,0.0,
2023-02-14 22:11:13,"Legs",53m,"Romanian Deadlift (Barbell)",1,165.0,10.0,0,0.0,
2023-02-14 22:11:13,"Legs",53m,"Romanian Deadlift (Barbell)",2,165.0,10.0,0,0.0,
2023-02-14 22:11:13,"Legs",53m,"Romanian Deadlift (Barbell)",3,165.0,10.0,0,0.0,
2023-02-14 22:11:13,"Legs",53m,"Lying Leg Curl (Machine)",1,85.0,10.0,0,0.0,
2023-02-14 22:11:13,"Legs",53m,"Lying Leg Curl (Machine)",2,85.0,10.0,0,0.0,
2023-02-14 22:11:13,"Legs",53m,"Lying Leg Curl (Machine)",3,85.0,8.0,0,0.0,
2023-02-14 22:11:13,"Legs",53m,"Seated Calf Raise (Plate Loaded)",1,70.0,10.0,0,0.0,
2023-02-14 22:11:13,"Legs",53m,"Seated Calf Raise (Plate Loaded)",2,70.0,10.0,0,0.0,
2023-02-15 10:29:50,"Push",1h 18m,"Bench Press (Barbell)",1,135.0,8.0,0,0.0,
2023-02-15 10:29:50,"Push",1h 18m,"Bench Press (Barbell)",2,135.0,6.0,0,0.0,
2023-02-15 10:29:50,"Push",1h 18m,"Bench Press (Barbell)",3,135.0,5.0,0,0.0,
2023-02-15 10:29:50,"Push",1h 18m,"Incline Bench Press (Barbell)",1,95.0,8.0,0,0.0,
2023-02-15 10:29:50,"Push",1h 18m,"Incline Bench Press (Barbell)",2,95.0,7.0,0,0.0,
2023-02-15 10:29:50,"Push",1h 18m,"Incline Bench Press (Barbell)",3,95.0,6.0,0,0.0,
2023-02-15 10:29:50,"Push",1h 18m,"Chest Fly (Band)",1,25.0,10.0,0,0.0,
2023-02-15 10:29:50,"Push",1h 18m,"Chest Fly (Band)",2,25.0,10.0,0,0.0,
2023-02-15 10:29:50,"Push",1h 18m,"Chest Fly (Band)",3,25.0,10.0,0,0.0,
2023-02-15 10:29:50,"Push",1h 18m,"Shoulder Press (Machine)",1,95.0,11.0,0,0.0,
2023-02-15 10:29:50,"Push",1h 18m,"Shoulder Press (Machine)",2,95.0,10.0,0,0.0,
2023-02-15 10:29:50,"Push",1h 18m,"Shoulder Press (Machine)",3,95.0,10.0,0,0.0,
2023-02-15 10:29:50,"Push",1h 18m,"Shoulder Press (Machine)",4,95.0,10.0,0,0.0,
2023-02-15 10:29:50,"Push",1h 18m,"Lateral Raise (Dumbbell)",1,35.0,10.0,0,0.0,
2023-02-15 10:29:50,"Push",1h 18m,"Lateral Raise (Dumbbell)",2,35.0,10.0,0,0.0,
2023-02-15 10:29:50,"Push",1h 18m,"Lateral Raise (Dumbbell)",3,35.0,10.0,0,0.0,
2023-02-15 10:29:50,"Push",1h 18m,"Lateral Raise (Dumbbell)",4,35.0,10.0,0,0.0,
2023-02-15 10:29:50,"Push",1h 18m,"Triceps Pushdown (Cable - Straight Bar)",1,42.5,10.0,0,0.0,
2023-02-15 10:29:50,"Push",1h 18m,"Triceps Pushdown (Cable - Straight Bar)",2,42.5,10.0,0,0.0,
2023-02-15 10:29:50,"Push",1h 18m,"Triceps Pushdown (Cable - Straight Bar)",3,42.5,9.0,0,0.0,
2023-02-15 10:29:50,"Push",1h 18m,"Triceps Pushdown (Cable - Straight Bar)",4,42.5,10.0,0,0.0,
2023-02-15 10:29:50,"Push",1h 18m,"Triceps Extension (Cable)",1,32.5,10.0,0,0.0,
2023-02-15 10:29:50,"Push",1h 18m,"Triceps Extension (Cable)",2,32.5,10.0,0,0.0,
2023-02-15 10:29:50,"Push",1h 18m,"Triceps Extension (Cable)",3,32.5,10.0,0,0.0,
2023-02-15 10:29:50,"Push",1h 18m,"Triceps Extension (Cable)",4,32.5,10.0,0,0.0,
2023-02-17 14:38:26,"Pull",58m,"Bicep Curl (Dumbbell)",1,55.0,10.0,0,0.0,
2023-02-17 14:38:26,"Pull",58m,"Bicep Curl (Dumbbell)",2,55.0,11.0,0,0.0,
2023-02-17 14:38:26,"Pull",58m,"Bicep Curl (Dumbbell)",3,55.0,10.0,0,0.0,
2023-02-17 14:38:26,"Pull",58m,"Hammer Curl (Dumbbell)",1,55.0,9.0,0,0.0,
2023-02-17 14:38:26,"Pull",58m,"Hammer Curl (Dumbbell)",2,55.0,8.0,0,0.0,
2023-02-17 14:38:26,"Pull",58m,"Hammer Curl (Dumbbell)",3,55.0,10.0,0,0.0,
2023-02-17 14:38:26,"Pull",58m,"Preacher Curl (Machine)",1,60.0,8.0,0,0.0,
2023-02-17 14:38:26,"Pull",58m,"Preacher Curl (Machine)",2,60.0,4.0,0,0.0,
2023-02-17 14:38:26,"Pull",58m,"Preacher Curl (Machine)",3,60.0,5.0,0,0.0,
2023-02-17 14:38:26,"Pull",58m,"Pull Up (Assisted)",1,30.0,10.0,0,0.0,
2023-02-17 14:38:26,"Pull",58m,"Pull Up (Assisted)",2,30.0,10.0,0,0.0,
2023-02-17 14:38:26,"Pull",58m,"Pull Up (Assisted)",3,30.0,10.0,0,0.0,
2023-02-17 14:38:26,"Pull",58m,"Bent Over One Arm Row (Dumbbell)",1,30.0,10.0,0,0.0,
2023-02-17 14:38:26,"Pull",58m,"Bent Over One Arm Row (Dumbbell)",2,30.0,10.0,0,0.0,
2023-02-17 14:38:26,"Pull",58m,"Bent Over One Arm Row (Dumbbell)",3,30.0,10.0,0,0.0,
2023-02-21 15:37:53,"Pull",36m,"Bicep Curl (Dumbbell)",1,55.0,10.0,0,0.0,
2023-02-21 15:37:53,"Pull",36m,"Bicep Curl (Dumbbell)",2,55.0,10.0,0,0.0,
2023-02-21 15:37:53,"Pull",36m,"Bicep Curl (Dumbbell)",3,55.0,6.0,0,0.0,
2023-02-21 15:37:53,"Pull",36m,"Hammer Curl (Dumbbell)",1,55.0,10.0,0,0.0,
2023-02-21 15:37:53,"Pull",36m,"Hammer Curl (Dumbbell)",2,55.0,10.0,0,0.0,
2023-02-21 15:37:53,"Pull",36m,"Hammer Curl (Dumbbell)",3,55.0,10.0,0,0.0,
2023-02-21 15:37:53,"Pull",36m,"Pull Up",1,0,8.0,0,0.0,
2023-02-21 15:37:53,"Pull",36m,"Pull Up",2,0,3.0,0,0.0,
2023-02-21 15:37:53,"Pull",36m,"Bent Over One Arm Row (Dumbbell)",1,35.0,10.0,0,0.0,
2023-02-21 15:37:53,"Pull",36m,"Bent Over One Arm Row (Dumbbell)",2,35.0,10.0,0,0.0,
2023-02-21 15:37:53,"Pull",36m,"Bent Over One Arm Row (Dumbbell)",3,35.0,10.0,0,0.0,
2023-02-22 10:09:23,"Push",1h 36m,"Bench Press (Barbell)",1,135.0,7.0,0,0.0,
2023-02-22 10:09:23,"Push",1h 36m,"Bench Press (Barbell)",2,135.0,7.0,0,0.0,
2023-02-22 10:09:23,"Push",1h 36m,"Bench Press (Barbell)",3,135.0,5.0,0,0.0,
2023-02-22 10:09:23,"Push",1h 36m,"Bench Press (Barbell)",4,135.0,5.0,0,0.0,
2023-02-22 10:09:23,"Push",1h 36m,"Incline Bench Press (Dumbbell)",1,90.0,11.0,0,0.0,
2023-02-22 10:09:23,"Push",1h 36m,"Incline Bench Press (Dumbbell)",2,90.0,10.0,0,0.0,
2023-02-22 10:09:23,"Push",1h 36m,"Incline Bench Press (Dumbbell)",3,90.0,10.0,0,0.0,
2023-02-22 10:09:23,"Push",1h 36m,"Chest Fly (Band)",1,35.0,10.0,0,0.0,
2023-02-22 10:09:23,"Push",1h 36m,"Chest Fly (Band)",2,35.0,10.0,0,0.0,
2023-02-22 10:09:23,"Push",1h 36m,"Chest Fly (Band)",3,35.0,10.0,0,0.0,
2023-02-22 10:09:23,"Push",1h 36m,"Shoulder Press (Machine)",1,100.0,11.0,0,0.0,
2023-02-22 10:09:23,"Push",1h 36m,"Shoulder Press (Machine)",2,100.0,10.0,0,0.0,
2023-02-22 10:09:23,"Push",1h 36m,"Shoulder Press (Machine)",3,110.0,6.0,0,0.0,
2023-02-22 10:09:23,"Push",1h 36m,"Lateral Raise (Dumbbell)",1,35.0,10.0,0,0.0,
2023-02-22 10:09:23,"Push",1h 36m,"Lateral Raise (Dumbbell)",2,35.0,10.0,0,0.0,
2023-02-22 10:09:23,"Push",1h 36m,"Lateral Raise (Dumbbell)",3,35.0,10.0,0,0.0,
2023-02-22 10:09:23,"Push",1h 36m,"Lateral Raise (Dumbbell)",4,35.0,10.0,0,0.0,
2023-02-22 10:09:23,"Push",1h 36m,"Triceps Pushdown (Cable - Straight Bar)",1,42.5,10.0,0,0.0,
2023-02-22 10:09:23,"Push",1h 36m,"Triceps Pushdown (Cable - Straight Bar)",2,47.5,9.0,0,0.0,
2023-02-22 10:09:23,"Push",1h 36m,"Triceps Pushdown (Cable - Straight Bar)",3,47.5,7.0,0,0.0,
2023-02-22 10:09:23,"Push",1h 36m,"Triceps Pushdown (Cable - Straight Bar)",4,42.5,9.0,0,0.0,
2023-02-22 10:09:23,"Push",1h 36m,"Triceps Extension (Cable)",1,30.0,10.0,0,0.0,
2023-02-22 10:09:23,"Push",1h 36m,"Triceps Extension (Cable)",2,30.0,10.0,0,0.0,
2023-02-22 10:09:23,"Push",1h 36m,"Triceps Extension (Cable)",3,30.0,10.0,0,0.0,
2023-02-22 10:09:23,"Push",1h 36m,"Triceps Extension (Cable)",4,30.0,10.0,0,0.0,
2023-02-23 19:26:39,"Legs",58m,"Squat (Barbell)",1,135.0,10.0,0,0.0,
2023-02-23 19:26:39,"Legs",58m,"Squat (Barbell)",2,135.0,7.0,0,0.0,
2023-02-23 19:26:39,"Legs",58m,"Squat (Barbell)",3,135.0,5.0,0,0.0,
2023-02-23 19:26:39,"Legs",58m,"Romanian Deadlift (Barbell)",1,165.0,10.0,0,0.0,
2023-02-23 19:26:39,"Legs",58m,"Romanian Deadlift (Barbell)",2,175.0,10.0,0,0.0,
2023-02-23 19:26:39,"Legs",58m,"Romanian Deadlift (Barbell)",3,175.0,9.0,0,0.0,
2023-02-23 19:26:39,"Legs",58m,"Lying Leg Curl (Machine)",1,85.0,10.0,0,0.0,
2023-02-23 19:26:39,"Legs",58m,"Lying Leg Curl (Machine)",2,90.0,4.0,0,0.0,
2023-02-23 19:26:39,"Legs",58m,"Lying Leg Curl (Machine)",3,85.0,10.0,0,0.0,
2023-02-23 19:26:39,"Legs",58m,"Seated Calf Raise (Plate Loaded)",1,70.0,10.0,0,0.0,
2023-02-23 19:26:39,"Legs",58m,"Seated Calf Raise (Plate Loaded)",2,70.0,10.0,0,0.0,
2023-02-23 19:26:39,"Legs",58m,"Seated Calf Raise (Plate Loaded)",3,70.0,10.0,0,0.0,
2023-02-24 18:57:03,"Pull",45m,"Bicep Curl (Dumbbell)",1,55.0,10.0,0,0.0,
2023-02-24 18:57:03,"Pull",45m,"Bicep Curl (Dumbbell)",2,55.0,10.0,0,0.0,
2023-02-24 18:57:03,"Pull",45m,"Bicep Curl (Dumbbell)",3,55.0,10.0,0,0.0,
2023-02-24 18:57:03,"Pull",45m,"Hammer Curl (Dumbbell)",1,55.0,10.0,0,0.0,
2023-02-24 18:57:03,"Pull",45m,"Hammer Curl (Dumbbell)",2,55.0,10.0,0,0.0,
2023-02-24 18:57:03,"Pull",45m,"Hammer Curl (Dumbbell)",3,55.0,10.0,0,0.0,
2023-02-24 18:57:03,"Pull",45m,"Preacher Curl (Machine)",1,55.0,10.0,0,0.0,
2023-02-24 18:57:03,"Pull",45m,"Preacher Curl (Machine)",2,55.0,10.0,0,0.0,
2023-02-24 18:57:03,"Pull",45m,"Preacher Curl (Machine)",3,55.0,10.0,0,0.0,
2023-02-24 18:57:03,"Pull",45m,"Pull Up",1,0,8.0,0,0.0,
2023-02-24 18:57:03,"Pull",45m,"Pull Up",2,0,6.0,0,0.0,
2023-02-24 18:57:03,"Pull",45m,"Pull Up",3,0,4.0,0,0.0,
2023-02-24 18:57:03,"Pull",45m,"Bent Over One Arm Row (Dumbbell)",1,35.0,10.0,0,0.0,
2023-02-24 18:57:03,"Pull",45m,"Bent Over One Arm Row (Dumbbell)",2,35.0,10.0,0,0.0,
2023-02-24 18:57:03,"Pull",45m,"Bent Over One Arm Row (Dumbbell)",3,35.0,10.0,0,0.0,
2023-02-24 18:57:03,"Pull",45m,"Seated Row (Cable)",1,42.5,10.0,0,0.0,
2023-02-24 18:57:03,"Pull",45m,"Seated Row (Cable)",2,42.5,10.0,0,0.0,
2023-02-26 20:06:56,"Pull",45m,"Bicep Curl (Dumbbell)",1,55.0,10.0,0,0.0,
2023-02-26 20:06:56,"Pull",45m,"Bicep Curl (Dumbbell)",2,55.0,10.0,0,0.0,
2023-02-26 20:06:56,"Pull",45m,"Bicep Curl (Dumbbell)",3,55.0,10.0,0,0.0,
2023-02-26 20:06:56,"Pull",45m,"Hammer Curl (Dumbbell)",1,55.0,10.0,0,0.0,
2023-02-26 20:06:56,"Pull",45m,"Hammer Curl (Dumbbell)",2,55.0,10.0,0,0.0,
2023-02-26 20:06:56,"Pull",45m,"Hammer Curl (Dumbbell)",3,50.0,10.0,0,0.0,
2023-02-26 20:06:56,"Pull",45m,"Preacher Curl (Machine)",1,55.0,10.0,0,0.0,
2023-02-26 20:06:56,"Pull",45m,"Preacher Curl (Machine)",2,55.0,10.0,0,0.0,
2023-02-26 20:06:56,"Pull",45m,"Preacher Curl (Machine)",3,55.0,10.0,0,0.0,
2023-02-26 20:06:56,"Pull",45m,"Pull Up",1,0,5.0,0,0.0,
2023-02-26 20:06:56,"Pull",45m,"Pull Up",2,0,4.0,0,0.0,
2023-02-26 20:06:56,"Pull",45m,"Pull Up",3,0,5.0,0,0.0,
2023-02-26 20:06:56,"Pull",45m,"Bent Over Row (Dumbbell)",1,60.0,10.0,0,0.0,
2023-02-26 20:06:56,"Pull",45m,"Bent Over Row (Dumbbell)",2,60.0,10.0,0,0.0,
2023-02-26 20:06:56,"Pull",45m,"Bent Over Row (Dumbbell)",3,60.0,10.0,0,0.0,
2023-02-26 20:06:56,"Pull",45m,"Seated Row (Cable)",1,42.5,10.0,0,0.0,
2023-02-26 20:06:56,"Pull",45m,"Seated Row (Cable)",2,47.5,10.0,0,0.0,
2023-02-26 20:06:56,"Pull",45m,"Seated Row (Cable)",3,47.5,10.0,0,0.0,
2023-02-27 18:08:34,"Legs",42m,"Romanian Deadlift (Barbell)",1,175.0,10.0,0,0.0,
2023-02-27 18:08:34,"Legs",42m,"Romanian Deadlift (Barbell)",2,175.0,10.0,0,0.0,
2023-02-27 18:08:34,"Legs",42m,"Romanian Deadlift (Barbell)",3,175.0,10.0,0,0.0,
2023-02-27 18:08:34,"Legs",42m,"Lying Leg Curl (Machine)",1,85.0,10.0,0,0.0,
2023-02-27 18:08:34,"Legs",42m,"Lying Leg Curl (Machine)",2,85.0,10.0,0,0.0,
2023-02-27 18:08:34,"Legs",42m,"Lying Leg Curl (Machine)",3,75.0,10.0,0,0.0,
2023-02-28 19:19:38,"Legs",47m,"Squat (Barbell)",1,135.0,10.0,0,0.0,
2023-02-28 19:19:38,"Legs",47m,"Squat (Barbell)",2,135.0,7.0,0,0.0,
2023-02-28 19:19:38,"Legs",47m,"Squat (Barbell)",3,135.0,5.0,0,0.0,
2023-02-28 19:19:38,"Legs",47m,"Romanian Deadlift (Barbell)",1,175.0,10.0,0,0.0,
2023-02-28 19:19:38,"Legs",47m,"Romanian Deadlift (Barbell)",2,175.0,10.0,0,0.0,
2023-02-28 19:19:38,"Legs",47m,"Romanian Deadlift (Barbell)",3,175.0,10.0,0,0.0,
2023-02-28 19:19:38,"Legs",47m,"Seated Leg Curl (Machine)",1,70.0,10.0,0,0.0,
2023-02-28 19:19:38,"Legs",47m,"Seated Leg Curl (Machine)",2,110.0,7.0,0,0.0,
2023-02-28 19:19:38,"Legs",47m,"Seated Leg Curl (Machine)",3,100.0,10.0,0,0.0,
2023-02-28 19:19:38,"Legs",47m,"Seated Leg Curl (Machine)",4,100.0,10.0,0,0.0,
2023-02-28 19:19:38,"Legs",47m,"Standing Calf Raise (Dumbbell)",1,25.0,10.0,0,0.0,
2023-02-28 19:19:38,"Legs",47m,"Standing Calf Raise (Dumbbell)",2,25.0,10.0,0,0.0,
2023-02-28 19:19:38,"Legs",47m,"Standing Calf Raise (Dumbbell)",3,25.0,10.0,0,0.0,
2023-02-28 19:19:38,"Legs",47m,"Seated Calf Raise (Plate Loaded)",1,70.0,10.0,0,0.0,
2023-03-01 09:51:00,"Push",1h 39m,"Bench Press (Dumbbell)",1,120.0,10.0,0,0.0,
2023-03-01 09:51:00,"Push",1h 39m,"Bench Press (Dumbbell)",2,130.0,7.0,0,0.0,
2023-03-01 09:51:00,"Push",1h 39m,"Bench Press (Dumbbell)",3,120.0,8.0,0,0.0,
2023-03-01 09:51:00,"Push",1h 39m,"Bench Press (Dumbbell)",4,130.0,3.0,0,0.0,
2023-03-01 09:51:00,"Push",1h 39m,"Incline Bench Press (Dumbbell)",1,90.0,11.0,0,0.0,
2023-03-01 09:51:00,"Push",1h 39m,"Incline Bench Press (Dumbbell)",2,90.0,11.0,0,0.0,
2023-03-01 09:51:00,"Push",1h 39m,"Incline Bench Press (Dumbbell)",3,90.0,5.0,0,0.0,
2023-03-01 09:51:00,"Push",1h 39m,"Chest Fly (Band)",1,25.0,10.0,0,0.0,
2023-03-01 09:51:00,"Push",1h 39m,"Chest Fly (Band)",2,25.0,10.0,0,0.0,
2023-03-01 09:51:00,"Push",1h 39m,"Chest Fly (Band)",3,25.0,10.0,0,0.0,
2023-03-01 09:51:00,"Push",1h 39m,"Shoulder Press (Machine)",1,110.0,8.0,0,0.0,
2023-03-01 09:51:00,"Push",1h 39m,"Shoulder Press (Machine)",2,110.0,8.0,0,0.0,
2023-03-01 09:51:00,"Push",1h 39m,"Shoulder Press (Machine)",3,100.0,8.0,0,0.0,
2023-03-01 09:51:00,"Push",1h 39m,"Shoulder Press (Machine)",4,100.0,6.0,0,0.0,
2023-03-01 09:51:00,"Push",1h 39m,"Lateral Raise (Dumbbell)",1,35.0,10.0,0,0.0,
2023-03-01 09:51:00,"Push",1h 39m,"Lateral Raise (Dumbbell)",2,35.0,10.0,0,0.0,
2023-03-01 09:51:00,"Push",1h 39m,"Lateral Raise (Dumbbell)",3,35.0,10.0,0,0.0,
2023-03-01 09:51:00,"Push",1h 39m,"Lateral Raise (Dumbbell)",4,35.0,10.0,0,0.0,
2023-03-01 09:51:00,"Push",1h 39m,"Triceps Pushdown (Cable - Straight Bar)",1,42.5,10.0,0,0.0,
2023-03-01 09:51:00,"Push",1h 39m,"Triceps Pushdown (Cable - Straight Bar)",2,47.5,9.0,0,0.0,
2023-03-01 09:51:00,"Push",1h 39m,"Triceps Pushdown (Cable - Straight Bar)",3,47.5,7.0,0,0.0,
2023-03-01 09:51:00,"Push",1h 39m,"Triceps Pushdown (Cable - Straight Bar)",4,47.5,7.0,0,0.0,
2023-03-01 09:51:00,"Push",1h 39m,"Triceps Extension (Cable)",1,30.0,12.0,0,0.0,
2023-03-01 09:51:00,"Push",1h 39m,"Triceps Extension (Cable)",2,35.0,10.0,0,0.0,
2023-03-01 09:51:00,"Push",1h 39m,"Triceps Extension (Cable)",3,35.0,10.0,0,0.0,
2023-03-01 09:51:00,"Push",1h 39m,"Triceps Extension (Cable)",4,30.0,10.0,0,0.0,
2023-03-02 19:32:45,"Pull",48m,"Bicep Curl (Dumbbell)",1,55.0,11.0,0,0.0,
2023-03-02 19:32:45,"Pull",48m,"Bicep Curl (Dumbbell)",2,55.0,10.0,0,0.0,
2023-03-02 19:32:45,"Pull",48m,"Bicep Curl (Dumbbell)",3,55.0,10.0,0,0.0,
2023-03-02 19:32:45,"Pull",48m,"Hammer Curl (Dumbbell)",1,55.0,8.0,0,0.0,
2023-03-02 19:32:45,"Pull",48m,"Hammer Curl (Dumbbell)",2,55.0,10.0,0,0.0,
2023-03-02 19:32:45,"Pull",48m,"Hammer Curl (Dumbbell)",3,50.0,10.0,0,0.0,
2023-03-02 19:32:45,"Pull",48m,"Preacher Curl (Machine)",1,55.0,10.0,0,0.0,
2023-03-02 19:32:45,"Pull",48m,"Preacher Curl (Machine)",2,60.0,10.0,0,0.0,
2023-03-02 19:32:45,"Pull",48m,"Preacher Curl (Machine)",3,60.0,10.0,0,0.0,
2023-03-02 19:32:45,"Pull",48m,"Pull Up",1,0,5.0,0,0.0,
2023-03-02 19:32:45,"Pull",48m,"Pull Up",2,0,6.0,0,0.0,
2023-03-02 19:32:45,"Pull",48m,"Pull Up",3,0,3.0,0,0.0,
2023-03-02 19:32:45,"Pull",48m,"Bent Over Row (Barbell)",1,95.0,10.0,0,0.0,
2023-03-02 19:32:45,"Pull",48m,"Bent Over Row (Barbell)",2,95.0,10.0,0,0.0,
2023-03-02 19:32:45,"Pull",48m,"Bent Over Row (Barbell)",3,95.0,10.0,0,0.0,
2023-03-02 19:32:45,"Pull",48m,"Seated Row (Cable)",1,42.5,10.0,0,0.0,
2023-03-02 19:32:45,"Pull",48m,"Seated Row (Cable)",2,42.5,10.0,0,0.0,
2023-03-02 19:32:45,"Pull",48m,"Seated Row (Cable)",3,42.5,10.0,0,0.0,
2023-03-05 13:01:10,"Legs",35m,"Squat (Barbell)",1,135.0,7.0,0,0.0,
2023-03-05 13:01:10,"Legs",35m,"Squat (Barbell)",2,135.0,4.0,0,0.0,
2023-03-05 13:01:10,"Legs",35m,"Squat (Barbell)",3,135.0,2.0,0,0.0,
2023-03-05 13:01:10,"Legs",35m,"Romanian Deadlift (Barbell)",1,155.0,10.0,0,0.0,
2023-03-06 18:21:26,"Push",1h 2m,"Bench Press (Dumbbell)",1,130.0,8.0,0,0.0,
2023-03-06 18:21:26,"Push",1h 2m,"Bench Press (Dumbbell)",2,130.0,7.0,0,0.0,
2023-03-06 18:21:26,"Push",1h 2m,"Bench Press (Dumbbell)",3,130.0,5.0,0,0.0,
2023-03-06 18:21:26,"Push",1h 2m,"Bench Press (Dumbbell)",4,130.0,3.0,0,0.0,
2023-03-06 18:21:26,"Push",1h 2m,"Incline Bench Press (Dumbbell)",1,90.0,11.0,0,0.0,
2023-03-06 18:21:26,"Push",1h 2m,"Incline Bench Press (Dumbbell)",2,100.0,7.0,0,0.0,
2023-03-06 18:21:26,"Push",1h 2m,"Incline Bench Press (Dumbbell)",3,100.0,7.0,0,0.0,
2023-03-06 18:21:26,"Push",1h 2m,"Shoulder Press (Machine)",1,100.0,10.0,0,0.0,
2023-03-06 18:21:26,"Push",1h 2m,"Shoulder Press (Machine)",2,100.0,10.0,0,0.0,
2023-03-06 18:21:26,"Push",1h 2m,"Shoulder Press (Machine)",3,100.0,7.0,0,0.0,
2023-03-06 18:21:26,"Push",1h 2m,"Lateral Raise (Dumbbell)",1,30.0,10.0,0,0.0,
2023-03-06 18:21:26,"Push",1h 2m,"Lateral Raise (Dumbbell)",2,30.0,10.0,0,0.0,
2023-03-06 18:21:26,"Push",1h 2m,"Lateral Raise (Dumbbell)",3,30.0,10.0,0,0.0,
2023-03-06 18:21:26,"Push",1h 2m,"Triceps Pushdown (Cable - Straight Bar)",1,42.5,10.0,0,0.0,
2023-03-06 18:21:26,"Push",1h 2m,"Triceps Pushdown (Cable - Straight Bar)",2,47.5,10.0,0,0.0,
2023-03-06 18:21:26,"Push",1h 2m,"Triceps Pushdown (Cable - Straight Bar)",3,47.5,10.0,0,0.0,
2023-03-06 18:21:26,"Push",1h 2m,"Triceps Pushdown (Cable - Straight Bar)",4,47.5,10.0,0,0.0,
2023-03-06 18:21:26,"Push",1h 2m,"Triceps Extension (Cable)",1,32.5,10.0,0,0.0,
2023-03-06 18:21:26,"Push",1h 2m,"Triceps Extension (Cable)",2,32.5,10.0,0,0.0,
2023-03-06 18:21:26,"Push",1h 2m,"Triceps Extension (Cable)",3,32.5,10.0,0,0.0,
2023-03-06 18:21:26,"Push",1h 2m,"Triceps Extension (Cable)",4,32.5,10.0,0,0.0,
2023-03-09 18:20:43,"Pull",26m,"Bicep Curl (Dumbbell)",1,50.0,11.0,0,0.0,
2023-03-09 18:20:43,"Pull",26m,"Bicep Curl (Dumbbell)",2,50.0,10.0,0,0.0,
2023-03-09 18:20:43,"Pull",26m,"Bicep Curl (Dumbbell)",3,50.0,10.0,0,0.0,
2023-03-09 18:20:43,"Pull",26m,"Lat Pulldown (Cable)",1,42.5,10.0,0,0.0,
2023-03-09 18:20:43,"Pull",26m,"Lat Pulldown (Cable)",2,42.5,10.0,0,0.0,
2023-03-10 16:02:18,"Push",52m,"Bench Press (Barbell)",1,135.0,9.0,0,0.0,
2023-03-10 16:02:18,"Push",52m,"Bench Press (Barbell)",2,135.0,7.0,0,0.0,
2023-03-10 16:02:18,"Push",52m,"Bench Press (Barbell)",3,135.0,5.0,0,0.0,
2023-03-12 15:07:20,"Legs",1h 46m,"Squat (Barbell)",1,125.0,10.0,0,0.0,
2023-03-12 15:07:20,"Legs",1h 46m,"Squat (Barbell)",2,125.0,10.0,0,0.0,
2023-03-12 15:07:20,"Legs",1h 46m,"Squat (Barbell)",3,125.0,2.0,0,0.0,
2023-03-12 15:07:20,"Legs",1h 46m,"Romanian Deadlift (Barbell)",1,185.0,6.0,0,0.0,
2023-03-12 15:07:20,"Legs",1h 46m,"Romanian Deadlift (Barbell)",2,185.0,8.0,0,0.0,
2023-03-12 15:07:20,"Legs",1h 46m,"Romanian Deadlift (Barbell)",3,185.0,8.0,0,0.0,
2023-03-12 15:07:20,"Legs",1h 46m,"Standing Calf Raise (Dumbbell)",1,25.0,10.0,0,0.0,
2023-03-12 15:07:20,"Legs",1h 46m,"Seated Calf Raise (Plate Loaded)",1,70.0,10.0,0,0.0,
2023-03-12 15:07:20,"Legs",1h 46m,"Seated Calf Raise (Plate Loaded)",2,70.0,10.0,0,0.0,
2023-03-13 17:33:31,"Push",1h 30m,"Bench Press (Barbell)",1,135.0,10.0,0,0.0,
2023-03-13 17:33:31,"Push",1h 30m,"Bench Press (Barbell)",2,135.0,7.0,0,0.0,
2023-03-13 17:33:31,"Push",1h 30m,"Bench Press (Barbell)",3,135.0,6.0,0,0.0,
2023-03-13 17:33:31,"Push",1h 30m,"Bench Press (Barbell)",4,135.0,5.0,0,0.0,
2023-03-13 17:33:31,"Push",1h 30m,"Incline Bench Press (Barbell)",1,95.0,10.0,0,0.0,
2023-03-13 17:33:31,"Push",1h 30m,"Incline Bench Press (Barbell)",2,95.0,6.0,0,0.0,
2023-03-13 17:33:31,"Push",1h 30m,"Incline Bench Press (Barbell)",3,95.0,8.0,0,0.0,
2023-03-13 17:33:31,"Push",1h 30m,"Chest Press (Machine)",1,90.0,10.0,0,0.0,
2023-03-13 17:33:31,"Push",1h 30m,"Chest Press (Machine)",2,95.0,9.0,0,0.0,
2023-03-13 17:33:31,"Push",1h 30m,"Chest Press (Machine)",3,95.0,10.0,0,0.0,
2023-03-13 17:33:31,"Push",1h 30m,"Shoulder Press (Machine)",1,100.0,9.0,0,0.0,
2023-03-13 17:33:31,"Push",1h 30m,"Shoulder Press (Machine)",2,100.0,9.0,0,0.0,
2023-03-13 17:33:31,"Push",1h 30m,"Shoulder Press (Machine)",3,100.0,7.0,0,0.0,
2023-03-13 17:33:31,"Push",1h 30m,"Shoulder Press (Machine)",4,100.0,4.0,0,0.0,
2023-03-13 17:33:31,"Push",1h 30m,"Lateral Raise (Dumbbell)",1,35.0,10.0,0,0.0,
2023-03-13 17:33:31,"Push",1h 30m,"Lateral Raise (Dumbbell)",2,35.0,10.0,0,0.0,
2023-03-13 17:33:31,"Push",1h 30m,"Lateral Raise (Dumbbell)",3,35.0,10.0,0,0.0,
2023-03-13 17:33:31,"Push",1h 30m,"Lateral Raise (Dumbbell)",4,35.0,10.0,0,0.0,
2023-03-13 17:33:31,"Push",1h 30m,"Triceps Pushdown (Cable - Straight Bar)",1,47.5,10.0,0,0.0,
2023-03-13 17:33:31,"Push",1h 30m,"Triceps Pushdown (Cable - Straight Bar)",2,47.5,8.0,0,0.0,
2023-03-13 17:33:31,"Push",1h 30m,"Triceps Pushdown (Cable - Straight Bar)",3,47.5,6.0,0,0.0,
2023-03-13 17:33:31,"Push",1h 30m,"Triceps Pushdown (Cable - Straight Bar)",4,42.5,9.0,0,0.0,
2023-03-13 17:33:31,"Push",1h 30m,"Triceps Extension (Cable)",1,30.0,10.0,0,0.0,
2023-03-13 17:33:31,"Push",1h 30m,"Triceps Extension (Cable)",2,35.0,5.0,0,0.0,
2023-03-13 17:33:31,"Push",1h 30m,"Triceps Extension (Cable)",3,30.0,10.0,0,0.0,
2023-03-13 17:33:31,"Push",1h 30m,"Triceps Extension (Cable)",4,30.0,9.0,0,0.0,
2023-03-14 21:34:59,"Pull",1h 4m,"Bicep Curl (Dumbbell)",1,55.0,10.0,0,0.0,
2023-03-14 21:34:59,"Pull",1h 4m,"Bicep Curl (Dumbbell)",2,55.0,10.0,0,0.0,
2023-03-14 21:34:59,"Pull",1h 4m,"Bicep Curl (Dumbbell)",3,55.0,10.0,0,0.0,
2023-03-14 21:34:59,"Pull",1h 4m,"Hammer Curl (Dumbbell)",1,55.0,10.0,0,0.0,
2023-03-14 21:34:59,"Pull",1h 4m,"Hammer Curl (Dumbbell)",2,55.0,8.0,0,0.0,
2023-03-14 21:34:59,"Pull",1h 4m,"Hammer Curl (Dumbbell)",3,55.0,10.0,0,0.0,
2023-03-14 21:34:59,"Pull",1h 4m,"Preacher Curl (Machine)",1,60.0,10.0,0,0.0,
2023-03-14 21:34:59,"Pull",1h 4m,"Preacher Curl (Machine)",2,60.0,10.0,0,0.0,
2023-03-14 21:34:59,"Pull",1h 4m,"Preacher Curl (Machine)",3,60.0,10.0,0,0.0,
2023-03-14 21:34:59,"Pull",1h 4m,"Pull Up",1,0,10.0,0,0.0,
2023-03-14 21:34:59,"Pull",1h 4m,"Pull Up",2,0,5.0,0,0.0,
2023-03-14 21:34:59,"Pull",1h 4m,"Pull Up",3,0,4.0,0,0.0,
2023-03-14 21:34:59,"Pull",1h 4m,"Bent Over Row (Barbell)",1,95.0,10.0,0,0.0,
2023-03-14 21:34:59,"Pull",1h 4m,"Bent Over Row (Barbell)",2,95.0,10.0,0,0.0,
2023-03-14 21:34:59,"Pull",1h 4m,"Bent Over Row (Barbell)",3,95.0,10.0,0,0.0,
2023-03-14 21:34:59,"Pull",1h 4m,"Seated Row (Cable)",1,42.5,10.0,0,0.0,
2023-03-14 21:34:59,"Pull",1h 4m,"Seated Row (Cable)",2,47.5,10.0,0,0.0,
2023-03-14 21:34:59,"Pull",1h 4m,"Seated Row (Cable)",3,42.5,9.0,0,0.0,
2023-03-15 09:55:12,"Legs",1h 9m,"Squat (Barbell)",1,135.0,5.0,0,0.0,
2023-03-15 09:55:12,"Legs",1h 9m,"Squat (Barbell)",2,125.0,6.0,0,0.0,
2023-03-15 09:55:12,"Legs",1h 9m,"Squat (Barbell)",3,125.0,5.0,0,0.0,
2023-03-15 09:55:12,"Legs",1h 9m,"Romanian Deadlift (Barbell)",1,185.0,10.0,0,0.0,
2023-03-15 09:55:12,"Legs",1h 9m,"Romanian Deadlift (Barbell)",2,185.0,9.0,0,0.0,
2023-03-15 09:55:12,"Legs",1h 9m,"Romanian Deadlift (Barbell)",3,190.0,5.0,0,0.0,
2023-03-15 09:55:12,"Legs",1h 9m,"Seated Leg Curl (Machine)",1,100.0,10.0,0,0.0,
2023-03-15 09:55:12,"Legs",1h 9m,"Seated Leg Curl (Machine)",2,100.0,10.0,0,0.0,
2023-03-15 09:55:12,"Legs",1h 9m,"Seated Leg Curl (Machine)",3,100.0,10.0,0,0.0,
2023-03-15 09:55:12,"Legs",1h 9m,"Seated Leg Curl (Machine)",4,100.0,10.0,0,0.0,
2023-03-15 09:55:12,"Legs",1h 9m,"Seated Calf Raise (Plate Loaded)",1,90.0,10.0,0,0.0,
2023-03-15 09:55:12,"Legs",1h 9m,"Seated Calf Raise (Plate Loaded)",2,90.0,10.0,0,0.0,
2023-03-15 09:55:12,"Legs",1h 9m,"Seated Calf Raise (Plate Loaded)",3,90.0,10.0,0,0.0,
2023-03-16 13:59:04,"Push",1h 38m,"Bench Press (Barbell)",1,155.0,4.0,0,0.0,
2023-03-16 13:59:04,"Push",1h 38m,"Bench Press (Barbell)",2,155.0,4.0,0,0.0,
2023-03-16 13:59:04,"Push",1h 38m,"Bench Press (Barbell)",3,135.0,10.0,0,0.0,
2023-03-16 13:59:04,"Push",1h 38m,"Bench Press (Barbell)",4,135.0,10.0,0,0.0,
2023-03-16 13:59:04,"Push",1h 38m,"Bench Press (Barbell)",5,115.0,10.0,0,0.0,
2023-03-16 13:59:04,"Push",1h 38m,"Incline Bench Press (Dumbbell)",1,90.0,9.0,0,0.0,
2023-03-16 13:59:04,"Push",1h 38m,"Incline Bench Press (Dumbbell)",2,80.0,9.0,0,0.0,
2023-03-16 13:59:04,"Push",1h 38m,"Incline Bench Press (Dumbbell)",3,70.0,10.0,0,0.0,
2023-03-16 13:59:04,"Push",1h 38m,"Incline Bench Press (Dumbbell)",4,70.0,10.0,0,0.0,
2023-03-16 13:59:04,"Push",1h 38m,"Triceps Pushdown (Cable - Straight Bar)",1,40.0,10.0,0,0.0,
2023-03-16 13:59:04,"Push",1h 38m,"Triceps Pushdown (Cable - Straight Bar)",2,50.0,10.0,0,0.0,
2023-03-16 13:59:04,"Push",1h 38m,"Triceps Pushdown (Cable - Straight Bar)",3,50.0,10.0,0,0.0,
2023-03-16 13:59:04,"Push",1h 38m,"Triceps Pushdown (Cable - Straight Bar)",4,50.0,10.0,0,0.0,
2023-03-16 13:59:04,"Push",1h 38m,"Triceps Extension (Cable)",1,32.5,10.0,0,0.0,
2023-03-16 13:59:04,"Push",1h 38m,"Triceps Extension (Cable)",2,32.5,10.0,0,0.0,
2023-03-16 13:59:04,"Push",1h 38m,"Triceps Extension (Cable)",3,32.5,10.0,0,0.0,
2023-03-16 13:59:04,"Push",1h 38m,"Triceps Extension (Cable)",4,32.5,10.0,0,0.0,
2023-03-19 14:43:15,"Pull",26m,"Bicep Curl (Dumbbell)",1,55.0,10.0,0,0.0,
2023-03-19 14:43:15,"Pull",26m,"Bicep Curl (Dumbbell)",2,55.0,10.0,0,0.0,
2023-03-19 14:43:15,"Pull",26m,"Bicep Curl (Dumbbell)",3,55.0,10.0,0,0.0,
2023-03-19 14:43:15,"Pull",26m,"Hammer Curl (Dumbbell)",1,55.0,10.0,0,0.0,
2023-03-19 14:43:15,"Pull",26m,"Pull Up",1,0,8.0,0,0.0,
2023-03-19 14:43:15,"Pull",26m,"Pull Up",2,0,5.0,0,0.0,
2023-03-19 14:43:15,"Pull",26m,"Pull Up",3,0,5.0,0,0.0,
2023-03-27 08:57:52,"Pull",50m,"Bicep Curl (Dumbbell)",1,60.0,6.0,0,0.0,
2023-03-27 08:57:52,"Pull",50m,"Bicep Curl (Dumbbell)",2,60.0,5.0,0,0.0,
2023-03-27 08:57:52,"Pull",50m,"Bicep Curl (Dumbbell)",3,60.0,6.0,0,0.0,
2023-03-27 08:57:52,"Pull",50m,"Hammer Curl (Dumbbell)",1,60.0,9.0,0,0.0,
2023-03-27 08:57:52,"Pull",50m,"Hammer Curl (Dumbbell)",2,60.0,7.0,0,0.0,
2023-03-27 08:57:52,"Pull",50m,"Hammer Curl (Dumbbell)",3,60.0,5.0,0,0.0,
2023-03-27 08:57:52,"Pull",50m,"Bent Over Row (Dumbbell)",1,70.0,10.0,0,0.0,
2023-03-27 08:57:52,"Pull",50m,"Bent Over Row (Dumbbell)",2,70.0,10.0,0,0.0,
2023-03-27 08:57:52,"Pull",50m,"Bent Over Row (Dumbbell)",3,70.0,10.0,0,0.0,
2023-03-28 15:15:34,"Push",1h 17m,"Bench Press (Barbell)",1,135.0,5.0,0,0.0,
2023-03-28 15:15:34,"Push",1h 17m,"Bench Press (Barbell)",2,125.0,10.0,0,0.0,
2023-03-28 15:15:34,"Push",1h 17m,"Bench Press (Barbell)",3,125.0,7.0,0,0.0,
2023-03-28 15:15:34,"Push",1h 17m,"Bench Press (Barbell)",4,125.0,4.0,0,0.0,
2023-03-28 15:15:34,"Push",1h 17m,"Incline Bench Press (Dumbbell)",1,70.0,10.0,0,0.0,
2023-03-28 15:15:34,"Push",1h 17m,"Incline Bench Press (Dumbbell)",2,70.0,10.0,0,0.0,
2023-03-28 15:15:34,"Push",1h 17m,"Incline Bench Press (Dumbbell)",3,70.0,10.0,0,0.0,
2023-03-28 15:15:34,"Push",1h 17m,"Chest Fly",1,100.0,10.0,0,0.0,
2023-03-28 15:15:34,"Push",1h 17m,"Chest Fly",2,100.0,10.0,0,0.0,
2023-03-28 15:15:34,"Push",1h 17m,"Chest Fly",3,100.0,10.0,0,0.0,
2023-03-28 15:15:34,"Push",1h 17m,"Seated Overhead Press (Dumbbell)",1,70.0,5.0,0,0.0,
2023-03-28 15:15:34,"Push",1h 17m,"Seated Overhead Press (Dumbbell)",2,70.0,10.0,0,0.0,
2023-03-28 15:15:34,"Push",1h 17m,"Seated Overhead Press (Dumbbell)",3,70.0,9.0,0,0.0,
2023-03-28 15:15:34,"Push",1h 17m,"Lateral Raise (Dumbbell)",1,35.0,10.0,0,0.0,
2023-03-28 15:15:34,"Push",1h 17m,"Lateral Raise (Dumbbell)",2,35.0,10.0,0,0.0,
2023-03-28 15:15:34,"Push",1h 17m,"Triceps Pushdown (Cable - Straight Bar)",1,42.5,10.0,0,0.0,
2023-03-28 15:15:34,"Push",1h 17m,"Triceps Pushdown (Cable - Straight Bar)",2,42.5,10.0,0,0.0,
2023-03-28 15:15:34,"Push",1h 17m,"Triceps Pushdown (Cable - Straight Bar)",3,42.5,10.0,0,0.0,
2023-03-28 15:15:34,"Push",1h 17m,"Triceps Extension (Cable)",1,30.0,10.0,0,0.0,
2023-03-30 08:12:44,"Legs",38m,"Squat (Barbell)",1,95.0,10.0,0,0.0,
2023-03-30 08:12:44,"Legs",38m,"Squat (Barbell)",2,95.0,9.0,0,0.0,
2023-03-30 08:12:44,"Legs",38m,"Squat (Barbell)",3,95.0,9.0,0,0.0,
2023-03-30 08:12:44,"Legs",38m,"Romanian Deadlift (Barbell)",1,95.0,10.0,0,0.0,
2023-03-30 08:12:44,"Legs",38m,"Romanian Deadlift (Barbell)",2,125.0,10.0,0,0.0,
2023-03-30 08:12:44,"Legs",38m,"Romanian Deadlift (Barbell)",3,125.0,10.0,0,0.0,
2023-03-30 08:12:44,"Legs",38m,"Seated Leg Curl (Machine)",1,70.0,8.0,0,0.0,
2023-03-30 08:12:44,"Legs",38m,"Seated Leg Curl (Machine)",2,70.0,10.0,0,0.0,
2023-04-02 10:07:38,"Push",1h 39m,"Squat (Barbell)",1,95.0,10.0,0,0.0,
2023-04-02 10:07:38,"Push",1h 39m,"Squat (Barbell)",2,95.0,10.0,0,0.0,
2023-04-02 10:07:38,"Push",1h 39m,"Bench Press (Barbell)",1,125.0,10.0,0,0.0,
2023-04-02 10:07:38,"Push",1h 39m,"Bench Press (Barbell)",2,125.0,5.0,0,0.0,
2023-04-02 10:07:38,"Push",1h 39m,"Bench Press (Barbell)",3,125.0,6.0,0,0.0,
2023-04-02 10:07:38,"Push",1h 39m,"Bench Press (Barbell)",4,115.0,5.0,0,0.0,
2023-04-02 10:07:38,"Push",1h 39m,"Incline Bench Press (Dumbbell)",1,70.0,10.0,0,0.0,
2023-04-02 10:07:38,"Push",1h 39m,"Incline Bench Press (Dumbbell)",2,80.0,7.0,0,0.0,
2023-04-02 10:07:38,"Push",1h 39m,"Incline Bench Press (Dumbbell)",3,80.0,10.0,0,0.0,
2023-04-02 10:07:38,"Push",1h 39m,"Chest Press (Band)",1,45.0,10.0,0,0.0,
2023-04-02 10:07:38,"Push",1h 39m,"Chest Press (Band)",2,45.0,10.0,0,0.0,
2023-04-02 10:07:38,"Push",1h 39m,"Chest Press (Band)",3,45.0,10.0,0,0.0,
2023-04-02 10:07:38,"Push",1h 39m,"Seated Overhead Press (Dumbbell)",1,70.0,10.0,0,0.0,
2023-04-02 10:07:38,"Push",1h 39m,"Seated Overhead Press (Dumbbell)",2,70.0,8.0,0,0.0,
2023-04-02 10:07:38,"Push",1h 39m,"Seated Overhead Press (Dumbbell)",3,70.0,9.0,0,0.0,
2023-04-02 10:07:38,"Push",1h 39m,"Seated Overhead Press (Dumbbell)",4,70.0,10.0,0,0.0,
2023-04-02 10:07:38,"Push",1h 39m,"Lateral Raise (Dumbbell)",1,30.0,10.0,0,0.0,
2023-04-02 10:07:38,"Push",1h 39m,"Lateral Raise (Dumbbell)",2,30.0,10.0,0,0.0,
2023-04-02 10:07:38,"Push",1h 39m,"Lateral Raise (Dumbbell)",3,30.0,10.0,0,0.0,
2023-04-02 10:07:38,"Push",1h 39m,"Lateral Raise (Dumbbell)",4,30.0,10.0,0,0.0,
2023-04-02 10:07:38,"Push",1h 39m,"Triceps Pushdown (Cable - Straight Bar)",1,42.5,10.0,0,0.0,
2023-04-02 10:07:38,"Push",1h 39m,"Triceps Pushdown (Cable - Straight Bar)",2,47.5,6.0,0,0.0,
2023-04-02 10:07:38,"Push",1h 39m,"Triceps Pushdown (Cable - Straight Bar)",3,42.5,8.0,0,0.0,
2023-04-02 10:07:38,"Push",1h 39m,"Triceps Pushdown (Cable - Straight Bar)",4,42.5,9.0,0,0.0,
2023-04-02 10:07:38,"Push",1h 39m,"Triceps Extension (Cable)",1,32.5,9.0,0,0.0,
2023-04-02 10:07:38,"Push",1h 39m,"Triceps Extension (Cable)",2,32.5,9.0,0,0.0,
2023-04-02 10:07:38,"Push",1h 39m,"Triceps Extension (Cable)",3,32.5,9.0,0,0.0,
2023-04-02 10:07:38,"Push",1h 39m,"Triceps Extension (Cable)",4,32.5,9.0,0,0.0,
2023-04-03 14:22:46,"Pull",1h 7m,"Romanian Deadlift (Barbell)",1,155.0,10.0,0,0.0,
2023-04-03 14:22:46,"Pull",1h 7m,"Romanian Deadlift (Barbell)",2,155.0,10.0,0,0.0,
2023-04-03 14:22:46,"Pull",1h 7m,"Bicep Curl (Dumbbell)",1,55.0,10.0,0,0.0,
2023-04-03 14:22:46,"Pull",1h 7m,"Bicep Curl (Dumbbell)",2,55.0,10.0,0,0.0,
2023-04-03 14:22:46,"Pull",1h 7m,"Bicep Curl (Dumbbell)",3,55.0,9.0,0,0.0,
2023-04-03 14:22:46,"Pull",1h 7m,"Hammer Curl (Dumbbell)",1,55.0,10.0,0,0.0,
2023-04-03 14:22:46,"Pull",1h 7m,"Hammer Curl (Dumbbell)",2,55.0,10.0,0,0.0,
2023-04-03 14:22:46,"Pull",1h 7m,"Hammer Curl (Dumbbell)",3,55.0,10.0,0,0.0,
2023-04-03 14:22:46,"Pull",1h 7m,"Preacher Curl (Machine)",1,60.0,10.0,0,0.0,
2023-04-03 14:22:46,"Pull",1h 7m,"Preacher Curl (Machine)",2,60.0,10.0,0,0.0,
2023-04-03 14:22:46,"Pull",1h 7m,"Preacher Curl (Machine)",3,60.0,10.0,0,0.0,
2023-04-03 14:22:46,"Pull",1h 7m,"Pull Up",1,0,6.0,0,0.0,
2023-04-03 14:22:46,"Pull",1h 7m,"Pull Up",2,0,4.0,0,0.0,
2023-04-03 14:22:46,"Pull",1h 7m,"Pull Up",3,0,4.0,0,0.0,
2023-04-03 14:22:46,"Pull",1h 7m,"Bent Over Row (Barbell)",1,95.0,10.0,0,0.0,
2023-04-03 14:22:46,"Pull",1h 7m,"Bent Over Row (Barbell)",2,95.0,10.0,0,0.0,
2023-04-03 14:22:46,"Pull",1h 7m,"Bent Over Row (Barbell)",3,95.0,10.0,0,0.0,
2023-04-03 14:22:46,"Pull",1h 7m,"Seated Row (Cable)",1,42.5,10.0,0,0.0,
2023-04-03 14:22:46,"Pull",1h 7m,"Seated Row (Cable)",2,42.5,10.0,0,0.0,
2023-04-03 14:22:46,"Pull",1h 7m,"Seated Row (Cable)",3,42.5,10.0,0,0.0,
2023-04-04 17:29:08,"Legs",1h 6m,"Squat (Barbell)",1,115.0,10.0,0,0.0,
2023-04-04 17:29:08,"Legs",1h 6m,"Squat (Barbell)",2,115.0,10.0,0,0.0,
2023-04-04 17:29:08,"Legs",1h 6m,"Squat (Barbell)",3,115.0,10.0,0,0.0,
2023-04-04 17:29:08,"Legs",1h 6m,"Romanian Deadlift (Barbell)",1,185.0,9.0,0,0.0,
2023-04-04 17:29:08,"Legs",1h 6m,"Romanian Deadlift (Barbell)",2,185.0,3.0,0,0.0,
2023-04-04 17:29:08,"Legs",1h 6m,"Romanian Deadlift (Barbell)",3,185.0,3.0,0,0.0,
2023-04-04 17:29:08,"Legs",1h 6m,"Leg Extension (Machine)",1,50.0,10.0,0,0.0,
2023-04-04 17:29:08,"Legs",1h 6m,"Leg Extension (Machine)",2,70.0,10.0,0,0.0,
2023-04-04 17:29:08,"Legs",1h 6m,"Leg Extension (Machine)",3,70.0,10.0,0,0.0,
2023-04-04 17:29:08,"Legs",1h 6m,"Leg Extension (Machine)",4,70.0,10.0,0,0.0,
2023-04-04 17:29:08,"Legs",1h 6m,"Standing Calf Raise (Dumbbell)",1,0.0,10.0,0,0.0,
2023-04-04 17:29:08,"Legs",1h 6m,"Standing Calf Raise (Dumbbell)",2,25.0,10.0,0,0.0,
2023-04-05 12:46:33,"Push",1h 12m,"Bench Press (Barbell)",1,135.0,9.0,0,0.0,
2023-04-05 12:46:33,"Push",1h 12m,"Bench Press (Barbell)",2,135.0,7.0,0,0.0,
2023-04-05 12:46:33,"Push",1h 12m,"Bench Press (Barbell)",3,135.0,6.0,0,0.0,
2023-04-05 12:46:33,"Push",1h 12m,"Bench Press (Barbell)",4,135.0,5.0,0,0.0,
2023-04-05 12:46:33,"Push",1h 12m,"Incline Bench Press (Dumbbell)",1,80.0,10.0,0,0.0,
2023-04-05 12:46:33,"Push",1h 12m,"Incline Bench Press (Dumbbell)",2,80.0,9.0,0,0.0,
2023-04-05 12:46:33,"Push",1h 12m,"Incline Bench Press (Dumbbell)",3,80.0,10.0,0,0.0,
2023-04-05 12:46:33,"Push",1h 12m,"Chest Press (Band)",1,45.0,10.0,0,0.0,
2023-04-05 12:46:33,"Push",1h 12m,"Chest Press (Band)",2,45.0,10.0,0,0.0,
2023-04-05 12:46:33,"Push",1h 12m,"Chest Press (Band)",3,45.0,10.0,0,0.0,
2023-04-05 12:46:33,"Push",1h 12m,"Overhead Press (Dumbbell)",1,70.0,10.0,0,0.0,
2023-04-05 12:46:33,"Push",1h 12m,"Overhead Press (Dumbbell)",2,70.0,10.0,0,0.0,
2023-04-05 12:46:33,"Push",1h 12m,"Overhead Press (Dumbbell)",3,80.0,8.0,0,0.0,
2023-04-05 12:46:33,"Push",1h 12m,"Overhead Press (Dumbbell)",4,80.0,7.0,0,0.0,
2023-04-05 12:46:33,"Push",1h 12m,"Lateral Raise (Dumbbell)",1,35.0,10.0,0,0.0,
2023-04-05 12:46:33,"Push",1h 12m,"Lateral Raise (Dumbbell)",2,35.0,10.0,0,0.0,
2023-04-05 12:46:33,"Push",1h 12m,"Lateral Raise (Dumbbell)",3,35.0,10.0,0,0.0,
2023-04-05 12:46:33,"Push",1h 12m,"Lateral Raise (Dumbbell)",4,35.0,10.0,0,0.0,
2023-04-05 12:46:33,"Push",1h 12m,"Triceps Pushdown (Cable - Straight Bar)",1,42.5,10.0,0,0.0,
2023-04-05 12:46:33,"Push",1h 12m,"Triceps Pushdown (Cable - Straight Bar)",2,42.5,10.0,0,0.0,
2023-04-05 12:46:33,"Push",1h 12m,"Triceps Pushdown (Cable - Straight Bar)",3,42.5,6.0,0,0.0,
2023-04-05 12:46:33,"Push",1h 12m,"Triceps Pushdown (Cable - Straight Bar)",4,42.5,9.0,0,0.0,
2023-04-05 12:46:33,"Push",1h 12m,"Triceps Extension (Cable)",1,30.0,9.0,0,0.0,
2023-04-05 12:46:33,"Push",1h 12m,"Triceps Extension (Cable)",2,30.0,9.0,0,0.0,
2023-04-05 12:46:33,"Push",1h 12m,"Triceps Extension (Cable)",3,30.0,9.0,0,0.0,
2023-04-06 17:56:06,"Pull",46m,"Bicep Curl (Dumbbell)",1,55.0,10.0,0,0.0,
2023-04-06 17:56:06,"Pull",46m,"Bicep Curl (Dumbbell)",2,55.0,9.0,0,0.0,
2023-04-06 17:56:06,"Pull",46m,"Bicep Curl (Dumbbell)",3,55.0,10.0,0,0.0,
2023-04-06 17:56:06,"Pull",46m,"Hammer Curl (Dumbbell)",1,55.0,10.0,0,0.0,
2023-04-06 17:56:06,"Pull",46m,"Hammer Curl (Dumbbell)",2,55.0,8.0,0,0.0,
2023-04-06 17:56:06,"Pull",46m,"Hammer Curl (Dumbbell)",3,55.0,7.0,0,0.0,
2023-04-06 17:56:06,"Pull",46m,"Preacher Curl (Machine)",1,70.0,10.0,0,0.0,
2023-04-06 17:56:06,"Pull",46m,"Preacher Curl (Machine)",2,70.0,10.0,0,0.0,
2023-04-06 17:56:06,"Pull",46m,"Preacher Curl (Machine)",3,70.0,10.0,0,0.0,
2023-04-06 17:56:06,"Pull",46m,"Pull Up",1,0,7.0,0,0.0,
2023-04-06 17:56:06,"Pull",46m,"Pull Up",2,0,7.0,0,0.0,
2023-04-06 17:56:06,"Pull",46m,"Pull Up",3,0,3.0,0,0.0,
2023-04-06 17:56:06,"Pull",46m,"Bent Over Row (Barbell)",1,95.0,10.0,0,0.0,
2023-04-06 17:56:06,"Pull",46m,"Bent Over Row (Barbell)",2,95.0,10.0,0,0.0,
2023-04-06 17:56:06,"Pull",46m,"Bent Over Row (Barbell)",3,95.0,10.0,0,0.0,
2023-04-06 17:56:06,"Pull",46m,"Seated Row (Cable)",1,42.5,11.0,0,0.0,
2023-04-06 17:56:06,"Pull",46m,"Seated Row (Cable)",2,42.5,10.0,0,0.0,
2023-04-06 17:56:06,"Pull",46m,"Seated Row (Cable)",3,42.5,10.0,0,0.0,
2023-04-07 22:53:00,"Legs",20m,"Romanian Deadlift (Dumbbell)",1,100.0,11.0,0,0.0,
2023-04-07 22:53:00,"Legs",20m,"Romanian Deadlift (Dumbbell)",2,100.0,11.0,0,0.0,
2023-04-07 22:53:00,"Legs",20m,"Romanian Deadlift (Dumbbell)",3,100.0,10.0,0,0.0,
2023-04-07 22:53:00,"Legs",20m,"Bulgarian Split Squat",1,50.0,10.0,0,0.0,
2023-04-07 22:53:00,"Legs",20m,"Bulgarian Split Squat",2,50.0,10.0,0,0.0,
2023-04-07 22:53:00,"Legs",20m,"Bulgarian Split Squat",3,50.0,10.0,0,0.0,
2023-04-07 22:53:00,"Legs",20m,"Lunge (Dumbbell)",1,100.0,10.0,0,0.0,
2023-04-09 21:28:58,"Push",29m,"Bench Press (Dumbbell)",1,100.0,10.0,0,0.0,
2023-04-09 21:28:58,"Push",29m,"Bench Press (Dumbbell)",2,100.0,10.0,0,0.0,
2023-04-09 21:28:58,"Push",29m,"Bench Press (Dumbbell)",3,100.0,10.0,0,0.0,
2023-04-09 21:28:58,"Push",29m,"Skullcrusher (Dumbbell)",1,30.0,10.0,0,0.0,
2023-04-10 14:15:33,"Pull",59m,"Bicep Curl (Dumbbell)",1,55.0,10.0,0,0.0,
2023-04-10 14:15:33,"Pull",59m,"Bicep Curl (Dumbbell)",2,55.0,10.0,0,0.0,
2023-04-10 14:15:33,"Pull",59m,"Bicep Curl (Dumbbell)",3,55.0,10.0,0,0.0,
2023-04-10 14:15:33,"Pull",59m,"Hammer Curl (Dumbbell)",1,55.0,10.0,0,0.0,
2023-04-10 14:15:33,"Pull",59m,"Hammer Curl (Dumbbell)",2,55.0,10.0,0,0.0,
2023-04-10 14:15:33,"Pull",59m,"Hammer Curl (Dumbbell)",3,55.0,10.0,0,0.0,
2023-04-10 14:15:33,"Pull",59m,"Preacher Curl (Machine)",1,60.0,10.0,0,0.0,
2023-04-10 14:15:33,"Pull",59m,"Preacher Curl (Machine)",2,60.0,10.0,0,0.0,
2023-04-10 14:15:33,"Pull",59m,"Preacher Curl (Machine)",3,60.0,10.0,0,0.0,
2023-04-10 14:15:33,"Pull",59m,"Pull Up",1,0,8.0,0,0.0,
2023-04-10 14:15:33,"Pull",59m,"Pull Up",2,0,4.0,0,0.0,
2023-04-10 14:15:33,"Pull",59m,"Pull Up",3,0,2.0,0,0.0,
2023-04-10 14:15:33,"Pull",59m,"Bent Over Row (Barbell)",1,95.0,10.0,0,0.0,
2023-04-10 14:15:33,"Pull",59m,"Bent Over Row (Barbell)",2,95.0,10.0,0,0.0,
2023-04-10 14:15:33,"Pull",59m,"Bent Over Row (Barbell)",3,95.0,10.0,0,0.0,
2023-04-11 17:45:40,"Legs",1h 1m,"Romanian Deadlift (Barbell)",1,185.0,10.0,0,0.0,
2023-04-11 17:45:40,"Legs",1h 1m,"Romanian Deadlift (Barbell)",2,185.0,8.0,0,0.0,
2023-04-11 17:45:40,"Legs",1h 1m,"Romanian Deadlift (Barbell)",3,155.0,7.0,0,0.0,
2023-04-11 17:45:40,"Legs",1h 1m,"Squat (Barbell)",1,115.0,10.0,0,0.0,
2023-04-11 17:45:40,"Legs",1h 1m,"Squat (Barbell)",2,125.0,8.0,0,0.0,
2023-04-11 17:45:40,"Legs",1h 1m,"Squat (Barbell)",3,115.0,10.0,0,0.0,
2023-04-11 17:45:40,"Legs",1h 1m,"Seated Leg Curl (Machine)",1,100.0,10.0,0,0.0,
2023-04-11 17:45:40,"Legs",1h 1m,"Seated Leg Curl (Machine)",2,110.0,10.0,0,0.0,
2023-04-11 17:45:40,"Legs",1h 1m,"Seated Leg Curl (Machine)",3,110.0,10.0,0,0.0,
2023-04-11 17:45:40,"Legs",1h 1m,"Seated Leg Curl (Machine)",4,110.0,10.0,0,0.0,
2023-04-11 17:45:40,"Legs",1h 1m,"Leg Extension (Machine)",1,90.0,12.0,0,0.0,
2023-04-11 17:45:40,"Legs",1h 1m,"Leg Extension (Machine)",2,100.0,12.0,0,0.0,
2023-04-11 17:45:40,"Legs",1h 1m,"Leg Extension (Machine)",3,105.0,11.0,0,0.0,
2023-04-11 17:45:40,"Legs",1h 1m,"Leg Extension (Machine)",4,105.0,10.0,0,0.0,
2023-04-11 17:45:40,"Legs",1h 1m,"Standing Calf Raise (Dumbbell)",1,20.0,10.0,0,0.0,
2023-04-11 17:45:40,"Legs",1h 1m,"Standing Calf Raise (Dumbbell)",2,20.0,10.0,0,0.0,
2023-04-11 17:45:40,"Legs",1h 1m,"Standing Calf Raise (Dumbbell)",3,20.0,10.0,0,0.0,
2023-04-12 17:17:20,"Push",1h 18m,"Bench Press (Barbell)",1,135.0,10.0,0,0.0,
2023-04-12 17:17:20,"Push",1h 18m,"Bench Press (Barbell)",2,135.0,5.0,0,0.0,
2023-04-12 17:17:20,"Push",1h 18m,"Bench Press (Barbell)",3,135.0,5.0,0,0.0,
2023-04-12 17:17:20,"Push",1h 18m,"Bench Press (Barbell)",4,135.0,4.0,0,0.0,
2023-04-12 17:17:20,"Push",1h 18m,"Incline Bench Press (Barbell)",1,95.0,6.0,0,0.0,
2023-04-12 17:17:20,"Push",1h 18m,"Incline Bench Press (Barbell)",2,95.0,6.0,0,0.0,
2023-04-12 17:17:20,"Push",1h 18m,"Incline Bench Press (Barbell)",3,95.0,6.0,0,0.0,
2023-04-12 17:17:20,"Push",1h 18m,"Chest Press (Machine)",1,95.0,10.0,0,0.0,
2023-04-12 17:17:20,"Push",1h 18m,"Chest Press (Machine)",2,95.0,10.0,0,0.0,
2023-04-12 17:17:20,"Push",1h 18m,"Chest Press (Machine)",3,95.0,10.0,0,0.0,
2023-04-12 17:17:20,"Push",1h 18m,"Shoulder Press (Machine)",1,100.0,7.0,0,0.0,
2023-04-12 17:17:20,"Push",1h 18m,"Shoulder Press (Machine)",2,90.0,7.0,0,0.0,
2023-04-12 17:17:20,"Push",1h 18m,"Shoulder Press (Machine)",3,90.0,7.0,0,0.0,
2023-04-12 17:17:20,"Push",1h 18m,"Lateral Raise (Cable)",1,10.0,10.0,0,0.0,
2023-04-12 17:17:20,"Push",1h 18m,"Lateral Raise (Cable)",2,12.5,10.0,0,0.0,
2023-04-12 17:17:20,"Push",1h 18m,"Lateral Raise (Cable)",3,12.5,10.0,0,0.0,
2023-04-12 17:17:20,"Push",1h 18m,"Lateral Raise (Cable)",4,12.5,10.0,0,0.0,
2023-04-12 17:17:20,"Push",1h 18m,"Triceps Pushdown (Cable - Straight Bar)",1,42.5,10.0,0,0.0,
2023-04-12 17:17:20,"Push",1h 18m,"Triceps Pushdown (Cable - Straight Bar)",2,20.0,10.0,0,0.0,
2023-04-12 17:17:20,"Push",1h 18m,"Triceps Pushdown (Cable - Straight Bar)",3,20.0,10.0,0,0.0,
2023-04-12 17:17:20,"Push",1h 18m,"Triceps Pushdown (Cable - Straight Bar)",4,20.0,10.0,0,0.0,
2023-04-12 17:17:20,"Push",1h 18m,"Triceps Extension (Cable)",1,30.0,10.0,0,0.0,
2023-04-12 17:17:20,"Push",1h 18m,"Triceps Extension (Cable)",2,30.0,10.0,0,0.0,
2023-04-12 17:17:20,"Push",1h 18m,"Triceps Extension (Cable)",3,30.0,10.0,0,0.0,
2023-04-13 17:45:09,"Pull",37m,"Bicep Curl (Dumbbell)",1,55.0,12.0,0,0.0,
2023-04-13 17:45:09,"Pull",37m,"Bicep Curl (Dumbbell)",2,55.0,10.0,0,0.0,
2023-04-13 17:45:09,"Pull",37m,"Bicep Curl (Dumbbell)",3,55.0,9.0,0,0.0,
2023-04-13 17:45:09,"Pull",37m,"Hammer Curl (Dumbbell)",1,55.0,10.0,0,0.0,
2023-04-13 17:45:09,"Pull",37m,"Hammer Curl (Dumbbell)",2,55.0,10.0,0,0.0,
2023-04-13 17:45:09,"Pull",37m,"Hammer Curl (Dumbbell)",3,55.0,10.0,0,0.0,
2023-04-13 17:45:09,"Pull",37m,"Preacher Curl (Machine)",1,55.0,10.0,0,0.0,
2023-04-13 17:45:09,"Pull",37m,"Preacher Curl (Machine)",2,55.0,10.0,0,0.0,
2023-04-13 17:45:09,"Pull",37m,"Preacher Curl (Machine)",3,55.0,10.0,0,0.0,
2023-04-13 17:45:09,"Pull",37m,"Pull Up",1,0,8.0,0,0.0,
2023-04-13 17:45:09,"Pull",37m,"Pull Up",2,0,2.0,0,0.0,
2023-04-13 17:45:09,"Pull",37m,"Pull Up",3,0,4.0,0,0.0,
2023-04-13 17:45:09,"Pull",37m,"Seated Row (Cable)",1,42.5,10.0,0,0.0,
2023-04-13 17:45:09,"Pull",37m,"Seated Row (Cable)",2,42.5,10.0,0,0.0,
2023-04-13 17:45:09,"Pull",37m,"Seated Row (Cable)",3,42.5,10.0,0,0.0,
2023-04-14 14:40:58,"Legs",1h 2m,"Romanian Deadlift (Barbell)",1,185.0,6.0,0,0.0,
2023-04-14 14:40:58,"Legs",1h 2m,"Romanian Deadlift (Barbell)",2,185.0,5.0,0,0.0,
2023-04-14 14:40:58,"Legs",1h 2m,"Romanian Deadlift (Barbell)",3,185.0,3.0,0,0.0,
2023-04-14 14:40:58,"Legs",1h 2m,"Squat (Barbell)",1,115.0,10.0,0,0.0,
2023-04-14 14:40:58,"Legs",1h 2m,"Squat (Barbell)",2,115.0,8.0,0,0.0,
2023-04-14 14:40:58,"Legs",1h 2m,"Squat (Barbell)",3,115.0,5.0,0,0.0,
2023-04-14 14:40:58,"Legs",1h 2m,"Leg Extension (Machine)",1,110.0,10.0,0,0.0,
2023-04-14 14:40:58,"Legs",1h 2m,"Leg Extension (Machine)",2,110.0,10.0,0,0.0,
2023-04-14 14:40:58,"Legs",1h 2m,"Leg Extension (Machine)",3,110.0,10.0,0,0.0,
2023-04-14 14:40:58,"Legs",1h 2m,"Leg Extension (Machine)",4,110.0,10.0,0,0.0,
2023-04-14 14:40:58,"Legs",1h 2m,"Seated Leg Curl (Machine)",1,110.0,10.0,0,0.0,
2023-04-14 14:40:58,"Legs",1h 2m,"Seated Leg Curl (Machine)",2,110.0,10.0,0,0.0,
2023-04-14 14:40:58,"Legs",1h 2m,"Seated Leg Curl (Machine)",3,110.0,10.0,0,0.0,
2023-04-14 14:40:58,"Legs",1h 2m,"Seated Leg Curl (Machine)",4,110.0,10.0,0,0.0,
2023-04-16 10:51:00,"Push",26m,"Bench Press (Barbell)",1,135.0,7.0,0,0.0,
2023-04-16 10:51:00,"Push",26m,"Bench Press (Barbell)",2,135.0,6.0,0,0.0,
2023-04-16 10:51:00,"Push",26m,"Bench Press (Barbell)",3,135.0,5.0,0,0.0,
2023-04-16 10:51:00,"Push",26m,"Incline Bench Press (Dumbbell)",1,80.0,10.0,0,0.0,
2023-04-16 10:51:00,"Push",26m,"Incline Bench Press (Dumbbell)",2,80.0,7.0,0,0.0,
2023-04-16 10:51:00,"Push",26m,"Incline Bench Press (Dumbbell)",3,80.0,8.0,0,0.0,
2023-04-16 10:51:00,"Push",26m,"Triceps Pushdown (Cable - Straight Bar)",1,45.0,10.0,0,0.0,
2023-04-16 10:51:00,"Push",26m,"Triceps Pushdown (Cable - Straight Bar)",2,45.0,10.0,0,0.0,
2023-04-16 10:51:00,"Push",26m,"Triceps Pushdown (Cable - Straight Bar)",3,45.0,7.0,0,0.0,
2023-04-17 14:18:34,"Pull",34m,"Bicep Curl (Dumbbell)",1,55.0,10.0,0,0.0,
2023-04-17 14:18:34,"Pull",34m,"Bicep Curl (Dumbbell)",2,55.0,10.0,0,0.0,
2023-04-17 14:18:34,"Pull",34m,"Bicep Curl (Dumbbell)",3,55.0,9.0,0,0.0,
2023-04-17 14:18:34,"Pull",34m,"Hammer Curl (Dumbbell)",1,55.0,6.0,0,0.0,
2023-04-17 14:18:34,"Pull",34m,"Hammer Curl (Dumbbell)",2,50.0,10.0,0,0.0,
2023-04-17 14:18:34,"Pull",34m,"Hammer Curl (Dumbbell)",3,50.0,10.0,0,0.0,
2023-04-17 14:18:34,"Pull",34m,"Incline Curl (Dumbbell)",1,40.0,10.0,0,0.0,
2023-04-17 14:18:34,"Pull",34m,"Incline Curl (Dumbbell)",2,40.0,10.0,0,0.0,
2023-04-17 14:18:34,"Pull",34m,"Incline Curl (Dumbbell)",3,40.0,10.0,0,0.0,
2023-04-17 14:18:34,"Pull",34m,"Pull Up",1,0,8.0,0,0.0,
2023-04-17 14:18:34,"Pull",34m,"Pull Up",2,0,5.0,0,0.0,
2023-04-17 14:18:34,"Pull",34m,"Pull Up",3,0,3.0,0,0.0,
2023-04-18 19:00:49,"Legs",45m,"Romanian Deadlift (Barbell)",1,155.0,10.0,0,0.0,
2023-04-18 19:00:49,"Legs",45m,"Romanian Deadlift (Barbell)",2,155.0,10.0,0,0.0,
2023-04-18 19:00:49,"Legs",45m,"Romanian Deadlift (Barbell)",3,155.0,10.0,0,0.0,
2023-04-18 19:00:49,"Legs",45m,"Squat (Barbell)",1,115.0,10.0,0,0.0,
2023-04-18 19:00:49,"Legs",45m,"Squat (Barbell)",2,115.0,10.0,0,0.0,
2023-04-18 19:00:49,"Legs",45m,"Squat (Barbell)",3,115.0,5.0,0,0.0,
2023-04-18 19:00:49,"Legs",45m,"Leg Extension (Machine)",1,110.0,10.0,0,0.0,
2023-04-18 19:00:49,"Legs",45m,"Leg Extension (Machine)",2,110.0,10.0,0,0.0,
2023-04-18 19:00:49,"Legs",45m,"Leg Extension (Machine)",3,110.0,10.0,0,0.0,
2023-04-18 19:00:49,"Legs",45m,"Leg Extension (Machine)",4,110.0,10.0,0,0.0,
2023-04-18 19:00:49,"Legs",45m,"Seated Leg Curl (Machine)",1,110.0,10.0,0,0.0,
2023-04-18 19:00:49,"Legs",45m,"Seated Leg Curl (Machine)",2,110.0,10.0,0,0.0,
2023-04-18 19:00:49,"Legs",45m,"Seated Leg Curl (Machine)",3,110.0,10.0,0,0.0,
2023-04-18 19:00:49,"Legs",45m,"Seated Leg Curl (Machine)",4,110.0,10.0,0,0.0,
2023-04-18 19:00:49,"Legs",45m,"Standing Calf Raise (Dumbbell)",1,20.0,10.0,0,0.0,
2023-04-18 19:00:49,"Legs",45m,"Standing Calf Raise (Dumbbell)",2,20.0,10.0,0,0.0,
2023-04-18 19:00:49,"Legs",45m,"Standing Calf Raise (Dumbbell)",3,20.0,10.0,0,0.0,
2023-04-18 19:00:49,"Legs",45m,"Seated Calf Raise (Plate Loaded)",1,90.0,10.0,0,0.0,
2023-04-18 19:00:49,"Legs",45m,"Seated Calf Raise (Plate Loaded)",2,90.0,10.0,0,0.0,
2023-04-18 19:00:49,"Legs",45m,"Seated Calf Raise (Plate Loaded)",3,90.0,10.0,0,0.0,
2023-04-19 15:19:23,"Push",58m,"Bench Press (Barbell)",1,135.0,10.0,0,0.0,
2023-04-19 15:19:23,"Push",58m,"Bench Press (Barbell)",2,135.0,10.0,0,0.0,
2023-04-19 15:19:23,"Push",58m,"Bench Press (Barbell)",3,155.0,2.0,0,0.0,
2023-04-19 15:19:23,"Push",58m,"Bench Press (Barbell)",4,145.0,2.0,0,0.0,
2023-04-19 15:19:23,"Push",58m,"Incline Bench Press (Dumbbell)",1,80.0,10.0,0,0.0,
2023-04-19 15:19:23,"Push",58m,"Incline Bench Press (Dumbbell)",2,80.0,10.0,0,0.0,
2023-04-19 15:19:23,"Push",58m,"Incline Bench Press (Dumbbell)",3,80.0,10.0,0,0.0,
2023-04-19 15:19:23,"Push",58m,"Chest Press (Band)",1,45.0,10.0,0,0.0,
2023-04-19 15:19:23,"Push",58m,"Chest Press (Band)",2,45.0,10.0,0,0.0,
2023-04-19 15:19:23,"Push",58m,"Chest Press (Band)",3,45.0,10.0,0,0.0,
2023-04-19 15:19:23,"Push",58m,"Shoulder Press (Machine)",1,100.0,10.0,0,0.0,
2023-04-19 15:19:23,"Push",58m,"Shoulder Press (Machine)",2,95.0,10.0,0,0.0,
2023-04-19 15:19:23,"Push",58m,"Triceps Pushdown (Cable - Straight Bar)",1,42.5,10.0,0,0.0,
2023-04-19 15:19:23,"Push",58m,"Triceps Pushdown (Cable - Straight Bar)",2,42.5,10.0,0,0.0,
2023-04-19 15:19:23,"Push",58m,"Triceps Pushdown (Cable - Straight Bar)",3,42.5,10.0,0,0.0,
2023-04-19 15:19:23,"Push",58m,"Triceps Extension (Cable)",1,32.5,10.0,0,0.0,
2023-04-19 15:19:23,"Push",58m,"Triceps Extension (Cable)",2,32.5,10.0,0,0.0,
2023-04-19 15:19:23,"Push",58m,"Triceps Extension (Cable)",3,32.5,10.0,0,0.0,
2023-04-20 17:30:38,"Legs",57m,"Romanian Deadlift (Barbell)",1,165.0,10.0,0,0.0,
2023-04-20 17:30:38,"Legs",57m,"Romanian Deadlift (Barbell)",2,165.0,10.0,0,0.0,
2023-04-20 17:30:38,"Legs",57m,"Romanian Deadlift (Barbell)",3,165.0,10.0,0,0.0,
2023-04-20 17:30:38,"Legs",57m,"Leg Extension (Machine)",1,110.0,10.0,0,0.0,
2023-04-20 17:30:38,"Legs",57m,"Leg Extension (Machine)",2,110.0,10.0,0,0.0,
2023-04-20 17:30:38,"Legs",57m,"Leg Extension (Machine)",3,110.0,10.0,0,0.0,
2023-04-20 17:30:38,"Legs",57m,"Leg Extension (Machine)",4,110.0,10.0,0,0.0,
2023-04-20 17:30:38,"Legs",57m,"Seated Leg Curl (Machine)",1,110.0,10.0,0,0.0,
2023-04-20 17:30:38,"Legs",57m,"Seated Leg Curl (Machine)",2,110.0,10.0,0,0.0,
2023-04-20 17:30:38,"Legs",57m,"Seated Leg Curl (Machine)",3,90.0,10.0,0,0.0,
2023-04-20 17:30:38,"Legs",57m,"Seated Leg Curl (Machine)",4,100.0,10.0,0,0.0,
2023-04-20 17:30:38,"Legs",57m,"Standing Calf Raise (Dumbbell)",1,20.0,10.0,0,0.0,
2023-04-20 17:30:38,"Legs",57m,"Standing Calf Raise (Dumbbell)",2,20.0,10.0,0,0.0,
2023-04-20 17:30:38,"Legs",57m,"Standing Calf Raise (Dumbbell)",3,20.0,10.0,0,0.0,
2023-04-21 14:35:15,"Pull",49m,"Bicep Curl (Dumbbell)",1,55.0,10.0,0,0.0,
2023-04-21 14:35:15,"Pull",49m,"Bicep Curl (Dumbbell)",2,55.0,10.0,0,0.0,
2023-04-21 14:35:15,"Pull",49m,"Bicep Curl (Dumbbell)",3,55.0,10.0,0,0.0,
2023-04-21 14:35:15,"Pull",49m,"Hammer Curl (Dumbbell)",1,55.0,10.0,0,0.0,
2023-04-21 14:35:15,"Pull",49m,"Hammer Curl (Dumbbell)",2,55.0,10.0,0,0.0,
2023-04-21 14:35:15,"Pull",49m,"Hammer Curl (Dumbbell)",3,55.0,10.0,0,0.0,
2023-04-21 14:35:15,"Pull",49m,"Incline Curl (Dumbbell)",1,35.0,10.0,0,0.0,
2023-04-21 14:35:15,"Pull",49m,"Incline Curl (Dumbbell)",2,35.0,10.0,0,0.0,
2023-04-21 14:35:15,"Pull",49m,"Incline Curl (Dumbbell)",3,35.0,10.0,0,0.0,
2023-04-21 14:35:15,"Pull",49m,"Bent Over Row (Barbell)",1,95.0,10.0,0,0.0,
2023-04-21 14:35:15,"Pull",49m,"Bent Over Row (Barbell)",2,95.0,10.0,0,0.0,
2023-04-21 14:35:15,"Pull",49m,"Bent Over Row (Barbell)",3,95.0,10.0,0,0.0,
2023-04-21 14:35:15,"Pull",49m,"Seated Wide-Grip Row (Cable)",1,47.5,10.0,0,0.0,
2023-04-21 14:35:15,"Pull",49m,"Seated Wide-Grip Row (Cable)",2,47.5,10.0,0,0.0,
2023-04-21 14:35:15,"Pull",49m,"Seated Wide-Grip Row (Cable)",3,47.5,10.0,0,0.0,
2023-04-23 20:21:34,"Push",1h 34m,"Bench Press (Barbell)",1,135.0,10.0,0,0.0,
2023-04-23 20:21:34,"Push",1h 34m,"Bench Press (Barbell)",2,145.0,8.0,0,0.0,
2023-04-23 20:21:34,"Push",1h 34m,"Bench Press (Barbell)",3,145.0,5.0,0,0.0,
2023-04-23 20:21:34,"Push",1h 34m,"Bench Press (Barbell)",4,145.0,5.0,0,0.0,
2023-04-23 20:21:34,"Push",1h 34m,"Incline Bench Press (Dumbbell)",1,80.0,10.0,0,0.0,
2023-04-23 20:21:34,"Push",1h 34m,"Incline Bench Press (Dumbbell)",2,80.0,10.0,0,0.0,
2023-04-23 20:21:34,"Push",1h 34m,"Incline Bench Press (Dumbbell)",3,80.0,10.0,0,0.0,
2023-04-23 20:21:34,"Push",1h 34m,"Chest Press (Band)",1,45.0,10.0,0,0.0,
2023-04-23 20:21:34,"Push",1h 34m,"Chest Press (Band)",2,55.0,10.0,0,0.0,
2023-04-23 20:21:34,"Push",1h 34m,"Chest Press (Band)",3,55.0,10.0,0,0.0,
2023-04-23 20:21:34,"Push",1h 34m,"Shoulder Press (Machine)",1,95.0,10.0,0,0.0,
2023-04-23 20:21:34,"Push",1h 34m,"Shoulder Press (Machine)",2,95.0,8.0,0,0.0,
2023-04-23 20:21:34,"Push",1h 34m,"Shoulder Press (Machine)",3,95.0,7.0,0,0.0,
2023-04-23 20:21:34,"Push",1h 34m,"Shoulder Press (Machine)",4,95.0,7.0,0,0.0,
2023-04-23 20:21:34,"Push",1h 34m,"Lateral Raise (Cable)",1,12.5,10.0,0,0.0,
2023-04-23 20:21:34,"Push",1h 34m,"Lateral Raise (Cable)",2,12.5,10.0,0,0.0,
2023-04-23 20:21:34,"Push",1h 34m,"Lateral Raise (Cable)",3,12.5,10.0,0,0.0,
2023-04-23 20:21:34,"Push",1h 34m,"Lateral Raise (Cable)",4,12.5,10.0,0,0.0,
2023-04-23 20:21:34,"Push",1h 34m,"Triceps Pushdown (Cable - Straight Bar)",1,20.0,10.0,0,0.0,
2023-04-23 20:21:34,"Push",1h 34m,"Triceps Pushdown (Cable - Straight Bar)",2,20.0,10.0,0,0.0,
2023-04-23 20:21:34,"Push",1h 34m,"Triceps Pushdown (Cable - Straight Bar)",3,20.0,10.0,0,0.0,
2023-04-23 20:21:34,"Push",1h 34m,"Triceps Pushdown (Cable - Straight Bar)",4,20.0,10.0,0,0.0,
2023-04-23 20:21:34,"Push",1h 34m,"Triceps Extension (Cable)",1,32.5,10.0,0,0.0,
2023-04-23 20:21:34,"Push",1h 34m,"Triceps Extension (Cable)",2,32.5,10.0,0,0.0,
2023-04-23 20:21:34,"Push",1h 34m,"Triceps Extension (Cable)",3,32.5,10.0,0,0.0,
2023-04-23 20:21:34,"Push",1h 34m,"Triceps Extension (Cable)",4,32.5,10.0,0,0.0,
2023-04-24 17:25:40,"Pull",51m,"Bicep Curl (Dumbbell)",1,55.0,10.0,0,0.0,
2023-04-24 17:25:40,"Pull",51m,"Bicep Curl (Dumbbell)",2,55.0,10.0,0,0.0,
2023-04-24 17:25:40,"Pull",51m,"Bicep Curl (Dumbbell)",3,60.0,10.0,0,0.0,
2023-04-24 17:25:40,"Pull",51m,"Hammer Curl (Dumbbell)",1,60.0,10.0,0,0.0,
2023-04-24 17:25:40,"Pull",51m,"Hammer Curl (Dumbbell)",2,60.0,10.0,0,0.0,
2023-04-24 17:25:40,"Pull",51m,"Hammer Curl (Dumbbell)",3,60.0,10.0,0,0.0,
2023-04-24 17:25:40,"Pull",51m,"Bicep Curl (Machine)",1,50.0,10.0,0,0.0,
2023-04-24 17:25:40,"Pull",51m,"Bicep Curl (Machine)",2,60.0,10.0,0,0.0,
2023-04-24 17:25:40,"Pull",51m,"Bicep Curl (Machine)",3,60.0,10.0,0,0.0,
2023-04-24 17:25:40,"Pull",51m,"Pull Up",1,0,10.0,0,0.0,
2023-04-24 17:25:40,"Pull",51m,"Pull Up",2,0,6.0,0,0.0,
2023-04-24 17:25:40,"Pull",51m,"Pull Up",3,0,5.0,0,0.0,
2023-04-24 17:25:40,"Pull",51m,"Bent Over One Arm Row (Dumbbell)",1,40.0,10.0,0,0.0,
2023-04-24 17:25:40,"Pull",51m,"Bent Over One Arm Row (Dumbbell)",2,40.0,10.0,0,0.0,
2023-04-24 17:25:40,"Pull",51m,"Bent Over One Arm Row (Dumbbell)",3,40.0,10.0,0,0.0,
2023-04-25 17:28:23,"Legs",1h,"Romanian Deadlift (Barbell)",1,185.0,10.0,0,0.0,
2023-04-25 17:28:23,"Legs",1h,"Romanian Deadlift (Barbell)",2,185.0,9.0,0,0.0,
2023-04-25 17:28:23,"Legs",1h,"Romanian Deadlift (Barbell)",3,185.0,9.0,0,0.0,
2023-04-25 17:28:23,"Legs",1h,"Squat (Barbell)",1,115.0,10.0,0,0.0,
2023-04-25 17:28:23,"Legs",1h,"Squat (Barbell)",2,115.0,10.0,0,0.0,
2023-04-25 17:28:23,"Legs",1h,"Squat (Barbell)",3,115.0,10.0,0,0.0,
2023-04-25 17:28:23,"Legs",1h,"Leg Extension (Machine)",1,110.0,10.0,0,0.0,
2023-04-25 17:28:23,"Legs",1h,"Leg Extension (Machine)",2,110.0,10.0,0,0.0,
2023-04-25 17:28:23,"Legs",1h,"Bulgarian Split Squat",1,50.0,10.0,0,0.0,
2023-04-25 17:28:23,"Legs",1h,"Bulgarian Split Squat",2,50.0,10.0,0,0.0,
2023-04-25 17:28:23,"Legs",1h,"Seated Leg Curl (Machine)",1,110.0,10.0,0,0.0,
2023-04-25 17:28:23,"Legs",1h,"Seated Leg Curl (Machine)",2,110.0,10.0,0,0.0,
2023-04-25 17:28:23,"Legs",1h,"Seated Leg Curl (Machine)",3,110.0,10.0,0,0.0,
2023-04-25 17:28:23,"Legs",1h,"Seated Leg Curl (Machine)",4,110.0,10.0,0,0.0,
2023-04-25 17:28:23,"Legs",1h,"Standing Calf Raise (Dumbbell)",1,20.0,10.0,0,0.0,
2023-04-25 17:28:23,"Legs",1h,"Standing Calf Raise (Dumbbell)",2,20.0,10.0,0,0.0,
2023-04-26 15:24:42,"Push",1h 4m,"Bench Press (Barbell)",1,165.0,1.0,0,0.0,
2023-04-26 15:24:42,"Push",1h 4m,"Bench Press (Barbell)",2,155.0,2.0,0,0.0,
2023-04-26 15:24:42,"Push",1h 4m,"Incline Bench Press (Dumbbell)",1,90.0,10.0,0,0.0,
2023-04-26 15:24:42,"Push",1h 4m,"Incline Bench Press (Dumbbell)",2,90.0,10.0,0,0.0,
2023-04-26 15:24:42,"Push",1h 4m,"Incline Bench Press (Dumbbell)",3,90.0,10.0,0,0.0,
2023-04-26 15:24:42,"Push",1h 4m,"Chest Press (Band)",1,55.0,10.0,0,0.0,
2023-04-26 15:24:42,"Push",1h 4m,"Chest Press (Band)",2,55.0,10.0,0,0.0,
2023-04-26 15:24:42,"Push",1h 4m,"Chest Press (Band)",3,55.0,10.0,0,0.0,
2023-04-26 15:24:42,"Push",1h 4m,"Shoulder Press (Machine)",1,95.0,10.0,0,0.0,
2023-04-26 15:24:42,"Push",1h 4m,"Shoulder Press (Machine)",2,95.0,10.0,0,0.0,
2023-04-26 15:24:42,"Push",1h 4m,"Shoulder Press (Machine)",3,95.0,10.0,0,0.0,
2023-04-26 15:24:42,"Push",1h 4m,"Shoulder Press (Machine)",4,95.0,10.0,0,0.0,
2023-04-26 15:24:42,"Push",1h 4m,"Triceps Pushdown (Cable - Straight Bar)",1,20.0,10.0,0,0.0,
2023-04-26 15:24:42,"Push",1h 4m,"Triceps Pushdown (Cable - Straight Bar)",2,20.0,10.0,0,0.0,
2023-04-26 15:24:42,"Push",1h 4m,"Triceps Pushdown (Cable - Straight Bar)",3,20.0,10.0,0,0.0,
2023-04-26 15:24:42,"Push",1h 4m,"Triceps Pushdown (Cable - Straight Bar)",4,20.0,10.0,0,0.0,
2023-04-27 16:15:24,"Pull",1h 2m,"Bicep Curl (Dumbbell)",1,60.0,10.0,0,0.0,
2023-04-27 16:15:24,"Pull",1h 2m,"Bicep Curl (Dumbbell)",2,60.0,10.0,0,0.0,
2023-04-27 16:15:24,"Pull",1h 2m,"Bicep Curl (Dumbbell)",3,60.0,10.0,0,0.0,
2023-04-27 16:15:24,"Pull",1h 2m,"Hammer Curl (Dumbbell)",1,60.0,10.0,0,0.0,
2023-04-27 16:15:24,"Pull",1h 2m,"Hammer Curl (Dumbbell)",2,60.0,10.0,0,0.0,
2023-04-27 16:15:24,"Pull",1h 2m,"Hammer Curl (Dumbbell)",3,60.0,10.0,0,0.0,
2023-04-27 16:15:24,"Pull",1h 2m,"Preacher Curl (Machine)",1,55.0,10.0,0,0.0,
2023-04-27 16:15:24,"Pull",1h 2m,"Preacher Curl (Machine)",2,55.0,10.0,0,0.0,
2023-04-27 16:15:24,"Pull",1h 2m,"Preacher Curl (Machine)",3,55.0,10.0,0,0.0,
2023-04-27 16:15:24,"Pull",1h 2m,"Pull Up",1,0,10.0,0,0.0,
2023-04-27 16:15:24,"Pull",1h 2m,"Pull Up",2,0,6.0,0,0.0,
2023-04-27 16:15:24,"Pull",1h 2m,"Pull Up",3,0,7.0,0,0.0,
2023-04-27 16:15:24,"Pull",1h 2m,"Bent Over One Arm Row (Dumbbell)",1,40.0,10.0,0,0.0,
2023-04-27 16:15:24,"Pull",1h 2m,"Bent Over One Arm Row (Dumbbell)",2,40.0,10.0,0,0.0,
2023-04-27 16:15:24,"Pull",1h 2m,"Bent Over One Arm Row (Dumbbell)",3,40.0,10.0,0,0.0,
2023-04-27 16:15:24,"Pull",1h 2m,"Seated Row (Cable)",1,47.5,10.0,0,0.0,
2023-04-27 16:15:24,"Pull",1h 2m,"Seated Row (Cable)",2,47.5,10.0,0,0.0,
2023-04-27 16:15:24,"Pull",1h 2m,"Seated Row (Cable)",3,47.5,10.0,0,0.0,
2023-04-28 22:31:17,"Evening Workout",20s,"Running",1,0,0.0,0.8,600.0,
2023-04-30 20:18:28,"Push",45m,"Bench Press (Barbell)",1,135.0,10.0,0,0.0,
2023-04-30 20:18:28,"Push",45m,"Bench Press (Barbell)",2,145.0,6.0,0,0.0,
2023-04-30 20:18:28,"Push",45m,"Bench Press (Barbell)",3,145.0,6.0,0,0.0,
2023-04-30 20:18:28,"Push",45m,"Bench Press (Barbell)",4,145.0,5.0,0,0.0,
2023-04-30 20:18:28,"Push",45m,"Incline Bench Press (Dumbbell)",1,90.0,10.0,0,0.0,
2023-04-30 20:18:28,"Push",45m,"Incline Bench Press (Dumbbell)",2,90.0,10.0,0,0.0,
2023-04-30 20:18:28,"Push",45m,"Incline Bench Press (Dumbbell)",3,90.0,10.0,0,0.0,
2023-04-30 20:18:28,"Push",45m,"Chest Fly",1,100.0,10.0,0,0.0,
2023-04-30 20:18:28,"Push",45m,"Chest Fly",2,100.0,10.0,0,0.0,
2023-04-30 20:18:28,"Push",45m,"Chest Fly",3,100.0,10.0,0,0.0,
2023-04-30 20:18:28,"Push",45m,"Shoulder Press (Machine)",1,95.0,10.0,0,0.0,
2023-04-30 20:18:28,"Push",45m,"Shoulder Press (Machine)",2,95.0,10.0,0,0.0,
2023-04-30 20:18:28,"Push",45m,"Shoulder Press (Machine)",3,95.0,10.0,0,0.0,
2023-04-30 20:18:28,"Push",45m,"Triceps Pushdown (Cable - Straight Bar)",1,22.5,10.0,0,0.0,
2023-04-30 20:18:28,"Push",45m,"Triceps Pushdown (Cable - Straight Bar)",2,22.5,10.0,0,0.0,
2023-05-01 15:43:55,"Pull",55m,"Bicep Curl (Dumbbell)",1,60.0,10.0,0,0.0,
2023-05-01 15:43:55,"Pull",55m,"Bicep Curl (Dumbbell)",2,60.0,10.0,0,0.0,
2023-05-01 15:43:55,"Pull",55m,"Bicep Curl (Dumbbell)",3,60.0,10.0,0,0.0,
2023-05-01 15:43:55,"Pull",55m,"Hammer Curl (Dumbbell)",1,60.0,10.0,0,0.0,
2023-05-01 15:43:55,"Pull",55m,"Hammer Curl (Dumbbell)",2,60.0,10.0,0,0.0,
2023-05-01 15:43:55,"Pull",55m,"Hammer Curl (Dumbbell)",3,60.0,10.0,0,0.0,
2023-05-01 15:43:55,"Pull",55m,"Chin Up",1,0,9.0,0,0.0,
2023-05-01 15:43:55,"Pull",55m,"Chin Up",2,0,6.0,0,0.0,
2023-05-01 15:43:55,"Pull",55m,"Chin Up",3,0,5.0,0,0.0,
2023-05-01 15:43:55,"Pull",55m,"Pull Up",1,0,11.0,0,0.0,
2023-05-01 15:43:55,"Pull",55m,"Pull Up",2,0,9.0,0,0.0,
2023-05-01 15:43:55,"Pull",55m,"Pull Up",3,0,7.0,0,0.0,
2023-05-01 15:43:55,"Pull",55m,"Bent Over Row (Barbell)",1,95.0,10.0,0,0.0,
2023-05-01 15:43:55,"Pull",55m,"Bent Over Row (Barbell)",2,95.0,10.0,0,0.0,
2023-05-01 15:43:55,"Pull",55m,"Bent Over Row (Barbell)",3,95.0,10.0,0,0.0,
2023-05-01 15:43:55,"Pull",55m,"Seated Row (Cable)",1,47.5,10.0,0,0.0,
2023-05-01 15:43:55,"Pull",55m,"Seated Row (Cable)",2,47.5,10.0,0,0.0,
2023-05-01 15:43:55,"Pull",55m,"Seated Row (Cable)",3,47.5,10.0,0,0.0,
2023-05-02 18:28:50,"Evening Workout",11s,"Running",1,0,0.0,0.8,555.0,
2023-05-03 17:14:33,"Push",23m,"Bench Press (Barbell)",1,145.0,10.0,0,0.0,
2023-05-03 17:14:33,"Push",23m,"Bench Press (Barbell)",2,145.0,7.0,0,0.0,
2023-05-03 17:14:33,"Push",23m,"Bench Press (Barbell)",3,170.0,1.0,0,0.0,
2023-05-03 17:14:33,"Push",23m,"Bench Press (Barbell)",4,145.0,5.0,0,0.0,
2023-05-03 17:14:33,"Push",23m,"Triceps Pushdown (Cable - Straight Bar)",1,22.5,10.0,0,0.0,
2023-05-03 17:14:33,"Push",23m,"Triceps Pushdown (Cable - Straight Bar)",2,22.5,10.0,0,0.0,
2023-05-03 17:14:33,"Push",23m,"Triceps Pushdown (Cable - Straight Bar)",3,22.5,10.0,0,0.0,
2023-05-06 12:40:28,"Pull",56m,"Chin Up",1,0,10.0,0,0.0,
2023-05-06 12:40:28,"Pull",56m,"Chin Up",2,0,10.0,0,0.0,
2023-05-06 12:40:28,"Pull",56m,"Chin Up",3,0,10.0,0,0.0,
2023-05-06 12:40:28,"Pull",56m,"Bicep Curl (Dumbbell)",1,60.0,10.0,0,0.0,
2023-05-06 12:40:28,"Pull",56m,"Bicep Curl (Dumbbell)",2,60.0,10.0,0,0.0,
2023-05-06 12:40:28,"Pull",56m,"Bicep Curl (Dumbbell)",3,60.0,10.0,0,0.0,
2023-05-06 12:40:28,"Pull",56m,"Hammer Curl (Dumbbell)",1,60.0,10.0,0,0.0,
2023-05-06 12:40:28,"Pull",56m,"Hammer Curl (Dumbbell)",2,60.0,10.0,0,0.0,
2023-05-06 12:40:28,"Pull",56m,"Hammer Curl (Dumbbell)",3,60.0,10.0,0,0.0,
2023-05-06 12:40:28,"Pull",56m,"Pull Up",1,0,8.0,0,0.0,
2023-05-06 12:40:28,"Pull",56m,"Pull Up",2,0,5.0,0,0.0,
2023-05-06 12:40:28,"Pull",56m,"Seated Row (Cable)",1,47.5,10.0,0,0.0,
2023-05-06 12:40:28,"Pull",56m,"Seated Row (Cable)",2,47.5,10.0,0,0.0,
2023-05-07 14:29:44,"Legs",55m,"Romanian Deadlift (Barbell)",1,185.0,11.0,0,0.0,
2023-05-07 14:29:44,"Legs",55m,"Romanian Deadlift (Barbell)",2,185.0,10.0,0,0.0,
2023-05-07 14:29:44,"Legs",55m,"Romanian Deadlift (Barbell)",3,185.0,6.0,0,0.0,
2023-05-07 14:29:44,"Legs",55m,"Squat (Barbell)",1,115.0,10.0,0,0.0,
2023-05-07 14:29:44,"Legs",55m,"Squat (Barbell)",2,115.0,10.0,0,0.0,
2023-05-07 14:29:44,"Legs",55m,"Squat (Barbell)",3,115.0,10.0,0,0.0,
2023-05-07 14:29:44,"Legs",55m,"Leg Extension (Machine)",1,110.0,10.0,0,0.0,
2023-05-07 14:29:44,"Legs",55m,"Leg Extension (Machine)",2,110.0,10.0,0,0.0,
2023-05-07 14:29:44,"Legs",55m,"Leg Extension (Machine)",3,110.0,10.0,0,0.0,
2023-05-07 14:29:44,"Legs",55m,"Standing Calf Raise (Dumbbell)",1,20.0,10.0,0,0.0,
2023-05-07 14:29:44,"Legs",55m,"Standing Calf Raise (Dumbbell)",2,20.0,10.0,0,0.0,
2023-05-07 14:29:44,"Legs",55m,"Standing Calf Raise (Dumbbell)",3,20.0,10.0,0,0.0,
2023-05-08 14:24:51,"Push",1h 16m,"Bench Press (Barbell)",1,145.0,10.0,0,0.0,
2023-05-08 14:24:51,"Push",1h 16m,"Bench Press (Barbell)",2,145.0,9.0,0,0.0,
2023-05-08 14:24:51,"Push",1h 16m,"Bench Press (Barbell)",3,145.0,5.0,0,0.0,
2023-05-08 14:24:51,"Push",1h 16m,"Bench Press (Barbell)",4,135.0,9.0,0,0.0,
2023-05-08 14:24:51,"Push",1h 16m,"Incline Bench Press (Dumbbell)",1,90.0,10.0,0,0.0,
2023-05-08 14:24:51,"Push",1h 16m,"Incline Bench Press (Dumbbell)",2,90.0,10.0,0,0.0,
2023-05-08 14:24:51,"Push",1h 16m,"Incline Bench Press (Dumbbell)",3,90.0,9.0,0,0.0,
2023-05-08 14:24:51,"Push",1h 16m,"Chest Fly",1,100.0,10.0,0,0.0,
2023-05-08 14:24:51,"Push",1h 16m,"Shoulder Press (Machine)",1,75.0,10.0,0,0.0,
2023-05-08 14:24:51,"Push",1h 16m,"Shoulder Press (Machine)",2,75.0,10.0,0,0.0,
2023-05-08 14:24:51,"Push",1h 16m,"Shoulder Press (Machine)",3,75.0,10.0,0,0.0,
2023-05-08 14:24:51,"Push",1h 16m,"Lateral Raise (Cable)",1,12.5,10.0,0,0.0,
2023-05-08 14:24:51,"Push",1h 16m,"Lateral Raise (Cable)",2,12.5,10.0,0,0.0,
2023-05-08 14:24:51,"Push",1h 16m,"Lateral Raise (Cable)",3,15.0,10.0,0,0.0,
2023-05-08 14:24:51,"Push",1h 16m,"Triceps Pushdown (Cable - Straight Bar)",1,22.5,10.0,0,0.0,
2023-05-08 14:24:51,"Push",1h 16m,"Triceps Pushdown (Cable - Straight Bar)",2,22.5,10.0,0,0.0,
2023-05-08 14:24:51,"Push",1h 16m,"Triceps Extension (Cable)",1,15.0,10.0,0,0.0,
2023-05-08 14:24:51,"Push",1h 16m,"Triceps Extension (Cable)",2,15.0,10.0,0,0.0,
2023-05-09 17:23:30,"Pull",53m,"Bicep Curl (Dumbbell)",1,60.0,10.0,0,0.0,
2023-05-09 17:23:30,"Pull",53m,"Bicep Curl (Dumbbell)",2,60.0,11.0,0,0.0,
2023-05-09 17:23:30,"Pull",53m,"Bicep Curl (Dumbbell)",3,60.0,10.0,0,0.0,
2023-05-09 17:23:30,"Pull",53m,"Hammer Curl (Dumbbell)",1,60.0,10.0,0,0.0,
2023-05-09 17:23:30,"Pull",53m,"Hammer Curl (Dumbbell)",2,60.0,10.0,0,0.0,
2023-05-09 17:23:30,"Pull",53m,"Chin Up",1,0,10.0,0,0.0,
2023-05-09 17:23:30,"Pull",53m,"Chin Up",2,0,10.0,0,0.0,
2023-05-09 17:23:30,"Pull",53m,"Chin Up",3,0,10.0,0,0.0,
2023-05-09 17:23:30,"Pull",53m,"Pull Up",1,0,11.0,0,0.0,
2023-05-09 17:23:30,"Pull",53m,"Pull Up",2,0,9.0,0,0.0,
2023-05-09 17:23:30,"Pull",53m,"Pull Up",3,0,10.0,0,0.0,
2023-05-09 17:23:30,"Pull",53m,"Bent Over Row (Barbell)",1,95.0,10.0,0,0.0,
2023-05-09 17:23:30,"Pull",53m,"Bent Over Row (Barbell)",2,115.0,10.0,0,0.0,
2023-05-09 17:23:30,"Pull",53m,"Bent Over Row (Barbell)",3,115.0,8.0,0,0.0,
2023-05-09 17:23:30,"Pull",53m,"Seated Row (Cable)",1,47.5,10.0,0,0.0,
2023-05-09 17:23:30,"Pull",53m,"Seated Row (Cable)",2,47.5,10.0,0,0.0,
2023-05-09 17:23:30,"Pull",53m,"Seated Row (Cable)",3,47.5,10.0,0,0.0,
2023-05-10 16:30:59,"Legs",40m,"Romanian Deadlift (Barbell)",1,185.0,11.0,0,0.0,
2023-05-10 16:30:59,"Legs",40m,"Romanian Deadlift (Barbell)",2,205.0,10.0,0,0.0,
2023-05-10 16:30:59,"Legs",40m,"Romanian Deadlift (Barbell)",3,205.0,9.0,0,0.0,
2023-05-10 16:30:59,"Legs",40m,"Squat (Barbell)",1,135.0,5.0,0,0.0,
2023-05-10 16:30:59,"Legs",40m,"Squat (Barbell)",2,125.0,9.0,0,0.0,
2023-05-10 16:30:59,"Legs",40m,"Squat (Barbell)",3,125.0,6.0,0,0.0,
2023-05-11 18:04:23,"Push",2h 37m,"Bench Press (Dumbbell)",1,120.0,11.0,0,0.0,
2023-05-11 18:04:23,"Push",2h 37m,"Bench Press (Dumbbell)",2,120.0,10.0,0,0.0,
2023-05-11 18:04:23,"Push",2h 37m,"Bench Press (Dumbbell)",3,130.0,5.0,0,0.0,
2023-05-11 18:04:23,"Push",2h 37m,"Bench Press (Dumbbell)",4,130.0,6.0,0,0.0,
2023-05-11 18:04:23,"Push",2h 37m,"Incline Bench Press (Barbell)",1,95.0,10.0,0,0.0,
2023-05-11 18:04:23,"Push",2h 37m,"Incline Bench Press (Barbell)",2,115.0,10.0,0,0.0,
2023-05-11 18:04:23,"Push",2h 37m,"Incline Bench Press (Barbell)",3,115.0,10.0,0,0.0,
2023-05-11 18:04:23,"Push",2h 37m,"Chest Press (Band)",1,55.0,10.0,0,0.0,
2023-05-11 18:04:23,"Push",2h 37m,"Chest Press (Band)",2,55.0,10.0,0,0.0,
2023-05-11 18:04:23,"Push",2h 37m,"Chest Press (Band)",3,55.0,10.0,0,0.0,
2023-05-11 18:04:23,"Push",2h 37m,"Shoulder Press (Machine)",1,95.0,10.0,0,0.0,
2023-05-11 18:04:23,"Push",2h 37m,"Shoulder Press (Machine)",2,95.0,12.0,0,0.0,
2023-05-11 18:04:23,"Push",2h 37m,"Shoulder Press (Machine)",3,95.0,10.0,0,0.0,
2023-05-11 18:04:23,"Push",2h 37m,"Lateral Raise (Cable)",1,15.0,10.0,0,0.0,
2023-05-11 18:04:23,"Push",2h 37m,"Lateral Raise (Cable)",2,15.0,10.0,0,0.0,
2023-05-11 18:04:23,"Push",2h 37m,"Lateral Raise (Cable)",3,15.0,10.0,0,0.0,
2023-05-11 18:04:23,"Push",2h 37m,"Triceps Pushdown (Cable - Straight Bar)",1,22.5,10.0,0,0.0,
2023-05-11 18:04:23,"Push",2h 37m,"Triceps Pushdown (Cable - Straight Bar)",2,22.5,10.0,0,0.0,
2023-05-11 18:04:23,"Push",2h 37m,"Triceps Pushdown (Cable - Straight Bar)",3,22.5,10.0,0,0.0,
2023-05-11 18:04:23,"Push",2h 37m,"Triceps Extension (Cable)",1,15.0,10.0,0,0.0,
2023-05-11 18:04:23,"Push",2h 37m,"Triceps Extension (Cable)",2,17.5,10.0,0,0.0,
2023-05-11 18:04:23,"Push",2h 37m,"Triceps Extension (Cable)",3,17.5,10.0,0,0.0,
2023-05-12 13:05:01,"Pull",15m,"Bicep Curl (Dumbbell)",1,60.0,10.0,0,0.0,
2023-05-12 13:05:01,"Pull",15m,"Hammer Curl (Dumbbell)",1,60.0,10.0,0,0.0,
2023-05-12 13:05:01,"Pull",15m,"Pull Up",1,0,10.0,0,0.0,
2023-05-12 13:05:01,"Pull",15m,"Pull Up",2,0,10.0,0,0.0,
2023-05-12 13:05:01,"Pull",15m,"Bent Over One Arm Row (Dumbbell)",1,45.0,10.0,0,0.0,
2023-05-12 13:05:01,"Pull",15m,"Bent Over One Arm Row (Dumbbell)",2,45.0,10.0,0,0.0,
2023-05-12 13:05:01,"Pull",15m,"Bent Over One Arm Row (Dumbbell)",3,45.0,10.0,0,0.0,
2023-05-16 15:57:13,"Legs",1h 34m,"Romanian Deadlift (Barbell)",1,225.0,3.0,0,0.0,
2023-05-16 15:57:13,"Legs",1h 34m,"Romanian Deadlift (Barbell)",2,225.0,5.0,0,0.0,
2023-05-16 15:57:13,"Legs",1h 34m,"Romanian Deadlift (Barbell)",3,205.0,10.0,0,0.0,
2023-05-16 15:57:13,"Legs",1h 34m,"Seated Leg Press (Machine)",1,145.0,10.0,0,0.0,
2023-05-16 15:57:13,"Legs",1h 34m,"Seated Leg Press (Machine)",2,145.0,10.0,0,0.0,
2023-05-16 15:57:13,"Legs",1h 34m,"Seated Leg Press (Machine)",3,145.0,10.0,0,0.0,
2023-05-16 15:57:13,"Legs",1h 34m,"Leg Extension (Machine)",1,110.0,10.0,0,0.0,
2023-05-16 15:57:13,"Legs",1h 34m,"Leg Extension (Machine)",2,110.0,10.0,0,0.0,
2023-05-16 15:57:13,"Legs",1h 34m,"Leg Extension (Machine)",3,110.0,10.0,0,0.0,
2023-05-16 15:57:13,"Legs",1h 34m,"Seated Leg Curl (Machine)",1,110.0,10.0,0,0.0,
2023-05-16 15:57:13,"Legs",1h 34m,"Seated Leg Curl (Machine)",2,110.0,10.0,0,0.0,
2023-05-16 15:57:13,"Legs",1h 34m,"Seated Leg Curl (Machine)",3,110.0,10.0,0,0.0,
2023-05-16 15:57:13,"Legs",1h 34m,"Standing Calf Raise (Dumbbell)",1,25.0,10.0,0,0.0,
2023-05-16 15:57:13,"Legs",1h 34m,"Standing Calf Raise (Dumbbell)",2,25.0,10.0,0,0.0,
2023-05-16 15:57:13,"Legs",1h 34m,"Standing Calf Raise (Dumbbell)",3,25.0,10.0,0,0.0,
2023-05-18 18:05:06,"Push",1h 2m,"Bench Press (Barbell)",1,155.0,5.0,0,0.0,
2023-05-18 18:05:06,"Push",1h 2m,"Bench Press (Barbell)",2,155.0,6.0,0,0.0,
2023-05-18 18:05:06,"Push",1h 2m,"Bench Press (Barbell)",3,145.0,6.0,0,0.0,
2023-05-18 18:05:06,"Push",1h 2m,"Bench Press (Barbell)",4,145.0,5.0,0,0.0,
2023-05-18 18:05:06,"Push",1h 2m,"Incline Bench Press (Barbell)",1,115.0,10.0,0,0.0,
2023-05-18 18:05:06,"Push",1h 2m,"Incline Bench Press (Barbell)",2,115.0,3.0,0,0.0,
2023-05-18 18:05:06,"Push",1h 2m,"Incline Bench Press (Barbell)",3,115.0,3.0,0,0.0,
2023-05-18 18:05:06,"Push",1h 2m,"Chest Press (Band)",1,55.0,10.0,0,0.0,
2023-05-18 18:05:06,"Push",1h 2m,"Chest Press (Band)",2,55.0,10.0,0,0.0,
2023-05-18 18:05:06,"Push",1h 2m,"Chest Press (Band)",3,55.0,10.0,0,0.0,
2023-05-18 18:05:06,"Push",1h 2m,"Seated Overhead Press (Barbell)",1,95.0,9.0,0,0.0,
2023-05-18 18:05:06,"Push",1h 2m,"Seated Overhead Press (Barbell)",2,95.0,9.0,0,0.0,
2023-05-18 18:05:06,"Push",1h 2m,"Seated Overhead Press (Barbell)",3,95.0,3.0,0,0.0,
2023-05-19 16:52:01,"Pull",23m,"Bicep Curl (Dumbbell)",1,60.0,10.0,0,0.0,
2023-05-19 16:52:01,"Pull",23m,"Bicep Curl (Dumbbell)",2,60.0,10.0,0,0.0,
2023-05-19 16:52:01,"Pull",23m,"Bicep Curl (Dumbbell)",3,60.0,10.0,0,0.0,
2023-05-19 16:52:01,"Pull",23m,"Chin Up",1,10.0,10.0,0,0.0,
2023-05-19 16:52:01,"Pull",23m,"Chin Up",2,10.0,10.0,0,0.0,
2023-05-19 16:52:01,"Pull",23m,"Pull Up",1,0,10.0,0,0.0,
2023-05-19 16:52:01,"Pull",23m,"Pull Up",2,10.0,10.0,0,0.0,
2023-05-19 16:52:01,"Pull",23m,"Pull Up",3,10.0,10.0,0,0.0,
2023-05-19 16:52:01,"Pull",23m,"Bent Over One Arm Row (Dumbbell)",1,50.0,10.0,0,0.0,
2023-05-19 16:52:01,"Pull",23m,"Bent Over One Arm Row (Dumbbell)",2,50.0,10.0,0,0.0,
2023-05-21 13:01:43,"Push",33m,"Bench Press (Dumbbell)",1,120.0,9.0,0,0.0,
2023-05-21 13:01:43,"Push",33m,"Bench Press (Dumbbell)",2,120.0,10.0,0,0.0,
2023-05-21 13:01:43,"Push",33m,"Bench Press (Dumbbell)",3,120.0,10.0,0,0.0,
2023-05-21 13:01:43,"Push",33m,"Incline Bench Press (Dumbbell)",1,90.0,9.0,0,0.0,
2023-05-21 13:01:43,"Push",33m,"Incline Bench Press (Dumbbell)",2,90.0,10.0,0,0.0,
2023-05-21 13:01:43,"Push",33m,"Incline Bench Press (Dumbbell)",3,90.0,10.0,0,0.0,
2023-05-21 13:01:43,"Push",33m,"Shoulder Press (Machine)",1,95.0,10.0,0,0.0,
2023-05-21 13:01:43,"Push",33m,"Shoulder Press (Machine)",2,95.0,10.0,0,0.0,
2023-05-21 13:01:43,"Push",33m,"Shoulder Press (Machine)",3,95.0,10.0,0,0.0,
2023-05-21 13:01:43,"Push",33m,"Lateral Raise (Machine)",1,45.0,10.0,0,0.0,
2023-05-21 13:01:43,"Push",33m,"Lateral Raise (Machine)",2,45.0,10.0,0,0.0,
2023-05-21 13:01:43,"Push",33m,"Triceps Pushdown (Cable - Straight Bar)",1,20.0,10.0,0,0.0,
2023-05-21 13:01:43,"Push",33m,"Triceps Pushdown (Cable - Straight Bar)",2,20.0,10.0,0,0.0,
2023-05-21 13:01:43,"Push",33m,"Triceps Pushdown (Cable - Straight Bar)",3,20.0,10.0,0,0.0,
2023-05-21 13:01:43,"Push",33m,"Triceps Extension (Cable)",1,15.0,10.0,0,0.0,
2023-05-22 18:02:12,"Pull",32m,"Bicep Curl (Dumbbell)",1,60.0,10.0,0,0.0,
2023-05-22 18:02:12,"Pull",32m,"Bicep Curl (Dumbbell)",2,60.0,10.0,0,0.0,
2023-05-22 18:02:12,"Pull",32m,"Bicep Curl (Dumbbell)",3,60.0,10.0,0,0.0,
2023-05-22 18:02:12,"Pull",32m,"Chin Up",1,0,10.0,0,0.0,
2023-05-22 18:02:12,"Pull",32m,"Chin Up",2,0,10.0,0,0.0,
2023-05-22 18:02:12,"Pull",32m,"Chin Up",3,0,10.0,0,0.0,
2023-05-22 18:02:12,"Pull",32m,"Bent Over One Arm Row (Dumbbell)",1,45.0,10.0,0,0.0,
2023-05-22 18:02:12,"Pull",32m,"Bent Over One Arm Row (Dumbbell)",2,45.0,10.0,0,0.0,
2023-05-22 18:02:12,"Pull",32m,"Bent Over One Arm Row (Dumbbell)",3,45.0,10.0,0,0.0,
2023-05-23 17:35:57,"Legs",1h 4m,"Romanian Deadlift (Barbell)",1,185.0,10.0,0,0.0,
2023-05-23 17:35:57,"Legs",1h 4m,"Romanian Deadlift (Barbell)",2,185.0,10.0,0,0.0,
2023-05-23 17:35:57,"Legs",1h 4m,"Romanian Deadlift (Barbell)",3,185.0,10.0,0,0.0,
2023-05-23 17:35:57,"Legs",1h 4m,"Squat (Barbell)",1,125.0,10.0,0,0.0,
2023-05-23 17:35:57,"Legs",1h 4m,"Squat (Barbell)",2,125.0,10.0,0,0.0,
2023-05-23 17:35:57,"Legs",1h 4m,"Squat (Barbell)",3,125.0,10.0,0,0.0,
2023-05-23 17:35:57,"Legs",1h 4m,"Leg Extension (Machine)",1,110.0,10.0,0,0.0,
2023-05-23 17:35:57,"Legs",1h 4m,"Leg Extension (Machine)",2,110.0,10.0,0,0.0,
2023-05-23 17:35:57,"Legs",1h 4m,"Leg Extension (Machine)",3,110.0,10.0,0,0.0,
2023-05-23 17:35:57,"Legs",1h 4m,"Leg Extension (Machine)",4,110.0,10.0,0,0.0,
2023-05-23 17:35:57,"Legs",1h 4m,"Seated Leg Curl (Machine)",1,110.0,10.0,0,0.0,
2023-05-23 17:35:57,"Legs",1h 4m,"Seated Leg Curl (Machine)",2,110.0,10.0,0,0.0,
2023-05-23 17:35:57,"Legs",1h 4m,"Seated Leg Curl (Machine)",3,110.0,10.0,0,0.0,
2023-05-23 17:35:57,"Legs",1h 4m,"Standing Calf Raise (Dumbbell)",1,25.0,10.0,0,0.0,
2023-05-23 17:35:57,"Legs",1h 4m,"Standing Calf Raise (Dumbbell)",2,25.0,10.0,0,0.0,
2023-05-23 17:35:57,"Legs",1h 4m,"Standing Calf Raise (Dumbbell)",3,25.0,10.0,0,0.0,
2023-05-24 15:08:45,"Push",1h 10m,"Bench Press (Barbell)",1,145.0,10.0,0,0.0,
2023-05-24 15:08:45,"Push",1h 10m,"Bench Press (Barbell)",2,145.0,7.0,0,0.0,
2023-05-24 15:08:45,"Push",1h 10m,"Bench Press (Barbell)",3,135.0,7.0,0,0.0,
2023-05-24 15:08:45,"Push",1h 10m,"Bench Press (Barbell)",4,135.0,5.0,0,0.0,
2023-05-24 15:08:45,"Push",1h 10m,"Incline Bench Press (Barbell)",1,95.0,10.0,0,0.0,
2023-05-24 15:08:45,"Push",1h 10m,"Incline Bench Press (Barbell)",2,95.0,10.0,0,0.0,
2023-05-24 15:08:45,"Push",1h 10m,"Incline Bench Press (Barbell)",3,95.0,10.0,0,0.0,
2023-05-24 15:08:45,"Push",1h 10m,"Shoulder Press (Machine)",1,95.0,10.0,0,0.0,
2023-05-24 15:08:45,"Push",1h 10m,"Shoulder Press (Machine)",2,95.0,10.0,0,0.0,
2023-05-24 15:08:45,"Push",1h 10m,"Shoulder Press (Machine)",3,95.0,10.0,0,0.0,
2023-05-24 15:08:45,"Push",1h 10m,"Lateral Raise (Cable)",1,15.0,10.0,0,0.0,
2023-05-24 15:08:45,"Push",1h 10m,"Lateral Raise (Cable)",2,15.0,10.0,0,0.0,
2023-05-24 15:08:45,"Push",1h 10m,"Lateral Raise (Cable)",3,15.0,10.0,0,0.0,
2023-05-24 15:08:45,"Push",1h 10m,"Triceps Pushdown (Cable - Straight Bar)",1,20.0,10.0,0,0.0,
2023-05-24 15:08:45,"Push",1h 10m,"Triceps Pushdown (Cable - Straight Bar)",2,22.5,10.0,0,0.0,
2023-05-24 15:08:45,"Push",1h 10m,"Triceps Pushdown (Cable - Straight Bar)",3,22.5,10.0,0,0.0,
2023-05-24 15:08:45,"Push",1h 10m,"Triceps Extension (Cable)",1,20.0,10.0,0,0.0,
2023-05-24 15:08:45,"Push",1h 10m,"Triceps Extension (Cable)",2,20.0,10.0,0,0.0,
2023-05-24 15:08:45,"Push",1h 10m,"Triceps Extension (Cable)",3,20.0,10.0,0,0.0,
2023-05-25 15:46:29,"Pull",42m,"Bicep Curl (Dumbbell)",1,60.0,10.0,0,0.0,
2023-05-25 15:46:29,"Pull",42m,"Bicep Curl (Dumbbell)",2,60.0,10.0,0,0.0,
2023-05-25 15:46:29,"Pull",42m,"Bicep Curl (Dumbbell)",3,60.0,10.0,0,0.0,
2023-05-25 15:46:29,"Pull",42m,"Hammer Curl (Dumbbell)",1,60.0,10.0,0,0.0,
2023-05-25 15:46:29,"Pull",42m,"Hammer Curl (Dumbbell)",2,60.0,10.0,0,0.0,
2023-05-25 15:46:29,"Pull",42m,"Hammer Curl (Dumbbell)",3,60.0,10.0,0,0.0,
2023-05-25 15:46:29,"Pull",42m,"Pull Up",1,10.0,10.0,0,0.0,
2023-05-25 15:46:29,"Pull",42m,"Pull Up",2,10.0,6.0,0,0.0,
2023-05-25 15:46:29,"Pull",42m,"Pull Up",3,10.0,4.0,0,0.0,
2023-05-25 15:46:29,"Pull",42m,"Bent Over One Arm Row (Dumbbell)",1,50.0,10.0,0,0.0,
2023-05-25 15:46:29,"Pull",42m,"Bent Over One Arm Row (Dumbbell)",2,50.0,10.0,0,0.0,
2023-05-25 15:46:29,"Pull",42m,"Bent Over One Arm Row (Dumbbell)",3,50.0,10.0,0,0.0,
2023-05-25 15:46:29,"Pull",42m,"Seated Row (Cable)",1,47.5,10.0,0,0.0,
2023-05-25 15:46:29,"Pull",42m,"Seated Row (Cable)",2,55.0,10.0,0,0.0,
2023-05-25 15:46:29,"Pull",42m,"Seated Row (Cable)",3,50.0,10.0,0,0.0,
2023-05-26 14:20:45,"Legs",8m,"Squat (Barbell)",1,145.0,7.0,0,0.0,
2023-05-26 14:20:45,"Legs",8m,"Squat (Barbell)",2,135.0,3.0,0,0.0,
2023-05-28 19:22:23,"Push",39m,"Bench Press (Barbell)",1,175.0,1.0,0,0.0,
2023-05-28 19:22:23,"Push",39m,"Bench Press (Barbell)",2,135.0,10.0,0,0.0,
2023-05-28 19:22:23,"Push",39m,"Bench Press (Barbell)",3,135.0,10.0,0,0.0,
2023-05-28 19:22:23,"Push",39m,"Incline Bench Press (Barbell)",1,95.0,10.0,0,0.0,
2023-05-28 19:22:23,"Push",39m,"Incline Bench Press (Barbell)",2,95.0,10.0,0,0.0,
2023-05-28 19:22:23,"Push",39m,"Incline Bench Press (Barbell)",3,95.0,10.0,0,0.0,
2023-05-28 19:22:23,"Push",39m,"Triceps Pushdown (Cable - Straight Bar)",1,22.5,10.0,0,0.0,
2023-05-28 19:22:23,"Push",39m,"Triceps Pushdown (Cable - Straight Bar)",2,22.5,10.0,0,0.0,
2023-05-28 19:22:23,"Push",39m,"Triceps Pushdown (Cable - Straight Bar)",3,22.5,10.0,0,0.0,
2023-05-29 08:44:20,"Pull",49m,"Bicep Curl (Dumbbell)",1,60.0,10.0,0,0.0,
2023-05-29 08:44:20,"Pull",49m,"Bicep Curl (Dumbbell)",2,60.0,10.0,0,0.0,
2023-05-29 08:44:20,"Pull",49m,"Bicep Curl (Dumbbell)",3,60.0,10.0,0,0.0,
2023-05-29 08:44:20,"Pull",49m,"Hammer Curl (Dumbbell)",1,60.0,10.0,0,0.0,
2023-05-29 08:44:20,"Pull",49m,"Hammer Curl (Dumbbell)",2,60.0,10.0,0,0.0,
2023-05-29 08:44:20,"Pull",49m,"Hammer Curl (Dumbbell)",3,60.0,10.0,0,0.0,
2023-05-29 08:44:20,"Pull",49m,"Preacher Curl (Machine)",1,55.0,10.0,0,0.0,
2023-05-29 08:44:20,"Pull",49m,"Preacher Curl (Machine)",2,55.0,10.0,0,0.0,
2023-05-29 08:44:20,"Pull",49m,"Preacher Curl (Machine)",3,55.0,10.0,0,0.0,
2023-05-29 08:44:20,"Pull",49m,"Pull Up",1,10.0,10.0,0,0.0,
2023-05-29 08:44:20,"Pull",49m,"Pull Up",2,10.0,5.0,0,0.0,
2023-05-29 08:44:20,"Pull",49m,"Pull Up",3,0,6.0,0,0.0,
2023-05-29 08:44:20,"Pull",49m,"Bent Over One Arm Row (Dumbbell)",1,50.0,10.0,0,0.0,
2023-05-29 08:44:20,"Pull",49m,"Bent Over One Arm Row (Dumbbell)",2,50.0,10.0,0,0.0,
2023-05-29 08:44:20,"Pull",49m,"Bent Over One Arm Row (Dumbbell)",3,50.0,10.0,0,0.0,
2023-05-29 08:44:20,"Pull",49m,"Seated Row (Cable)",1,47.5,10.0,0,0.0,
2023-05-29 08:44:20,"Pull",49m,"Seated Row (Cable)",2,47.5,10.0,0,0.0,
2023-05-29 08:44:20,"Pull",49m,"Seated Row (Cable)",3,47.5,10.0,0,0.0,
2023-05-30 17:11:34,"Legs",42m,"Romanian Deadlift (Barbell)",1,205.0,10.0,0,0.0,
2023-05-30 17:11:34,"Legs",42m,"Romanian Deadlift (Barbell)",2,205.0,7.0,0,0.0,
2023-05-30 17:11:34,"Legs",42m,"Romanian Deadlift (Barbell)",3,205.0,5.0,0,0.0,
2023-05-30 17:11:34,"Legs",42m,"Squat (Barbell)",1,135.0,8.0,0,0.0,
2023-05-30 17:11:34,"Legs",42m,"Squat (Barbell)",2,135.0,5.0,0,0.0,
2023-05-30 17:11:34,"Legs",42m,"Squat (Barbell)",3,115.0,10.0,0,0.0,
2023-06-01 16:19:34,"Pull",43m,"Bicep Curl (Dumbbell)",1,70.0,10.0,0,0.0,
2023-06-01 16:19:34,"Pull",43m,"Bicep Curl (Dumbbell)",2,70.0,10.0,0,0.0,
2023-06-01 16:19:34,"Pull",43m,"Bicep Curl (Dumbbell)",3,70.0,10.0,0,0.0,
2023-06-01 16:19:34,"Pull",43m,"Hammer Curl (Dumbbell)",1,70.0,10.0,0,0.0,
2023-06-01 16:19:34,"Pull",43m,"Hammer Curl (Dumbbell)",2,60.0,10.0,0,0.0,
2023-06-01 16:19:34,"Pull",43m,"Hammer Curl (Dumbbell)",3,60.0,10.0,0,0.0,
2023-06-01 16:19:34,"Pull",43m,"Preacher Curl (Machine)",1,55.0,10.0,0,0.0,
2023-06-01 16:19:34,"Pull",43m,"Preacher Curl (Machine)",2,65.0,10.0,0,0.0,
2023-06-01 16:19:34,"Pull",43m,"Preacher Curl (Machine)",3,65.0,10.0,0,0.0,
2023-06-01 16:19:34,"Pull",43m,"Pull Up",1,10.0,10.0,0,0.0,
2023-06-01 16:19:34,"Pull",43m,"Pull Up",2,0.0,10.0,0,0.0,
2023-06-01 16:19:34,"Pull",43m,"Pull Up",3,0.0,10.0,0,0.0,
2023-06-01 16:19:34,"Pull",43m,"Bent Over One Arm Row (Dumbbell)",1,50.0,10.0,0,0.0,
2023-06-01 16:19:34,"Pull",43m,"Bent Over One Arm Row (Dumbbell)",2,50.0,10.0,0,0.0,
2023-06-01 16:19:34,"Pull",43m,"Bent Over One Arm Row (Dumbbell)",3,50.0,10.0,0,0.0,
2023-06-01 16:19:34,"Pull",43m,"Seated Row (Cable)",1,47.5,10.0,0,0.0,
2023-06-01 16:19:34,"Pull",43m,"Seated Row (Cable)",2,47.5,10.0,0,0.0,
2023-06-01 16:19:34,"Pull",43m,"Seated Row (Cable)",3,47.5,10.0,0,0.0,
2023-06-02 22:55:10,"Push",56m,"Bench Press (Barbell)",1,175.0,1.0,0,0.0,
2023-06-02 22:55:10,"Push",56m,"Bench Press (Barbell)",2,135.0,10.0,0,0.0,
2023-06-02 22:55:10,"Push",56m,"Bench Press (Barbell)",3,135.0,10.0,0,0.0,
2023-06-02 22:55:10,"Push",56m,"Bench Press (Barbell)",4,135.0,10.0,0,0.0,
2023-06-02 22:55:10,"Push",56m,"Incline Bench Press (Dumbbell)",1,90.0,10.0,0,0.0,
2023-06-02 22:55:10,"Push",56m,"Incline Bench Press (Dumbbell)",2,90.0,10.0,0,0.0,
2023-06-02 22:55:10,"Push",56m,"Incline Bench Press (Dumbbell)",3,90.0,10.0,0,0.0,
2023-06-02 22:55:10,"Push",56m,"Chest Press (Band)",1,55.0,10.0,0,0.0,
2023-06-02 22:55:10,"Push",56m,"Chest Press (Band)",2,55.0,10.0,0,0.0,
2023-06-02 22:55:10,"Push",56m,"Chest Press (Band)",3,55.0,10.0,0,0.0,
2023-06-02 22:55:10,"Push",56m,"Shoulder Press (Machine)",1,95.0,10.0,0,0.0,
2023-06-05 17:34:03,"Pull",55m,"Bicep Curl (Dumbbell)",1,60.0,10.0,0,0.0,
2023-06-05 17:34:03,"Pull",55m,"Bicep Curl (Dumbbell)",2,60.0,10.0,0,0.0,
2023-06-05 17:34:03,"Pull",55m,"Bicep Curl (Dumbbell)",3,60.0,10.0,0,0.0,
2023-06-05 17:34:03,"Pull",55m,"Hammer Curl (Dumbbell)",1,60.0,10.0,0,0.0,
2023-06-05 17:34:03,"Pull",55m,"Hammer Curl (Dumbbell)",2,60.0,10.0,0,0.0,
2023-06-05 17:34:03,"Pull",55m,"Hammer Curl (Dumbbell)",3,60.0,10.0,0,0.0,
2023-06-05 17:34:03,"Pull",55m,"Preacher Curl (Machine)",1,55.0,10.0,0,0.0,
2023-06-05 17:34:03,"Pull",55m,"Preacher Curl (Machine)",2,55.0,10.0,0,0.0,
2023-06-05 17:34:03,"Pull",55m,"Preacher Curl (Machine)",3,55.0,10.0,0,0.0,
2023-06-05 17:34:03,"Pull",55m,"Pull Up",1,10.0,10.0,0,0.0,
2023-06-05 17:34:03,"Pull",55m,"Pull Up",2,10.0,10.0,0,0.0,
2023-06-05 17:34:03,"Pull",55m,"Pull Up",3,10.0,10.0,0,0.0,
2023-06-05 17:34:03,"Pull",55m,"Bent Over One Arm Row (Dumbbell)",1,50.0,10.0,0,0.0,
2023-06-05 17:34:03,"Pull",55m,"Bent Over One Arm Row (Dumbbell)",2,50.0,10.0,0,0.0,
2023-06-05 17:34:03,"Pull",55m,"Bent Over One Arm Row (Dumbbell)",3,50.0,10.0,0,0.0,
2023-06-05 17:34:03,"Pull",55m,"Seated Row (Cable)",1,47.5,10.0,0,0.0,
2023-06-05 17:34:03,"Pull",55m,"Seated Row (Cable)",2,47.5,10.0,0,0.0,
2023-06-05 17:34:03,"Pull",55m,"Seated Row (Cable)",3,47.5,10.0,0,0.0,
2023-06-06 18:21:29,"Legs",58m,"Romanian Deadlift (Barbell)",1,205.0,10.0,0,0.0,
2023-06-06 18:21:29,"Legs",58m,"Romanian Deadlift (Barbell)",2,205.0,10.0,0,0.0,
2023-06-06 18:21:29,"Legs",58m,"Romanian Deadlift (Barbell)",3,205.0,10.0,0,0.0,
2023-06-06 18:21:29,"Legs",58m,"Squat (Barbell)",1,135.0,10.0,0,0.0,
2023-06-06 18:21:29,"Legs",58m,"Squat (Barbell)",2,135.0,8.0,0,0.0,
2023-06-06 18:21:29,"Legs",58m,"Squat (Barbell)",3,135.0,5.0,0,0.0,
2023-06-06 18:21:29,"Legs",58m,"Leg Extension (Machine)",1,110.0,10.0,0,0.0,
2023-06-06 18:21:29,"Legs",58m,"Leg Extension (Machine)",2,110.0,10.0,0,0.0,
2023-06-06 18:21:29,"Legs",58m,"Leg Extension (Machine)",3,110.0,10.0,0,0.0,
2023-06-06 18:21:29,"Legs",58m,"Leg Extension (Machine)",4,110.0,10.0,0,0.0,
2023-06-06 18:21:29,"Legs",58m,"Lying Leg Curl (Machine)",1,75.0,10.0,0,0.0,
2023-06-06 18:21:29,"Legs",58m,"Lying Leg Curl (Machine)",2,75.0,10.0,0,0.0,
2023-06-06 18:21:29,"Legs",58m,"Lying Leg Curl (Machine)",3,75.0,10.0,0,0.0,
2023-06-06 18:21:29,"Legs",58m,"Lying Leg Curl (Machine)",4,75.0,10.0,0,0.0,
2023-06-06 18:21:29,"Legs",58m,"Standing Calf Raise (Dumbbell)",1,25.0,10.0,0,0.0,
2023-06-06 18:21:29,"Legs",58m,"Standing Calf Raise (Dumbbell)",2,25.0,10.0,0,0.0,
2023-06-06 18:21:29,"Legs",58m,"Standing Calf Raise (Dumbbell)",3,25.0,10.0,0,0.0,
2023-06-06 18:21:29,"Legs",58m,"Standing Calf Raise (Dumbbell)",4,25.0,10.0,0,0.0,
2023-06-07 14:29:33,"Push",54m,"Bench Press (Barbell)",1,155.0,8.0,0,0.0,
2023-06-07 14:29:33,"Push",54m,"Bench Press (Barbell)",2,155.0,3.0,0,0.0,
2023-06-07 14:29:33,"Push",54m,"Bench Press (Barbell)",3,145.0,7.0,0,0.0,
2023-06-07 14:29:33,"Push",54m,"Incline Bench Press (Dumbbell)",1,100.0,9.0,0,0.0,
2023-06-07 14:29:33,"Push",54m,"Incline Bench Press (Dumbbell)",2,100.0,9.0,0,0.0,
2023-06-07 14:29:33,"Push",54m,"Incline Bench Press (Dumbbell)",3,100.0,5.0,0,0.0,
2023-06-07 14:29:33,"Push",54m,"Shoulder Press (Machine)",1,95.0,10.0,0,0.0,
2023-06-07 14:29:33,"Push",54m,"Shoulder Press (Machine)",2,95.0,10.0,0,0.0,
2023-06-07 14:29:33,"Push",54m,"Shoulder Press (Machine)",3,95.0,10.0,0,0.0,
2023-06-07 14:29:33,"Push",54m,"Lateral Raise (Cable)",1,15.0,10.0,0,0.0,
2023-06-07 14:29:33,"Push",54m,"Lateral Raise (Cable)",2,15.0,10.0,0,0.0,
2023-06-07 14:29:33,"Push",54m,"Lateral Raise (Cable)",3,15.0,10.0,0,0.0,
2023-06-07 14:29:33,"Push",54m,"Triceps Pushdown (Cable - Straight Bar)",1,22.5,10.0,0,0.0,
2023-06-07 14:29:33,"Push",54m,"Triceps Pushdown (Cable - Straight Bar)",2,22.5,10.0,0,0.0,
2023-06-07 14:29:33,"Push",54m,"Triceps Pushdown (Cable - Straight Bar)",3,22.5,10.0,0,0.0,
2023-06-07 14:29:33,"Push",54m,"Triceps Extension (Cable)",1,15.0,10.0,0,0.0,
2023-06-07 14:29:33,"Push",54m,"Triceps Extension (Cable)",2,15.0,10.0,0,0.0,
2023-06-07 14:29:33,"Push",54m,"Triceps Extension (Cable)",3,15.0,10.0,0,0.0,
2023-06-08 15:36:15,"Pull",51m,"Bicep Curl (Dumbbell)",1,70.0,10.0,0,0.0,
2023-06-08 15:36:15,"Pull",51m,"Bicep Curl (Dumbbell)",2,70.0,10.0,0,0.0,
2023-06-08 15:36:15,"Pull",51m,"Bicep Curl (Dumbbell)",3,70.0,10.0,0,0.0,
2023-06-08 15:36:15,"Pull",51m,"Hammer Curl (Dumbbell)",1,70.0,10.0,0,0.0,
2023-06-08 15:36:15,"Pull",51m,"Hammer Curl (Dumbbell)",2,70.0,5.0,0,0.0,
2023-06-08 15:36:15,"Pull",51m,"Hammer Curl (Dumbbell)",3,60.0,10.0,0,0.0,
2023-06-08 15:36:15,"Pull",51m,"Pull Up",1,0.0,10.0,0,0.0,
2023-06-08 15:36:15,"Pull",51m,"Pull Up",2,0.0,10.0,0,0.0,
2023-06-08 15:36:15,"Pull",51m,"Pull Up",3,0.0,10.0,0,0.0,
2023-06-09 14:18:17,"Legs",1h 4m,"Romanian Deadlift (Barbell)",1,225.0,7.0,0,0.0,
2023-06-09 14:18:17,"Legs",1h 4m,"Romanian Deadlift (Barbell)",2,225.0,5.0,0,0.0,
2023-06-09 14:18:17,"Legs",1h 4m,"Deadlift (Barbell)",1,245.0,1.0,0,0.0,
2023-06-09 14:18:17,"Legs",1h 4m,"Squat (Barbell)",1,135.0,6.0,0,0.0,
2023-06-09 14:18:17,"Legs",1h 4m,"Squat (Barbell)",2,115.0,10.0,0,0.0,
2023-06-09 14:18:17,"Legs",1h 4m,"Squat (Barbell)",3,115.0,10.0,0,0.0,
2023-06-09 14:18:17,"Legs",1h 4m,"Leg Extension (Machine)",1,110.0,10.0,0,0.0,
2023-06-09 14:18:17,"Legs",1h 4m,"Leg Extension (Machine)",2,110.0,10.0,0,0.0,
2023-06-09 14:18:17,"Legs",1h 4m,"Leg Extension (Machine)",3,110.0,10.0,0,0.0,
2023-06-09 14:18:17,"Legs",1h 4m,"Standing Calf Raise (Dumbbell)",1,30.0,10.0,0,0.0,
2023-06-09 14:18:17,"Legs",1h 4m,"Standing Calf Raise (Dumbbell)",2,30.0,10.0,0,0.0,
2023-06-09 14:18:17,"Legs",1h 4m,"Standing Calf Raise (Dumbbell)",3,30.0,10.0,0,0.0,
2023-06-11 11:47:40,"Push",1h 2m,"Bench Press (Barbell)",1,155.0,3.0,0,0.0,
2023-06-11 11:47:40,"Push",1h 2m,"Bench Press (Barbell)",2,135.0,10.0,0,0.0,
2023-06-11 11:47:40,"Push",1h 2m,"Bench Press (Barbell)",3,135.0,10.0,0,0.0,
2023-06-11 11:47:40,"Push",1h 2m,"Bench Press (Barbell)",4,135.0,10.0,0,0.0,
2023-06-11 11:47:40,"Push",1h 2m,"Incline Bench Press (Dumbbell)",1,100.0,9.0,0,0.0,
2023-06-11 11:47:40,"Push",1h 2m,"Incline Bench Press (Dumbbell)",2,100.0,5.0,0,0.0,
2023-06-11 11:47:40,"Push",1h 2m,"Incline Bench Press (Dumbbell)",3,100.0,3.0,0,0.0,
2023-06-11 11:47:40,"Push",1h 2m,"Shoulder Press (Machine)",1,95.0,10.0,0,0.0,
2023-06-11 11:47:40,"Push",1h 2m,"Shoulder Press (Machine)",2,110.0,10.0,0,0.0,
2023-06-11 11:47:40,"Push",1h 2m,"Lateral Raise (Cable)",1,15.0,10.0,0,0.0,
2023-06-11 11:47:40,"Push",1h 2m,"Lateral Raise (Cable)",2,15.0,10.0,0,0.0,
2023-06-12 14:00:38,"Pull",19m,"Bicep Curl (Dumbbell)",1,70.0,10.0,0,0.0,
2023-06-12 14:00:38,"Pull",19m,"Bicep Curl (Dumbbell)",2,70.0,10.0,0,0.0,
2023-06-12 14:00:38,"Pull",19m,"Bicep Curl (Dumbbell)",3,70.0,10.0,0,0.0,
2023-06-12 14:00:38,"Pull",19m,"Pull Up",1,0.0,10.0,0,0.0,
2023-06-12 14:00:38,"Pull",19m,"Pull Up",2,0.0,10.0,0,0.0,
2023-06-12 14:00:38,"Pull",19m,"Pull Up",3,0.0,10.0,0,0.0,
2023-06-13 22:36:05,"Legs",20m,"Romanian Deadlift (Barbell)",1,225.0,7.0,0,0.0,
2023-06-13 22:36:05,"Legs",20m,"Romanian Deadlift (Barbell)",2,225.0,5.0,0,0.0,
2023-06-13 22:36:05,"Legs",20m,"Romanian Deadlift (Barbell)",3,225.0,2.0,0,0.0,
2023-06-13 22:36:05,"Legs",20m,"Leg Extension (Machine)",1,110.0,10.0,0,0.0,
2023-06-13 22:36:05,"Legs",20m,"Leg Extension (Machine)",2,115.0,10.0,0,0.0,
2023-06-13 22:36:05,"Legs",20m,"Leg Extension (Machine)",3,115.0,10.0,0,0.0,
2023-06-14 22:33:45,"Push",4m,"Bench Press (Barbell)",1,145.0,10.0,0,0.0,
2023-06-19 10:47:28,"Push",34m,"Bench Press (Barbell)",1,135.0,10.0,0,0.0,
2023-06-19 10:47:28,"Push",34m,"Bench Press (Barbell)",2,145.0,5.0,0,0.0,
2023-06-19 10:47:28,"Push",34m,"Bench Press (Barbell)",3,135.0,7.0,0,0.0,
2023-06-19 10:47:28,"Push",34m,"Bench Press (Barbell)",4,135.0,5.0,0,0.0,
2023-06-19 10:47:28,"Push",34m,"Incline Bench Press (Dumbbell)",1,90.0,9.0,0,0.0,
2023-06-19 10:47:28,"Push",34m,"Incline Bench Press (Dumbbell)",2,90.0,9.0,0,0.0,
2023-06-19 10:47:28,"Push",34m,"Incline Bench Press (Dumbbell)",3,90.0,7.0,0,0.0,
2023-06-19 10:47:28,"Push",34m,"Lateral Raise (Cable)",1,15.0,10.0,0,0.0,
2023-06-19 10:47:28,"Push",34m,"Lateral Raise (Cable)",2,15.0,10.0,0,0.0,
2023-06-19 10:47:28,"Push",34m,"Lateral Raise (Cable)",3,15.0,10.0,0,0.0,
2023-06-19 10:47:28,"Push",34m,"Triceps Pushdown (Cable - Straight Bar)",1,22.5,10.0,0,0.0,
2023-06-19 10:47:28,"Push",34m,"Triceps Pushdown (Cable - Straight Bar)",2,22.5,10.0,0,0.0,
2023-06-19 10:47:28,"Push",34m,"Triceps Pushdown (Cable - Straight Bar)",3,22.5,10.0,0,0.0,
2023-06-20 08:31:26,"Pull",11s,"Bicep Curl (Dumbbell)",1,60.0,10.0,0,0.0,
2023-06-20 08:31:26,"Pull",11s,"Bicep Curl (Dumbbell)",2,60.0,10.0,0,0.0,
2023-06-20 08:31:26,"Pull",11s,"Bicep Curl (Dumbbell)",3,60.0,10.0,0,0.0,
2023-06-21 10:08:37,"Legs",33m,"Romanian Deadlift (Barbell)",1,165.0,10.0,0,0.0,
2023-06-21 10:08:37,"Legs",33m,"Romanian Deadlift (Barbell)",2,165.0,10.0,0,0.0,
2023-06-21 10:08:37,"Legs",33m,"Romanian Deadlift (Barbell)",3,165.0,10.0,0,0.0,
2023-06-21 10:08:37,"Legs",33m,"Squat (Barbell)",1,135.0,5.0,0,0.0,
2023-06-21 10:08:37,"Legs",33m,"Squat (Barbell)",2,115.0,8.0,0,0.0,
2023-06-21 10:08:37,"Legs",33m,"Squat (Barbell)",3,115.0,10.0,0,0.0,
2023-06-21 10:08:37,"Legs",33m,"Leg Extension (Machine)",1,65.0,10.0,0,0.0,
2023-06-21 10:08:37,"Legs",33m,"Leg Extension (Machine)",2,75.0,10.0,0,0.0,
2023-06-23 17:05:54,"Pull",34m,"Bicep Curl (Dumbbell)",1,60.0,10.0,0,0.0,
2023-06-23 17:05:54,"Pull",34m,"Bicep Curl (Dumbbell)",2,60.0,10.0,0,0.0,
2023-06-23 17:05:54,"Pull",34m,"Bicep Curl (Dumbbell)",3,60.0,10.0,0,0.0,
2023-06-23 17:05:54,"Pull",34m,"Hammer Curl (Dumbbell)",1,60.0,10.0,0,0.0,
2023-06-23 17:05:54,"Pull",34m,"Hammer Curl (Dumbbell)",2,60.0,10.0,0,0.0,
2023-06-23 17:05:54,"Pull",34m,"Hammer Curl (Dumbbell)",3,60.0,10.0,0,0.0,
2023-06-23 17:05:54,"Pull",34m,"Pull Up",1,0.0,10.0,0,0.0,
2023-06-23 17:05:54,"Pull",34m,"Pull Up",2,0.0,6.0,0,0.0,
2023-06-23 17:05:54,"Pull",34m,"Pull Up",3,0.0,5.0,0,0.0,
2023-06-24 17:58:09,"Push",42m,"Bench Press (Barbell)",1,135.0,9.0,0,0.0,
2023-06-24 17:58:09,"Push",42m,"Bench Press (Barbell)",2,135.0,9.0,0,0.0,
2023-06-24 17:58:09,"Push",42m,"Bench Press (Barbell)",3,135.0,6.0,0,0.0,
2023-06-24 17:58:09,"Push",42m,"Incline Bench Press (Dumbbell)",1,90.0,10.0,0,0.0,
2023-06-24 17:58:09,"Push",42m,"Incline Bench Press (Dumbbell)",2,90.0,10.0,0,0.0,
2023-06-24 17:58:09,"Push",42m,"Shoulder Press (Machine)",1,60.0,10.0,0,0.0,
2023-06-24 17:58:09,"Push",42m,"Shoulder Press (Machine)",2,50.0,5.0,0,0.0,
2023-06-24 17:58:09,"Push",42m,"Shoulder Press (Machine)",3,50.0,7.0,0,0.0,
2023-06-24 17:58:09,"Push",42m,"Lateral Raise (Cable)",1,15.0,10.0,0,0.0,
2023-06-24 17:58:09,"Push",42m,"Lateral Raise (Cable)",2,15.0,10.0,0,0.0,
2023-06-24 17:58:09,"Push",42m,"Lateral Raise (Cable)",3,15.0,10.0,0,0.0,
2023-06-24 17:58:09,"Push",42m,"Triceps Pushdown (Cable - Straight Bar)",1,22.5,10.0,0,0.0,
2023-06-24 17:58:09,"Push",42m,"Triceps Pushdown (Cable - Straight Bar)",2,22.5,10.0,0,0.0,
2023-06-24 17:58:09,"Push",42m,"Triceps Pushdown (Cable - Straight Bar)",3,22.5,10.0,0,0.0,
2023-06-24 17:58:09,"Push",42m,"Triceps Extension (Cable)",1,15.0,10.0,0,0.0,
2023-06-24 17:58:09,"Push",42m,"Triceps Extension (Cable)",2,15.0,10.0,0,0.0,
2023-06-25 18:15:35,"Legs",34m,"Romanian Deadlift (Barbell)",1,185.0,10.0,0,0.0,
2023-06-25 18:15:35,"Legs",34m,"Romanian Deadlift (Barbell)",2,185.0,10.0,0,0.0,
2023-06-25 18:15:35,"Legs",34m,"Romanian Deadlift (Barbell)",3,185.0,6.0,0,0.0,
2023-06-25 18:15:35,"Legs",34m,"Squat (Barbell)",1,115.0,10.0,0,0.0,
2023-06-25 18:15:35,"Legs",34m,"Squat (Barbell)",2,120.0,7.0,0,0.0,
2023-06-25 18:15:35,"Legs",34m,"Leg Extension (Machine)",1,65.0,10.0,0,0.0,
2023-06-25 18:15:35,"Legs",34m,"Leg Extension (Machine)",2,65.0,6.0,0,0.0,
2023-06-25 18:15:35,"Legs",34m,"Seated Leg Curl (Machine)",1,60.0,10.0,0,0.0,
2023-06-25 18:15:35,"Legs",34m,"Seated Leg Curl (Machine)",2,65.0,10.0,0,0.0,
2023-06-25 18:15:35,"Legs",34m,"Standing Calf Raise (Machine)",1,70.0,10.0,0,0.0,
2023-06-25 18:15:35,"Legs",34m,"Standing Calf Raise (Machine)",2,90.0,10.0,0,0.0,
2023-06-25 18:15:35,"Legs",34m,"Standing Calf Raise (Machine)",3,90.0,10.0,0,0.0,
2023-06-29 18:44:51,"Legs",38m,"Romanian Deadlift (Barbell)",1,185.0,10.0,0,0.0,
2023-06-29 18:44:51,"Legs",38m,"Romanian Deadlift (Barbell)",2,185.0,10.0,0,0.0,
2023-06-29 18:44:51,"Legs",38m,"Romanian Deadlift (Barbell)",3,185.0,10.0,0,0.0,
2023-06-29 18:44:51,"Legs",38m,"Squat (Barbell)",1,115.0,10.0,0,0.0,
2023-06-29 18:44:51,"Legs",38m,"Squat (Barbell)",2,115.0,10.0,0,0.0,
2023-06-29 18:44:51,"Legs",38m,"Squat (Barbell)",3,115.0,10.0,0,0.0,
2023-06-29 18:44:51,"Legs",38m,"Leg Extension (Machine)",1,65.0,10.0,0,0.0,
2023-06-29 18:44:51,"Legs",38m,"Leg Extension (Machine)",2,65.0,10.0,0,0.0,
2023-06-29 18:44:51,"Legs",38m,"Leg Extension (Machine)",3,65.0,10.0,0,0.0,
2023-06-29 18:44:51,"Legs",38m,"Seated Leg Curl (Machine)",1,75.0,10.0,0,0.0,
2023-06-29 18:44:51,"Legs",38m,"Seated Leg Curl (Machine)",2,85.0,10.0,0,0.0,
2023-06-29 18:44:51,"Legs",38m,"Seated Leg Curl (Machine)",3,85.0,7.0,0,0.0,
2023-06-29 18:44:51,"Legs",38m,"Standing Calf Raise (Machine)",1,90.0,10.0,0,0.0,
2023-06-29 18:44:51,"Legs",38m,"Standing Calf Raise (Machine)",2,90.0,10.0,0,0.0,
2023-06-29 18:44:51,"Legs",38m,"Standing Calf Raise (Machine)",3,90.0,10.0,0,0.0,
2023-06-29 18:44:51,"Legs",38m,"Standing Calf Raise (Dumbbell)",1,25.0,10.0,0,0.0,
2023-07-02 09:09:18,"Push",1h 8m,"Bench Press (Barbell)",1,135.0,10.0,0,0.0,
2023-07-02 09:09:18,"Push",1h 8m,"Bench Press (Barbell)",2,135.0,10.0,0,0.0,
2023-07-02 09:09:18,"Push",1h 8m,"Bench Press (Barbell)",3,135.0,10.0,0,0.0,
2023-07-02 09:09:18,"Push",1h 8m,"Triceps Pushdown (Cable - Straight Bar)",1,20.0,10.0,0,0.0,
2023-07-02 09:09:18,"Push",1h 8m,"Triceps Pushdown (Cable - Straight Bar)",2,20.0,10.0,0,0.0,
2023-07-02 09:09:18,"Push",1h 8m,"Triceps Pushdown (Cable - Straight Bar)",3,20.0,10.0,0,0.0,
2023-07-02 09:09:18,"Push",1h 8m,"Triceps Pushdown (Cable - Straight Bar)",4,20.0,10.0,0,0.0,
2023-07-02 09:09:18,"Push",1h 8m,"Shoulder Press (Machine)",1,45.0,10.0,0,0.0,
2023-07-02 09:09:18,"Push",1h 8m,"Shoulder Press (Machine)",2,45.0,10.0,0,0.0,
2023-07-02 09:09:18,"Push",1h 8m,"Shoulder Press (Machine)",3,45.0,10.0,0,0.0,
2023-07-03 17:12:16,"Pull",29m,"Bicep Curl (Dumbbell)",1,70.0,8.0,0,0.0,
2023-07-03 17:12:16,"Pull",29m,"Bicep Curl (Dumbbell)",2,55.0,10.0,0,0.0,
2023-07-03 17:12:16,"Pull",29m,"Bicep Curl (Dumbbell)",3,70.0,5.0,0,0.0,
2023-07-03 17:12:16,"Pull",29m,"Hammer Curl (Dumbbell)",1,55.0,10.0,0,0.0,
2023-07-03 17:12:16,"Pull",29m,"Hammer Curl (Dumbbell)",2,55.0,10.0,0,0.0,
2023-07-03 17:12:16,"Pull",29m,"Hammer Curl (Dumbbell)",3,55.0,10.0,0,0.0,
2023-07-03 17:12:16,"Pull",29m,"Pull Up",1,0.0,5.0,0,0.0,
2023-07-03 17:12:16,"Pull",29m,"Pull Up",2,0.0,4.0,0,0.0,
2023-07-03 17:12:16,"Pull",29m,"Pull Up",3,0.0,5.0,0,0.0,
2023-07-03 17:12:16,"Pull",29m,"Bent Over One Arm Row (Dumbbell)",1,45.0,10.0,0,0.0,
2023-07-03 17:12:16,"Pull",29m,"Bent Over One Arm Row (Dumbbell)",2,45.0,10.0,0,0.0,
2023-07-03 17:12:16,"Pull",29m,"Bent Over One Arm Row (Dumbbell)",3,45.0,10.0,0,0.0,
2023-07-04 09:43:28,"Legs",21m,"Romanian Deadlift (Barbell)",1,205.0,5.0,0,0.0,
2023-07-04 09:43:28,"Legs",21m,"Romanian Deadlift (Barbell)",2,185.0,10.0,0,0.0,
2023-07-04 09:43:28,"Legs",21m,"Squat (Barbell)",1,115.0,10.0,0,0.0,
2023-07-04 09:43:28,"Legs",21m,"Squat (Barbell)",2,120.0,6.0,0,0.0,
2023-07-05 16:02:27,"Pull",45m,"Bicep Curl (Dumbbell)",1,60.0,10.0,0,0.0,
2023-07-05 16:02:27,"Pull",45m,"Bicep Curl (Dumbbell)",2,60.0,10.0,0,0.0,
2023-07-05 16:02:27,"Pull",45m,"Bicep Curl (Dumbbell)",3,60.0,10.0,0,0.0,
2023-07-05 16:02:27,"Pull",45m,"Hammer Curl (Dumbbell)",1,60.0,10.0,0,0.0,
2023-07-05 16:02:27,"Pull",45m,"Hammer Curl (Dumbbell)",2,60.0,10.0,0,0.0,
2023-07-05 16:02:27,"Pull",45m,"Hammer Curl (Dumbbell)",3,60.0,10.0,0,0.0,
2023-07-05 16:02:27,"Pull",45m,"Preacher Curl (Machine)",1,55.0,10.0,0,0.0,
2023-07-05 16:02:27,"Pull",45m,"Preacher Curl (Machine)",2,55.0,10.0,0,0.0,
2023-07-05 16:02:27,"Pull",45m,"Preacher Curl (Machine)",3,55.0,10.0,0,0.0,
2023-07-05 16:02:27,"Pull",45m,"Pull Up",1,0.0,5.0,0,0.0,
2023-07-05 16:02:27,"Pull",45m,"Pull Up",2,0.0,5.0,0,0.0,
2023-07-05 16:02:27,"Pull",45m,"Pull Up",3,0.0,5.0,0,0.0,
2023-07-05 16:02:27,"Pull",45m,"Bent Over One Arm Row (Dumbbell)",1,50.0,10.0,0,0.0,
2023-07-05 16:02:27,"Pull",45m,"Bent Over One Arm Row (Dumbbell)",2,50.0,10.0,0,0.0,
2023-07-05 16:02:27,"Pull",45m,"Bent Over One Arm Row (Dumbbell)",3,50.0,10.0,0,0.0,
2023-07-11 13:03:26,"Push",45m,"Bench Press (Barbell)",1,135.0,7.0,0,0.0,
2023-07-11 13:03:26,"Push",45m,"Bench Press (Barbell)",2,135.0,6.0,0,0.0,
2023-07-11 13:03:26,"Push",45m,"Bench Press (Barbell)",3,135.0,5.0,0,0.0,
2023-07-11 13:03:26,"Push",45m,"Bench Press (Barbell)",4,115.0,8.0,0,0.0,
2023-07-11 13:03:26,"Push",45m,"Incline Bench Press (Dumbbell)",1,90.0,10.0,0,0.0,
2023-07-11 13:03:26,"Push",45m,"Incline Bench Press (Dumbbell)",2,90.0,6.0,0,0.0,
2023-07-11 13:03:26,"Push",45m,"Incline Bench Press (Dumbbell)",3,90.0,7.0,0,0.0,
2023-07-11 13:03:26,"Push",45m,"Chest Press (Band)",1,55.0,10.0,0,0.0,
2023-07-11 13:03:26,"Push",45m,"Chest Press (Band)",2,55.0,10.0,0,0.0,
2023-07-11 13:03:26,"Push",45m,"Chest Press (Band)",3,55.0,10.0,0,0.0,
2023-07-11 13:03:26,"Push",45m,"Shoulder Press (Machine)",1,45.0,10.0,0,0.0,
2023-07-11 13:03:26,"Push",45m,"Shoulder Press (Machine)",2,45.0,10.0,0,0.0,
2023-07-11 13:03:26,"Push",45m,"Shoulder Press (Machine)",3,45.0,10.0,0,0.0,
2023-07-11 13:03:26,"Push",45m,"Seated Overhead Press (Dumbbell)",1,70.0,5.0,0,0.0,
2023-07-11 13:03:26,"Push",45m,"Seated Overhead Press (Dumbbell)",2,70.0,4.0,0,0.0,
2023-07-11 13:03:26,"Push",45m,"Seated Overhead Press (Dumbbell)",3,70.0,6.0,0,0.0,
2023-07-11 13:03:26,"Push",45m,"Triceps Pushdown (Cable - Straight Bar)",1,22.5,10.0,0,0.0,
2023-07-11 13:03:26,"Push",45m,"Triceps Pushdown (Cable - Straight Bar)",2,22.5,10.0,0,0.0,
2023-07-11 13:03:26,"Push",45m,"Triceps Pushdown (Cable - Straight Bar)",3,22.5,10.0,0,0.0,
2023-07-11 13:03:26,"Push",45m,"Triceps Extension (Cable)",1,17.5,10.0,0,0.0,
2023-07-11 13:03:26,"Push",45m,"Triceps Extension (Cable)",2,15.0,10.0,0,0.0,
2023-07-11 13:03:26,"Push",45m,"Triceps Extension (Cable)",3,15.0,10.0,0,0.0,
2023-07-13 13:13:46,"Legs",38m,"Romanian Deadlift (Barbell)",1,205.0,6.0,0,0.0,
2023-07-13 13:13:46,"Legs",38m,"Romanian Deadlift (Barbell)",2,185.0,7.0,0,0.0,
2023-07-13 13:13:46,"Legs",38m,"Squat (Barbell)",1,120.0,10.0,0,0.0,
2023-07-13 13:13:46,"Legs",38m,"Squat (Barbell)",2,120.0,9.0,0,0.0,
2023-07-13 13:13:46,"Legs",38m,"Squat (Barbell)",3,135.0,4.0,0,0.0,
2023-07-13 13:13:46,"Legs",38m,"Leg Extension (Machine)",1,65.0,10.0,0,0.0,
2023-07-13 13:13:46,"Legs",38m,"Leg Extension (Machine)",2,85.0,7.0,0,0.0,
2023-07-13 13:13:46,"Legs",38m,"Leg Extension (Machine)",3,80.0,7.0,0,0.0,
2023-07-13 13:13:46,"Legs",38m,"Standing Calf Raise (Machine)",1,90.0,10.0,0,0.0,
2023-07-13 13:13:46,"Legs",38m,"Standing Calf Raise (Machine)",2,90.0,10.0,0,0.0,
2023-07-13 13:13:46,"Legs",38m,"Standing Calf Raise (Machine)",3,90.0,10.0,0,0.0,
2023-07-15 11:58:56,"Pull",39m,"Bicep Curl (Dumbbell)",1,60.0,10.0,0,0.0,
2023-07-15 11:58:56,"Pull",39m,"Bicep Curl (Dumbbell)",2,60.0,10.0,0,0.0,
2023-07-15 11:58:56,"Pull",39m,"Bicep Curl (Dumbbell)",3,60.0,10.0,0,0.0,
2023-07-15 11:58:56,"Pull",39m,"Hammer Curl (Dumbbell)",1,60.0,10.0,0,0.0,
2023-07-15 11:58:56,"Pull",39m,"Hammer Curl (Dumbbell)",2,50.0,10.0,0,0.0,
2023-07-15 11:58:56,"Pull",39m,"Hammer Curl (Dumbbell)",3,50.0,10.0,0,0.0,
2023-07-15 11:58:56,"Pull",39m,"Preacher Curl (Machine)",1,45.0,10.0,0,0.0,
2023-07-15 11:58:56,"Pull",39m,"Preacher Curl (Machine)",2,45.0,10.0,0,0.0,
2023-07-15 11:58:56,"Pull",39m,"Preacher Curl (Machine)",3,45.0,6.0,0,0.0,
2023-07-15 11:58:56,"Pull",39m,"Pull Up",1,0.0,10.0,0,0.0,
2023-07-15 11:58:56,"Pull",39m,"Pull Up",2,0.0,8.0,0,0.0,
2023-07-15 11:58:56,"Pull",39m,"Pull Up",3,0.0,5.0,0,0.0,
2023-07-15 11:58:56,"Pull",39m,"Bent Over One Arm Row (Dumbbell)",1,50.0,6.0,0,0.0,
2023-07-15 11:58:56,"Pull",39m,"Bent Over One Arm Row (Dumbbell)",2,45.0,10.0,0,0.0,
2023-07-15 11:58:56,"Pull",39m,"Bent Over One Arm Row (Dumbbell)",3,45.0,10.0,0,0.0,
2023-07-15 11:58:56,"Pull",39m,"Seated Row (Cable)",1,47.5,10.0,0,0.0,
2023-07-15 11:58:56,"Pull",39m,"Seated Row (Cable)",2,47.5,10.0,0,0.0,
2023-07-15 11:58:56,"Pull",39m,"Seated Row (Cable)",3,47.5,10.0,0,0.0,
2023-07-16 11:59:57,"Push",53m,"Bench Press (Barbell)",1,135.0,8.0,0,0.0,
2023-07-16 11:59:57,"Push",53m,"Bench Press (Barbell)",2,135.0,4.0,0,0.0,
2023-07-16 11:59:57,"Push",53m,"Bench Press (Barbell)",3,125.0,7.0,0,0.0,
2023-07-16 11:59:57,"Push",53m,"Bench Press (Barbell)",4,115.0,8.0,0,0.0,
2023-07-16 11:59:57,"Push",53m,"Incline Bench Press (Dumbbell)",1,80.0,10.0,0,0.0,
2023-07-16 11:59:57,"Push",53m,"Incline Bench Press (Dumbbell)",2,80.0,10.0,0,0.0,
2023-07-16 11:59:57,"Push",53m,"Incline Bench Press (Dumbbell)",3,80.0,10.0,0,0.0,
2023-07-16 11:59:57,"Push",53m,"Shoulder Press (Plate Loaded)",1,120.0,10.0,0,0.0,
2023-07-16 11:59:57,"Push",53m,"Shoulder Press (Plate Loaded)",2,120.0,4.0,0,0.0,
2023-07-16 11:59:57,"Push",53m,"Shoulder Press (Plate Loaded)",3,70.0,10.0,0,0.0,
2023-07-16 11:59:57,"Push",53m,"Lateral Raise (Cable)",1,15.0,10.0,0,0.0,
2023-07-16 11:59:57,"Push",53m,"Lateral Raise (Cable)",2,15.0,10.0,0,0.0,
2023-07-16 11:59:57,"Push",53m,"Lateral Raise (Cable)",3,15.0,10.0,0,0.0,
2023-07-16 11:59:57,"Push",53m,"Triceps Pushdown (Cable - Straight Bar)",1,40.0,10.0,0,0.0,
2023-07-16 11:59:57,"Push",53m,"Triceps Pushdown (Cable - Straight Bar)",2,50.0,7.0,0,0.0,
2023-07-16 11:59:57,"Push",53m,"Triceps Pushdown (Cable - Straight Bar)",3,40.0,10.0,0,0.0,
2023-07-16 11:59:57,"Push",53m,"Triceps Extension (Cable)",1,30.0,10.0,0,0.0,
2023-07-21 13:08:19,"Legs",19m,"Romanian Deadlift (Barbell)",1,185.0,10.0,0,0.0,
2023-07-21 13:08:19,"Legs",19m,"Romanian Deadlift (Barbell)",2,185.0,10.0,0,0.0,
2023-07-21 13:08:19,"Legs",19m,"Romanian Deadlift (Barbell)",3,185.0,10.0,0,0.0,
2023-07-21 13:08:19,"Legs",19m,"Squat (Barbell)",1,135.0,8.0,0,0.0,
2023-07-21 13:08:19,"Legs",19m,"Squat (Barbell)",2,135.0,4.0,0,0.0,
2023-07-21 13:08:19,"Legs",19m,"Squat (Barbell)",3,135.0,4.0,0,0.0,
2023-07-23 12:23:17,"Pull",1h 1m,"Preacher Curl (Machine)",1,55.0,10.0,0,0.0,
2023-07-23 12:23:17,"Pull",1h 1m,"Preacher Curl (Machine)",2,55.0,10.0,0,0.0,
2023-07-23 12:23:17,"Pull",1h 1m,"Preacher Curl (Machine)",3,55.0,10.0,0,0.0,
2023-07-23 12:23:17,"Pull",1h 1m,"Lat Pulldown (Cable)",1,100.0,10.0,0,0.0,
2023-07-23 12:23:17,"Pull",1h 1m,"Lat Pulldown (Cable)",2,100.0,10.0,0,0.0,
2023-07-23 12:23:17,"Pull",1h 1m,"Lat Pulldown (Cable)",3,115.0,10.0,0,0.0,
2023-07-23 12:23:17,"Pull",1h 1m,"Pull Up",1,0.0,10.0,0,0.0,
2023-07-23 12:23:17,"Pull",1h 1m,"Pull Up",2,0.0,10.0,0,0.0,
2023-07-23 12:23:17,"Pull",1h 1m,"Pull Up",3,0.0,10.0,0,0.0,
2023-07-23 12:23:17,"Pull",1h 1m,"Pull Up",4,0.0,10.0,0,0.0,
2023-07-23 12:23:17,"Pull",1h 1m,"T Bar Row",1,45.0,10.0,0,0.0,
2023-07-23 12:23:17,"Pull",1h 1m,"T Bar Row",2,70.0,10.0,0,0.0,
2023-07-23 12:23:17,"Pull",1h 1m,"T Bar Row",3,45.0,10.0,0,0.0,
2023-07-23 12:23:17,"Pull",1h 1m,"T Bar Row",4,45.0,10.0,0,0.0,
2023-07-25 13:08:03,"Push",53m,"Bench Press (Barbell)",1,135.0,9.0,0,0.0,
2023-07-25 13:08:03,"Push",53m,"Bench Press (Barbell)",2,145.0,2.0,0,0.0,
2023-07-25 13:08:03,"Push",53m,"Bench Press (Barbell)",3,135.0,6.0,0,0.0,
2023-07-25 13:08:03,"Push",53m,"Bench Press (Barbell)",4,115.0,10.0,0,0.0,
2023-07-25 13:08:03,"Push",53m,"Incline Bench Press (Dumbbell)",1,80.0,10.0,0,0.0,
2023-07-25 13:08:03,"Push",53m,"Incline Bench Press (Dumbbell)",2,80.0,9.0,0,0.0,
2023-07-25 13:08:03,"Push",53m,"Incline Bench Press (Dumbbell)",3,80.0,9.0,0,0.0,
2023-07-25 13:08:03,"Push",53m,"Chest Fly",1,100.0,10.0,0,0.0,
2023-07-25 13:08:03,"Push",53m,"Chest Fly",2,100.0,10.0,0,0.0,
2023-07-25 13:08:03,"Push",53m,"Chest Fly",3,100.0,10.0,0,0.0,
2023-07-25 13:08:03,"Push",53m,"Shoulder Press (Machine)",1,50.0,8.0,0,0.0,
2023-07-25 13:08:03,"Push",53m,"Shoulder Press (Machine)",2,50.0,6.0,0,0.0,
2023-07-25 13:08:03,"Push",53m,"Shoulder Press (Machine)",3,45.0,6.0,0,0.0,
2023-07-25 13:08:03,"Push",53m,"Lateral Raise (Cable)",1,17.5,10.0,0,0.0,
2023-07-25 13:08:03,"Push",53m,"Lateral Raise (Cable)",2,17.5,10.0,0,0.0,
2023-07-25 13:08:03,"Push",53m,"Lateral Raise (Cable)",3,17.5,10.0,0,0.0,
2023-07-25 13:08:03,"Push",53m,"Triceps Pushdown (Cable - Straight Bar)",1,45.0,10.0,0,0.0,
2023-07-25 13:08:03,"Push",53m,"Triceps Pushdown (Cable - Straight Bar)",2,40.0,10.0,0,0.0,
2023-07-25 13:08:03,"Push",53m,"Triceps Pushdown (Cable - Straight Bar)",3,40.0,10.0,0,0.0,
2023-07-25 13:08:03,"Push",53m,"Triceps Extension (Cable)",1,30.0,10.0,0,0.0,
2023-07-25 13:08:03,"Push",53m,"Triceps Extension (Cable)",2,30.0,10.0,0,0.0,
2023-07-26 14:19:48,"Legs",30m,"Romanian Deadlift (Barbell)",1,205.0,10.0,0,0.0,
2023-07-26 14:19:48,"Legs",30m,"Romanian Deadlift (Barbell)",2,205.0,8.0,0,0.0,
2023-07-26 14:19:48,"Legs",30m,"Romanian Deadlift (Barbell)",3,205.0,7.0,0,0.0,
2023-07-26 14:19:48,"Legs",30m,"Squat (Barbell)",1,135.0,10.0,0,0.0,
2023-07-26 14:19:48,"Legs",30m,"Squat (Barbell)",2,135.0,6.0,0,0.0,
2023-07-26 14:19:48,"Legs",30m,"Squat (Barbell)",3,135.0,4.0,0,0.0,
2023-07-26 14:19:48,"Legs",30m,"Seated Calf Raise (Plate Loaded)",1,80.0,10.0,0,0.0,
2023-07-26 14:19:48,"Legs",30m,"Seated Calf Raise (Plate Loaded)",2,80.0,10.0,0,0.0,
2023-07-26 14:19:48,"Legs",30m,"Seated Calf Raise (Plate Loaded)",3,80.0,10.0,0,0.0,
2023-07-27 13:01:28,"Pull",18m,"Bicep Curl (Dumbbell)",1,60.0,10.0,0,0.0,
2023-07-27 13:01:28,"Pull",18m,"Bicep Curl (Dumbbell)",2,60.0,10.0,0,0.0,
2023-07-27 13:01:28,"Pull",18m,"Bicep Curl (Dumbbell)",3,60.0,10.0,0,0.0,
2023-07-27 13:01:28,"Pull",18m,"Pull Up",1,0.0,10.0,0,0.0,
2023-07-27 13:01:28,"Pull",18m,"Pull Up",2,0.0,6.0,0,0.0,
2023-07-27 13:01:28,"Pull",18m,"Pull Up",3,0.0,4.0,0,0.0,
2023-07-27 13:01:28,"Pull",18m,"Bent Over One Arm Row (Dumbbell)",1,50.0,6.0,0,0.0,
2023-07-27 13:01:28,"Pull",18m,"Bent Over One Arm Row (Dumbbell)",2,50.0,10.0,0,0.0,
2023-07-29 15:18:14,"Push",52m,"Bench Press (Barbell)",1,135.0,10.0,0,0.0,
2023-07-29 15:18:14,"Push",52m,"Bench Press (Barbell)",2,145.0,3.0,0,0.0,
2023-07-29 15:18:14,"Push",52m,"Bench Press (Barbell)",3,135.0,6.0,0,0.0,
2023-07-29 15:18:14,"Push",52m,"Bench Press (Barbell)",4,135.0,5.0,0,0.0,
2023-07-29 15:18:14,"Push",52m,"Incline Bench Press (Dumbbell)",1,80.0,10.0,0,0.0,
2023-07-29 15:18:14,"Push",52m,"Incline Bench Press (Dumbbell)",2,80.0,10.0,0,0.0,
2023-07-29 15:18:14,"Push",52m,"Incline Bench Press (Dumbbell)",3,80.0,8.0,0,0.0,
2023-07-29 15:18:14,"Push",52m,"Chest Press (Band)",1,55.0,10.0,0,0.0,
2023-07-29 15:18:14,"Push",52m,"Chest Press (Band)",2,60.0,10.0,0,0.0,
2023-07-29 15:18:14,"Push",52m,"Chest Press (Band)",3,60.0,10.0,0,0.0,
2023-07-29 15:18:14,"Push",52m,"Shoulder Press (Plate Loaded)",1,110.0,8.0,0,0.0,
2023-07-29 15:18:14,"Push",52m,"Shoulder Press (Plate Loaded)",2,110.0,10.0,0,0.0,
2023-07-29 15:18:14,"Push",52m,"Shoulder Press (Plate Loaded)",3,110.0,7.0,0,0.0,
2023-07-29 15:18:14,"Push",52m,"Lateral Raise (Cable)",1,17.5,10.0,0,0.0,
2023-07-29 15:18:14,"Push",52m,"Lateral Raise (Cable)",2,22.5,10.0,0,0.0,
2023-07-29 15:18:14,"Push",52m,"Lateral Raise (Cable)",3,22.5,10.0,0,0.0,
2023-07-29 15:18:14,"Push",52m,"Triceps Pushdown (Cable - Straight Bar)",1,40.0,10.0,0,0.0,
2023-07-29 15:18:14,"Push",52m,"Triceps Pushdown (Cable - Straight Bar)",2,40.0,10.0,0,0.0,
2023-07-29 15:18:14,"Push",52m,"Triceps Pushdown (Cable - Straight Bar)",3,40.0,10.0,0,0.0,
2023-07-29 15:18:14,"Push",52m,"Triceps Extension (Cable)",1,30.0,9.0,0,0.0,
2023-07-29 15:18:14,"Push",52m,"Triceps Extension (Cable)",2,30.0,10.0,0,0.0,
2023-07-29 15:18:14,"Push",52m,"Triceps Extension (Cable)",3,30.0,10.0,0,0.0,
2023-08-01 13:12:58,"Pull",10m,"Bicep Curl (Dumbbell)",1,55.0,10.0,0,0.0,
2023-08-01 13:12:58,"Pull",10m,"Bicep Curl (Dumbbell)",2,60.0,10.0,0,0.0,
2023-08-01 13:12:58,"Pull",10m,"Bicep Curl (Dumbbell)",3,70.0,5.0,0,0.0,
2023-08-01 13:12:58,"Pull",10m,"Hammer Curl (Dumbbell)",1,70.0,4.0,0,0.0,
2023-08-07 13:14:48,"Legs",1h,"Hack Squat",1,135.0,10.0,0,0.0,
2023-08-07 13:14:48,"Legs",1h,"Hack Squat",2,135.0,10.0,0,0.0,
2023-08-07 13:14:48,"Legs",1h,"Hack Squat",3,135.0,10.0,0,0.0,
2023-08-07 13:14:48,"Legs",1h,"Hack Squat",4,190.0,1.0,0,0.0,
2023-08-07 13:14:48,"Legs",1h,"Leg Extension (Machine)",1,110.0,10.0,0,0.0,
2023-08-07 13:14:48,"Legs",1h,"Leg Extension (Machine)",2,110.0,6.0,0,0.0,
2023-08-07 13:14:48,"Legs",1h,"Leg Extension (Machine)",3,110.0,7.0,0,0.0,
2023-08-07 13:14:48,"Legs",1h,"Seated Calf Raise (Plate Loaded)",1,90.0,10.0,0,0.0,
2023-08-07 13:14:48,"Legs",1h,"Seated Calf Raise (Plate Loaded)",2,90.0,10.0,0,0.0,
2023-08-07 13:14:48,"Legs",1h,"Seated Calf Raise (Plate Loaded)",3,90.0,10.0,0,0.0,
2023-08-08 13:10:35,"Pull",10m,"Bicep Curl (Dumbbell)",1,50.0,10.0,0,0.0,
2023-08-08 13:10:35,"Pull",10m,"Bicep Curl (Dumbbell)",2,50.0,10.0,0,0.0,
2023-08-08 13:10:35,"Pull",10m,"Bicep Curl (Dumbbell)",3,50.0,10.0,0,0.0,
2023-08-08 13:10:35,"Pull",10m,"Pull Up",1,0.0,16.0,0,0.0,
2023-08-08 13:10:35,"Pull",10m,"Pull Up",2,0.0,5.0,0,0.0,
2023-08-08 13:10:35,"Pull",10m,"Pull Up",3,0.0,6.0,0,0.0,
2023-08-09 14:24:22,"Push",41m,"Bench Press (Barbell)",1,135.0,5.0,0,0.0,
2023-08-09 14:24:22,"Push",41m,"Bench Press (Barbell)",2,115.0,8.0,0,0.0,
2023-08-09 14:24:22,"Push",41m,"Bench Press (Barbell)",3,115.0,8.0,0,0.0,
2023-08-09 14:24:22,"Push",41m,"Bench Press (Barbell)",4,115.0,8.0,0,0.0,
2023-08-09 14:24:22,"Push",41m,"Incline Bench Press (Dumbbell)",1,70.0,10.0,0,0.0,
2023-08-09 14:24:22,"Push",41m,"Incline Bench Press (Dumbbell)",2,80.0,10.0,0,0.0,
2023-08-09 14:24:22,"Push",41m,"Incline Bench Press (Dumbbell)",3,80.0,10.0,0,0.0,
2023-08-09 14:24:22,"Push",41m,"Chest Press (Machine)",1,55.0,10.0,0,0.0,
2023-08-09 14:24:22,"Push",41m,"Chest Press (Machine)",2,55.0,10.0,0,0.0,
2023-08-09 14:24:22,"Push",41m,"Chest Press (Machine)",3,65.0,10.0,0,0.0,
2023-08-09 14:24:22,"Push",41m,"Shoulder Press (Plate Loaded)",1,110.0,10.0,0,0.0,
2023-08-09 14:24:22,"Push",41m,"Shoulder Press (Plate Loaded)",2,110.0,10.0,0,0.0,
2023-08-09 14:24:22,"Push",41m,"Shoulder Press (Plate Loaded)",3,110.0,10.0,0,0.0,
2023-08-09 14:24:22,"Push",41m,"Lateral Raise (Cable)",1,20.0,10.0,0,0.0,
2023-08-09 14:24:22,"Push",41m,"Lateral Raise (Cable)",2,25.0,10.0,0,0.0,
2023-08-09 14:24:22,"Push",41m,"Lateral Raise (Cable)",3,25.0,10.0,0,0.0,
2023-08-09 14:24:22,"Push",41m,"Triceps Pushdown (Cable - Straight Bar)",1,40.0,10.0,0,0.0,
2023-08-09 14:24:22,"Push",41m,"Triceps Pushdown (Cable - Straight Bar)",2,40.0,10.0,0,0.0,
2023-08-09 14:24:22,"Push",41m,"Triceps Pushdown (Cable - Straight Bar)",3,40.0,10.0,0,0.0,
2023-08-11 13:10:09,"Legs",13m,"Romanian Deadlift (Barbell)",1,225.0,5.0,0,0.0,
2023-08-11 13:10:09,"Legs",13m,"Romanian Deadlift (Barbell)",2,205.0,6.0,0,0.0,
2023-08-11 13:10:09,"Legs",13m,"Romanian Deadlift (Barbell)",3,205.0,5.0,0,0.0,
2023-08-11 13:10:09,"Legs",13m,"Hack Squat",1,135.0,10.0,0,0.0,
2023-08-11 13:10:09,"Legs",13m,"Hack Squat",2,155.0,6.0,0,0.0,
2023-08-12 08:47:48,"Pull",42m,"Bicep Curl (Dumbbell)",1,55.0,10.0,0,0.0,
2023-08-12 08:47:48,"Pull",42m,"Bicep Curl (Dumbbell)",2,60.0,10.0,0,0.0,
2023-08-12 08:47:48,"Pull",42m,"Bicep Curl (Dumbbell)",3,60.0,10.0,0,0.0,
2023-08-12 08:47:48,"Pull",42m,"Hammer Curl (Dumbbell)",1,60.0,10.0,0,0.0,
2023-08-12 08:47:48,"Pull",42m,"Hammer Curl (Dumbbell)",2,60.0,10.0,0,0.0,
2023-08-12 08:47:48,"Pull",42m,"Hammer Curl (Dumbbell)",3,55.0,10.0,0,0.0,
2023-08-12 08:47:48,"Pull",42m,"Preacher Curl (Machine)",1,55.0,10.0,0,0.0,
2023-08-12 08:47:48,"Pull",42m,"Pull Up",1,0.0,11.0,0,0.0,
2023-08-12 08:47:48,"Pull",42m,"Pull Up",2,0.0,7.0,0,0.0,
2023-08-12 08:47:48,"Pull",42m,"Pull Up",3,0.0,2.0,0,0.0,
2023-08-12 08:47:48,"Pull",42m,"Bent Over Row (Barbell)",1,115.0,5.0,0,0.0,
2023-08-12 08:47:48,"Pull",42m,"Bent Over Row (Barbell)",2,115.0,5.0,0,0.0,
2023-08-12 08:47:48,"Pull",42m,"Bent Over Row (Barbell)",3,115.0,5.0,0,0.0,
2023-08-12 08:47:48,"Pull",42m,"Bent Over One Arm Row (Dumbbell)",1,45.0,10.0,0,0.0,
2023-08-12 08:47:48,"Pull",42m,"Bent Over One Arm Row (Dumbbell)",2,45.0,10.0,0,0.0,
2023-08-12 08:47:48,"Pull",42m,"Bent Over One Arm Row (Dumbbell)",3,45.0,10.0,0,0.0,
2023-08-15 12:12:57,"Legs",1h 3m,"Hack Squat",1,135.0,8.0,0,0.0,
2023-08-15 12:12:57,"Legs",1h 3m,"Hack Squat",2,155.0,5.0,0,0.0,
2023-08-15 12:12:57,"Legs",1h 3m,"Hack Squat",3,155.0,6.0,0,0.0,
2023-08-15 12:12:57,"Legs",1h 3m,"Hack Squat",4,135.0,5.0,0,0.0,
2023-08-15 12:12:57,"Legs",1h 3m,"Leg Extension (Machine)",1,75.0,10.0,0,0.0,
2023-08-15 12:12:57,"Legs",1h 3m,"Leg Extension (Machine)",2,65.0,10.0,0,0.0,
2023-08-15 12:12:57,"Legs",1h 3m,"Leg Extension (Machine)",3,65.0,10.0,0,0.0,
2023-08-15 12:12:57,"Legs",1h 3m,"Seated Leg Curl (Machine)",1,75.0,10.0,0,0.0,
2023-08-15 12:12:57,"Legs",1h 3m,"Seated Leg Curl (Machine)",2,85.0,6.0,0,0.0,
2023-08-15 12:12:57,"Legs",1h 3m,"Seated Leg Curl (Machine)",3,80.0,4.0,0,0.0,
2023-08-15 12:12:57,"Legs",1h 3m,"Seated Calf Raise (Plate Loaded)",1,100.0,6.0,0,0.0,
2023-08-15 12:12:57,"Legs",1h 3m,"Seated Calf Raise (Plate Loaded)",2,90.0,10.0,0,0.0,
2023-08-15 12:12:57,"Legs",1h 3m,"Seated Calf Raise (Plate Loaded)",3,70.0,10.0,0,0.0,
2023-08-16 18:25:25,"Push",15m,"Bench Press (Barbell)",1,145.0,10.0,0,0.0,
2023-08-16 18:25:25,"Push",15m,"Bench Press (Barbell)",2,145.0,7.0,0,0.0,
2023-08-16 18:25:25,"Push",15m,"Chest Press (Band)",1,55.0,10.0,0,0.0,
2023-08-16 18:25:25,"Push",15m,"Chest Press (Band)",2,55.0,10.0,0,0.0,
2023-08-16 18:25:25,"Push",15m,"Chest Press (Band)",3,55.0,10.0,0,0.0,
2023-08-16 18:25:25,"Push",15m,"Triceps Pushdown (Cable - Straight Bar)",1,20.0,10.0,0,0.0,
2023-08-16 18:25:25,"Push",15m,"Triceps Pushdown (Cable - Straight Bar)",2,22.5,10.0,0,0.0,
2023-08-16 18:25:25,"Push",15m,"Triceps Pushdown (Cable - Straight Bar)",3,20.0,10.0,0,0.0,
2023-08-17 09:22:44,"Pull",34m,"Mid Row",1,145.0,10.0,0,0.0,
2023-08-17 09:22:44,"Pull",34m,"Mid Row",2,165.0,10.0,0,0.0,
2023-08-17 09:22:44,"Pull",34m,"Mid Row",3,165.0,10.0,0,0.0,
2023-08-17 09:22:44,"Pull",34m,"Bent Over Row (Barbell)",1,95.0,10.0,0,0.0,
2023-08-17 09:22:44,"Pull",34m,"Bent Over Row (Barbell)",2,115.0,10.0,0,0.0,
2023-08-17 09:22:44,"Pull",34m,"Bent Over Row (Barbell)",3,115.0,10.0,0,0.0,
2023-08-17 09:22:44,"Pull",34m,"Bent Over One Arm Row (Dumbbell)",1,40.0,10.0,0,0.0,
2023-08-17 09:22:44,"Pull",34m,"Bicep Curl (Dumbbell)",1,50.0,10.0,0,0.0,
2023-08-19 12:21:53,"Legs",30m,"Hack Squat",1,135.0,10.0,0,0.0,
2023-08-19 12:21:53,"Legs",30m,"Hack Squat",2,145.0,9.0,0,0.0,
2023-08-19 12:21:53,"Legs",30m,"Hack Squat",3,145.0,5.0,0,0.0,
2023-08-19 12:21:53,"Legs",30m,"Romanian Deadlift (Barbell)",1,185.0,8.0,0,0.0,
2023-08-19 12:21:53,"Legs",30m,"Romanian Deadlift (Barbell)",2,185.0,5.0,0,0.0,
2023-08-19 12:21:53,"Legs",30m,"Leg Extension (Machine)",1,100.0,9.0,0,0.0,
2023-08-19 12:21:53,"Legs",30m,"Leg Extension (Machine)",2,100.0,7.0,0,0.0,
2023-08-19 12:21:53,"Legs",30m,"Leg Extension (Machine)",3,100.0,8.0,0,0.0,
2023-08-19 12:21:53,"Legs",30m,"Standing Calf Raise (Machine)",1,90.0,10.0,0,0.0,
2023-08-21 09:17:08,"Chest + Tri",56m,"Bench Press (Barbell)",1,115.0,10.0,0,0.0,
2023-08-21 09:17:08,"Chest + Tri",56m,"Bench Press (Barbell)",2,125.0,7.0,0,0.0,
2023-08-21 09:17:08,"Chest + Tri",56m,"Bench Press (Barbell)",3,125.0,5.0,0,0.0,
2023-08-21 09:17:08,"Chest + Tri",56m,"Bench Press (Barbell)",4,115.0,7.0,0,0.0,
2023-08-21 09:17:08,"Chest + Tri",56m,"Cable Crossover",1,20.0,10.0,0,0.0,
2023-08-21 09:17:08,"Chest + Tri",56m,"Cable Crossover",2,26.0,10.0,0,0.0,
2023-08-21 09:17:08,"Chest + Tri",56m,"Cable Crossover",3,26.0,10.0,0,0.0,
2023-08-21 09:17:08,"Chest + Tri",56m,"Chest Pull Ups ",1,20.0,10.0,0,0.0,
2023-08-21 09:17:08,"Chest + Tri",56m,"Chest Pull Ups ",2,20.0,10.0,0,0.0,
2023-08-21 09:17:08,"Chest + Tri",56m,"Chest Pull Ups ",3,20.0,10.0,0,0.0,
2023-08-21 09:17:08,"Chest + Tri",56m,"Incline Bench Press (Dumbbell)",1,80.0,10.0,0,0.0,
2023-08-21 09:17:08,"Chest + Tri",56m,"Incline Bench Press (Dumbbell)",2,80.0,7.0,0,0.0,
2023-08-21 09:17:08,"Chest + Tri",56m,"Incline Bench Press (Dumbbell)",3,80.0,8.0,0,0.0,
2023-08-21 09:17:08,"Chest + Tri",56m,"Triceps Extension",1,10.0,10.0,0,0.0,
2023-08-21 09:17:08,"Chest + Tri",56m,"Triceps Extension",2,15.0,10.0,0,0.0,
2023-08-21 09:17:08,"Chest + Tri",56m,"Triceps Extension",3,15.0,10.0,0,0.0,
2023-08-21 09:17:08,"Chest + Tri",56m,"Triceps Extension (Cable)",1,30.0,10.0,0,0.0,
2023-08-21 09:17:08,"Chest + Tri",56m,"Triceps Extension (Cable)",2,25.0,10.0,0,0.0,
2023-08-21 09:17:08,"Chest + Tri",56m,"Triceps Extension (Cable)",3,25.0,10.0,0,0.0,
2023-08-23 16:37:32,"Shoulders And Forearms",44m,"Seated Overhead Press (Dumbbell)",1,80.0,10.0,0,0.0,
2023-08-23 16:37:32,"Shoulders And Forearms",44m,"Seated Overhead Press (Dumbbell)",2,80.0,7.0,0,0.0,
2023-08-23 16:37:32,"Shoulders And Forearms",44m,"Seated Overhead Press (Dumbbell)",3,80.0,8.0,0,0.0,
2023-08-23 16:37:32,"Shoulders And Forearms",44m,"Dirty Thirties",1,10.0,50.0,0,0.0,
2023-08-23 16:37:32,"Shoulders And Forearms",44m,"Dirty Thirties",2,10.0,50.0,0,0.0,
2023-08-23 16:37:32,"Shoulders And Forearms",44m,"Dirty Thirties",3,10.0,50.0,0,0.0,
2023-08-23 16:37:32,"Shoulders And Forearms",44m,"Lateral Raise (Cable)",1,10.0,10.0,0,0.0,
2023-08-23 16:37:32,"Shoulders And Forearms",44m,"Lateral Raise (Cable)",2,10.0,10.0,0,0.0,
2023-08-23 16:37:32,"Shoulders And Forearms",44m,"Reverse Curl (Dumbbell)",1,25.0,10.0,0,0.0,
2023-08-23 16:37:32,"Shoulders And Forearms",44m,"Reverse Curl (Dumbbell)",2,20.0,10.0,0,0.0,
2023-08-23 16:37:32,"Shoulders And Forearms",44m,"Reverse Curl (Dumbbell)",3,20.0,10.0,0,0.0,
2023-08-23 16:37:32,"Shoulders And Forearms",44m,"Behind The Back Curl",1,60.0,10.0,0,0.0,
2023-08-23 16:37:32,"Shoulders And Forearms",44m,"Behind The Back Curl",2,60.0,10.0,0,0.0,
2023-08-23 16:37:32,"Shoulders And Forearms",44m,"Behind The Back Curl",3,60.0,10.0,0,0.0,
2023-08-24 11:39:01,"Back And Bi",51m,"Bent Over Row (Barbell)",1,95.0,10.0,0,0.0,
2023-08-24 11:39:01,"Back And Bi",51m,"Bent Over Row (Barbell)",2,95.0,10.0,0,0.0,
2023-08-24 11:39:01,"Back And Bi",51m,"Bent Over Row (Barbell)",3,105.0,7.0,0,0.0,
2023-08-24 11:39:01,"Back And Bi",51m,"Seated Row (Cable)",1,47.5,10.0,0,0.0,
2023-08-24 11:39:01,"Back And Bi",51m,"Seated Row (Cable)",2,47.5,10.0,0,0.0,
2023-08-24 11:39:01,"Back And Bi",51m,"Seated Row (Cable)",3,47.5,10.0,0,0.0,
2023-08-24 11:39:01,"Back And Bi",51m,"Bent Over One Arm Row (Dumbbell)",1,40.0,10.0,0,0.0,
2023-08-24 11:39:01,"Back And Bi",51m,"Bent Over One Arm Row (Dumbbell)",2,40.0,10.0,0,0.0,
2023-08-24 11:39:01,"Back And Bi",51m,"Bent Over One Arm Row (Dumbbell)",3,40.0,10.0,0,0.0,
2023-08-24 11:39:01,"Back And Bi",51m,"Pull Up",1,10.0,5.0,0,0.0,
2023-08-24 11:39:01,"Back And Bi",51m,"Pull Up",2,10.0,3.0,0,0.0,
2023-08-24 11:39:01,"Back And Bi",51m,"Pull Up",3,0.0,5.0,0,0.0,
2023-08-24 11:39:01,"Back And Bi",51m,"Bicep Curl (Dumbbell)",1,55.0,10.0,0,0.0,
2023-08-24 11:39:01,"Back And Bi",51m,"Bicep Curl (Dumbbell)",2,55.0,5.0,0,0.0,
2023-08-24 11:39:01,"Back And Bi",51m,"Bicep Curl (Dumbbell)",3,55.0,4.0,0,0.0,
2023-08-24 11:39:01,"Back And Bi",51m,"Hammer Curl (Dumbbell)",1,55.0,8.0,0,0.0,
2023-08-24 11:39:01,"Back And Bi",51m,"Hammer Curl (Dumbbell)",2,50.0,8.0,0,0.0,
2023-08-24 11:39:01,"Back And Bi",51m,"Hammer Curl (Dumbbell)",3,50.0,8.0,0,0.0,
2023-08-25 11:08:43,"Legs",31m,"Hack Squat",1,145.0,10.0,0,0.0,
2023-08-25 11:08:43,"Legs",31m,"Hack Squat",2,145.0,7.0,0,0.0,
2023-08-25 11:08:43,"Legs",31m,"Hack Squat",3,145.0,5.0,0,0.0,
2023-08-25 11:08:43,"Legs",31m,"Leg Extension (Machine)",1,75.0,7.0,0,0.0,
2023-08-25 11:08:43,"Legs",31m,"Leg Extension (Machine)",2,75.0,6.0,0,0.0,
2023-08-25 11:08:43,"Legs",31m,"Leg Extension (Machine)",3,65.0,6.0,0,0.0,
2023-08-25 11:08:43,"Legs",31m,"Seated Leg Curl (Machine)",1,75.0,10.0,0,0.0,
2023-08-25 11:08:43,"Legs",31m,"Seated Leg Curl (Machine)",2,75.0,10.0,0,0.0,
2023-08-25 11:08:43,"Legs",31m,"Standing Calf Raise (Machine)",1,100.0,10.0,0,0.0,
2023-08-25 11:08:43,"Legs",31m,"Standing Calf Raise (Machine)",2,100.0,10.0,0,0.0,
2023-08-25 11:08:43,"Legs",31m,"Standing Calf Raise (Machine)",3,100.0,10.0,0,0.0,
2023-08-28 15:57:24,"Chest + Tri",24m,"Bench Press (Barbell)",1,115.0,10.0,0,0.0,
2023-08-28 15:57:24,"Chest + Tri",24m,"Bench Press (Barbell)",2,115.0,7.0,0,0.0,
2023-08-28 15:57:24,"Chest + Tri",24m,"Bench Press (Barbell)",3,115.0,5.0,0,0.0,
2023-08-28 15:57:24,"Chest + Tri",24m,"Incline Bench Press (Dumbbell)",1,90.0,7.0,0,0.0,
2023-08-28 15:57:24,"Chest + Tri",24m,"Incline Bench Press (Dumbbell)",2,90.0,6.0,0,0.0,
2023-08-28 15:57:24,"Chest + Tri",24m,"Triceps Extension",1,15.0,10.0,0,0.0,
2023-08-28 15:57:24,"Chest + Tri",24m,"Triceps Extension",2,15.0,10.0,0,0.0,
2023-08-28 15:57:24,"Chest + Tri",24m,"Triceps Extension",3,15.0,10.0,0,0.0,
2023-08-28 15:57:24,"Chest + Tri",24m,"Triceps Extension (Cable)",1,30.0,10.0,0,0.0,
2023-08-28 15:57:24,"Chest + Tri",24m,"Triceps Extension (Cable)",2,30.0,10.0,0,0.0,
2023-08-28 15:57:24,"Chest + Tri",24m,"Triceps Extension (Cable)",3,30.0,10.0,0,0.0,
2023-08-31 08:02:14,"Shoulders And Forearms",40m,"Seated Overhead Press (Dumbbell)",1,80.0,9.0,0,0.0,
2023-08-31 08:02:14,"Shoulders And Forearms",40m,"Seated Overhead Press (Dumbbell)",2,80.0,6.0,0,0.0,
2023-08-31 08:02:14,"Shoulders And Forearms",40m,"Seated Overhead Press (Dumbbell)",3,80.0,6.0,0,0.0,
2023-08-31 08:02:14,"Shoulders And Forearms",40m,"Lateral Raise (Machine)",1,45.0,5.0,0,0.0,
2023-08-31 08:02:14,"Shoulders And Forearms",40m,"Lateral Raise (Machine)",2,35.0,10.0,0,0.0,
2023-08-31 08:02:14,"Shoulders And Forearms",40m,"Lateral Raise (Machine)",3,35.0,10.0,0,0.0,
2023-08-31 08:02:14,"Shoulders And Forearms",40m,"Dirty Thirties",1,10.0,50.0,0,0.0,
2023-08-31 08:02:14,"Shoulders And Forearms",40m,"Behind The Back Curl",1,60.0,10.0,0,0.0,
2023-08-31 08:02:14,"Shoulders And Forearms",40m,"Behind The Back Curl",2,60.0,10.0,0,0.0,
2023-08-31 08:02:14,"Shoulders And Forearms",40m,"Behind The Back Curl",3,60.0,10.0,0,0.0,
2023-08-31 08:02:14,"Shoulders And Forearms",40m,"Reverse Curl (Barbell)",1,30.0,10.0,0,0.0,
2023-08-31 08:02:14,"Shoulders And Forearms",40m,"Reverse Curl (Barbell)",2,30.0,10.0,0,0.0,
2023-08-31 08:02:14,"Shoulders And Forearms",40m,"Reverse Curl (Barbell)",3,30.0,10.0,0,0.0,
2023-09-02 09:28:50,"Back And Bi",33m,"Bent Over Row (Barbell)",1,95.0,10.0,0,0.0,
2023-09-02 09:28:50,"Back And Bi",33m,"Bent Over Row (Barbell)",2,105.0,10.0,0,0.0,
2023-09-02 09:28:50,"Back And Bi",33m,"Bent Over Row (Barbell)",3,105.0,10.0,0,0.0,
2023-09-02 09:28:50,"Back And Bi",33m,"Seated Row (Cable)",1,50.0,10.0,0,0.0,
2023-09-02 09:28:50,"Back And Bi",33m,"Seated Row (Cable)",2,50.0,10.0,0,0.0,
2023-09-02 09:28:50,"Back And Bi",33m,"Seated Row (Cable)",3,50.0,10.0,0,0.0,
2023-09-02 09:28:50,"Back And Bi",33m,"Bicep Curl (Dumbbell)",1,55.0,10.0,0,0.0,
2023-09-02 09:28:50,"Back And Bi",33m,"Bicep Curl (Dumbbell)",2,55.0,10.0,0,0.0,
2023-09-02 09:28:50,"Back And Bi",33m,"Bicep Curl (Dumbbell)",3,55.0,10.0,0,0.0,
2023-09-02 09:28:50,"Back And Bi",33m,"Hammer Curl (Dumbbell)",1,55.0,10.0,0,0.0,
2023-09-02 09:28:50,"Back And Bi",33m,"Hammer Curl (Dumbbell)",2,55.0,10.0,0,0.0,
2023-09-02 09:28:50,"Back And Bi",33m,"Hammer Curl (Dumbbell)",3,55.0,6.0,0,0.0,
2023-09-04 10:11:22,"Legs",46m,"Hack Squat",1,145.0,6.0,0,0.0,
2023-09-04 10:11:22,"Legs",46m,"Hack Squat",2,135.0,10.0,0,0.0,
2023-09-04 10:11:22,"Legs",46m,"Hack Squat",3,135.0,5.0,0,0.0,
2023-09-04 10:11:22,"Legs",46m,"Leg Extension (Machine)",1,100.0,10.0,0,0.0,
2023-09-04 10:11:22,"Legs",46m,"Leg Extension (Machine)",2,100.0,9.0,0,0.0,
2023-09-04 10:11:22,"Legs",46m,"Leg Extension (Machine)",3,100.0,6.0,0,0.0,
2023-09-04 10:11:22,"Legs",46m,"Seated Leg Curl (Machine)",1,75.0,10.0,0,0.0,
2023-09-04 10:11:22,"Legs",46m,"Seated Leg Curl (Machine)",2,80.0,9.0,0,0.0,
2023-09-04 10:11:22,"Legs",46m,"Seated Leg Curl (Machine)",3,80.0,9.0,0,0.0,
2023-09-04 10:11:22,"Legs",46m,"Seated Calf Raise (Plate Loaded)",1,45.0,10.0,0,0.0,
2023-09-04 10:11:22,"Legs",46m,"Seated Calf Raise (Plate Loaded)",2,45.0,10.0,0,0.0,
2023-09-04 10:11:22,"Legs",46m,"Seated Calf Raise (Plate Loaded)",3,45.0,10.0,0,0.0,
2023-09-07 11:13:06,"Chest + Tri",1h 3m,"Bench Press (Barbell)",1,115.0,10.0,0,0.0,
2023-09-07 11:13:06,"Chest + Tri",1h 3m,"Bench Press (Barbell)",2,125.0,8.0,0,0.0,
2023-09-07 11:13:06,"Chest + Tri",1h 3m,"Bench Press (Barbell)",3,135.0,4.0,0,0.0,
2023-09-07 11:13:06,"Chest + Tri",1h 3m,"Bench Press (Barbell)",4,135.0,3.0,0,0.0,
2023-09-07 11:13:06,"Chest + Tri",1h 3m,"Cable Crossover",1,23.0,10.0,0,0.0,
2023-09-07 11:13:06,"Chest + Tri",1h 3m,"Cable Crossover",2,23.0,10.0,0,0.0,
2023-09-07 11:13:06,"Chest + Tri",1h 3m,"Cable Crossover",3,23.0,10.0,0,0.0,
2023-09-07 11:13:06,"Chest + Tri",1h 3m,"Chest Pull Ups ",1,17.0,10.0,0,0.0,
2023-09-07 11:13:06,"Chest + Tri",1h 3m,"Chest Pull Ups ",2,17.0,10.0,0,0.0,
2023-09-07 11:13:06,"Chest + Tri",1h 3m,"Chest Pull Ups ",3,17.0,10.0,0,0.0,
2023-09-07 11:13:06,"Chest + Tri",1h 3m,"Incline Bench Press (Dumbbell)",1,90.0,9.0,0,0.0,
2023-09-07 11:13:06,"Chest + Tri",1h 3m,"Incline Bench Press (Dumbbell)",2,90.0,8.0,0,0.0,
2023-09-07 11:13:06,"Chest + Tri",1h 3m,"Incline Bench Press (Dumbbell)",3,90.0,7.0,0,0.0,
2023-09-07 11:13:06,"Chest + Tri",1h 3m,"Triceps Extension",1,15.0,10.0,0,0.0,
2023-09-07 11:13:06,"Chest + Tri",1h 3m,"Triceps Extension",2,15.0,10.0,0,0.0,
2023-09-07 11:13:06,"Chest + Tri",1h 3m,"Triceps Extension",3,15.0,10.0,0,0.0,
2023-09-07 11:13:06,"Chest + Tri",1h 3m,"Triceps Extension (Cable)",1,30.0,10.0,0,0.0,
2023-09-07 11:13:06,"Chest + Tri",1h 3m,"Triceps Extension (Cable)",2,30.0,10.0,0,0.0,
2023-09-07 11:13:06,"Chest + Tri",1h 3m,"Triceps Extension (Cable)",3,30.0,10.0,0,0.0,
2023-09-08 11:59:19,"Shoulder And Forearms",44m,"Seated Overhead Press (Dumbbell)",1,80.0,10.0,0,0.0,
2023-09-08 11:59:19,"Shoulder And Forearms",44m,"Seated Overhead Press (Dumbbell)",2,90.0,9.0,0,0.0,
2023-09-08 11:59:19,"Shoulder And Forearms",44m,"Seated Overhead Press (Dumbbell)",3,100.0,5.0,0,0.0,
2023-09-08 11:59:19,"Shoulder And Forearms",44m,"Lateral Raise (Machine)",1,35.0,10.0,0,0.0,
2023-09-08 11:59:19,"Shoulder And Forearms",44m,"Lateral Raise (Machine)",2,40.0,10.0,0,0.0,
2023-09-08 11:59:19,"Shoulder And Forearms",44m,"Lateral Raise (Machine)",3,40.0,10.0,0,0.0,
2023-09-08 11:59:19,"Shoulder And Forearms",44m,"Dirty Thirties",1,10.0,50.0,0,0.0,
2023-09-08 11:59:19,"Shoulder And Forearms",44m,"Dirty Thirties",2,10.0,50.0,0,0.0,
2023-09-08 11:59:19,"Shoulder And Forearms",44m,"Dirty Thirties",3,10.0,50.0,0,0.0,
2023-09-08 11:59:19,"Shoulder And Forearms",44m,"Reverse Curl (Dumbbell)",1,25.0,10.0,0,0.0,
2023-09-08 11:59:19,"Shoulder And Forearms",44m,"Reverse Curl (Dumbbell)",2,25.0,10.0,0,0.0,
2023-09-08 11:59:19,"Shoulder And Forearms",44m,"Reverse Curl (Dumbbell)",3,25.0,10.0,0,0.0,
2023-09-08 11:59:19,"Shoulder And Forearms",44m,"Behind The Back Curl",1,65.0,10.0,0,0.0,
2023-09-08 11:59:19,"Shoulder And Forearms",44m,"Behind The Back Curl",2,65.0,10.0,0,0.0,
2023-09-08 11:59:19,"Shoulder And Forearms",44m,"Behind The Back Curl",3,65.0,10.0,0,0.0,
2023-09-12 12:53:05,"Back And Bi",46m,"Bent Over Row (Barbell)",1,115.0,10.0,0,0.0,
2023-09-12 12:53:05,"Back And Bi",46m,"Bent Over Row (Barbell)",2,115.0,8.0,0,0.0,
2023-09-12 12:53:05,"Back And Bi",46m,"Bent Over Row (Barbell)",3,115.0,10.0,0,0.0,
2023-09-12 12:53:05,"Back And Bi",46m,"Seated Row (Cable)",1,50.0,10.0,0,0.0,
2023-09-12 12:53:05,"Back And Bi",46m,"Seated Row (Cable)",2,50.0,10.0,0,0.0,
2023-09-12 12:53:05,"Back And Bi",46m,"Seated Row (Cable)",3,50.0,10.0,0,0.0,
2023-09-12 12:53:05,"Back And Bi",46m,"Pull Up",1,10.0,5.0,0,0.0,
2023-09-12 12:53:05,"Back And Bi",46m,"Pull Up",2,10.0,3.0,0,0.0,
2023-09-12 12:53:05,"Back And Bi",46m,"Pull Up",3,0.0,5.0,0,0.0,
2023-09-12 12:53:05,"Back And Bi",46m,"Bicep Curl (Dumbbell)",1,55.0,10.0,0,0.0,
2023-09-12 12:53:05,"Back And Bi",46m,"Bicep Curl (Dumbbell)",2,55.0,10.0,0,0.0,
2023-09-12 12:53:05,"Back And Bi",46m,"Bicep Curl (Dumbbell)",3,55.0,10.0,0,0.0,
2023-09-12 12:53:05,"Back And Bi",46m,"Hammer Curl (Dumbbell)",1,55.0,10.0,0,0.0,
2023-09-12 12:53:05,"Back And Bi",46m,"Hammer Curl (Dumbbell)",2,55.0,10.0,0,0.0,
2023-09-12 12:53:05,"Back And Bi",46m,"Hammer Curl (Dumbbell)",3,50.0,10.0,0,0.0,
2023-09-13 09:07:32,"Legs",13m,"Hack Squat",1,135.0,10.0,0,0.0,
2023-09-13 09:07:32,"Legs",13m,"Hack Squat",2,135.0,5.0,0,0.0,
2023-09-14 10:20:24,"Legs",49m,"Squat (Barbell)",1,135.0,10.0,0,0.0,
2023-09-14 10:20:24,"Legs",49m,"Romanian Deadlift (Barbell)",1,185.0,10.0,0,0.0,
2023-09-14 10:20:24,"Legs",49m,"Romanian Deadlift (Barbell)",2,185.0,7.0,0,0.0,
2023-09-14 10:20:24,"Legs",49m,"Leg Extension (Machine)",1,70.0,8.0,0,0.0,
2023-09-14 10:20:24,"Legs",49m,"Leg Extension (Machine)",2,70.0,10.0,0,0.0,
2023-09-14 10:20:24,"Legs",49m,"Leg Extension (Machine)",3,70.0,6.0,0,0.0,
2023-09-14 10:20:24,"Legs",49m,"Seated Leg Curl (Machine)",1,80.0,10.0,0,0.0,
2023-09-14 10:20:24,"Legs",49m,"Seated Leg Curl (Machine)",2,80.0,7.0,0,0.0,
2023-09-19 12:30:04,"Push",55m,"Bench Press (Dumbbell)",1,120.0,7.0,0,0.0,
2023-09-19 12:30:04,"Push",55m,"Bench Press (Dumbbell)",2,120.0,6.0,0,0.0,
2023-09-19 12:30:04,"Push",55m,"Bench Press (Dumbbell)",3,120.0,5.0,0,0.0,
2023-09-19 12:30:04,"Push",55m,"Bench Press (Dumbbell)",4,120.0,3.0,0,0.0,
2023-09-19 12:30:04,"Push",55m,"Incline Bench Press (Dumbbell)",1,90.0,9.0,0,0.0,
2023-09-19 12:30:04,"Push",55m,"Incline Bench Press (Dumbbell)",2,90.0,8.0,0,0.0,
2023-09-19 12:30:04,"Push",55m,"Incline Bench Press (Dumbbell)",3,90.0,7.0,0,0.0,
2023-09-19 12:30:04,"Push",55m,"Shoulder Press (Machine)",1,90.0,10.0,0,0.0,
2023-09-19 12:30:04,"Push",55m,"Shoulder Press (Machine)",2,90.0,10.0,0,0.0,
2023-09-19 12:30:04,"Push",55m,"Shoulder Press (Machine)",3,90.0,10.0,0,0.0,
2023-09-20 12:55:49,"Back And Bi",1h 2m,"Bent Over Row (Barbell)",1,115.0,8.0,0,0.0,
2023-09-20 12:55:49,"Back And Bi",1h 2m,"Bent Over Row (Barbell)",2,115.0,8.0,0,0.0,
2023-09-20 12:55:49,"Back And Bi",1h 2m,"Bent Over Row (Barbell)",3,115.0,6.0,0,0.0,
2023-09-20 12:55:49,"Back And Bi",1h 2m,"Lat Pulldown (Cable)",1,50.0,10.0,0,0.0,
2023-09-20 12:55:49,"Back And Bi",1h 2m,"Lat Pulldown (Cable)",2,50.0,10.0,0,0.0,
2023-09-20 12:55:49,"Back And Bi",1h 2m,"Lat Pulldown (Cable)",3,50.0,10.0,0,0.0,
2023-09-20 12:55:49,"Back And Bi",1h 2m,"Face Pull (Cable)",1,35.0,10.0,0,0.0,
2023-09-20 12:55:49,"Back And Bi",1h 2m,"Face Pull (Cable)",2,35.0,10.0,0,0.0,
2023-09-20 12:55:49,"Back And Bi",1h 2m,"Face Pull (Cable)",3,35.0,10.0,0,0.0,
2023-09-20 12:55:49,"Back And Bi",1h 2m,"Bicep Curl (Dumbbell)",1,55.0,10.0,0,0.0,
2023-09-20 12:55:49,"Back And Bi",1h 2m,"Bicep Curl (Dumbbell)",2,55.0,10.0,0,0.0,
2023-09-20 12:55:49,"Back And Bi",1h 2m,"Bicep Curl (Dumbbell)",3,55.0,9.0,0,0.0,
2023-09-20 12:55:49,"Back And Bi",1h 2m,"Hammer Curl (Dumbbell)",1,60.0,7.0,0,0.0,
2023-09-20 12:55:49,"Back And Bi",1h 2m,"Hammer Curl (Dumbbell)",2,50.0,10.0,0,0.0,
2023-09-20 12:55:49,"Back And Bi",1h 2m,"Hammer Curl (Dumbbell)",3,50.0,10.0,0,0.0,
2023-09-22 11:17:30,"Legs",35m,"Squat (Barbell)",1,135.0,10.0,0,0.0,
2023-09-22 11:17:30,"Legs",35m,"Squat (Barbell)",2,135.0,7.0,0,0.0,
2023-09-22 11:17:30,"Legs",35m,"Squat (Barbell)",3,135.0,5.0,0,0.0,
2023-09-22 11:17:30,"Legs",35m,"Leg Extension (Machine)",1,70.0,10.0,0,0.0,
2023-09-22 11:17:30,"Legs",35m,"Leg Extension (Machine)",2,80.0,10.0,0,0.0,
2023-09-22 11:17:30,"Legs",35m,"Leg Extension (Machine)",3,80.0,10.0,0,0.0,
2023-09-22 11:17:30,"Legs",35m,"Seated Leg Curl (Machine)",1,90.0,10.0,0,0.0,
2023-09-22 11:17:30,"Legs",35m,"Seated Leg Curl (Machine)",2,90.0,10.0,0,0.0,
2023-09-22 11:17:30,"Legs",35m,"Seated Leg Curl (Machine)",3,90.0,10.0,0,0.0,
2023-09-22 11:17:30,"Legs",35m,"Standing Calf Raise (Dumbbell)",1,25.0,10.0,0,0.0,
2023-09-22 11:17:30,"Legs",35m,"Standing Calf Raise (Dumbbell)",2,25.0,10.0,0,0.0,
2023-09-22 11:17:30,"Legs",35m,"Standing Calf Raise (Dumbbell)",3,25.0,10.0,0,0.0,
2023-09-22 11:17:30,"Legs",35m,"Seated Calf Raise (Plate Loaded)",1,90.0,10.0,0,0.0,
2023-09-22 11:17:30,"Legs",35m,"Seated Calf Raise (Plate Loaded)",2,90.0,10.0,0,0.0,
2023-09-23 18:44:08,"Chest + Tri",1h 1m,"Bench Press (Barbell)",1,135.0,8.0,0,0.0,
2023-09-23 18:44:08,"Chest + Tri",1h 1m,"Bench Press (Barbell)",2,135.0,4.0,0,0.0,
2023-09-23 18:44:08,"Chest + Tri",1h 1m,"Bench Press (Barbell)",3,115.0,8.0,0,0.0,
2023-09-23 18:44:08,"Chest + Tri",1h 1m,"Cable Crossover",1,20.0,10.0,0,0.0,
2023-09-23 18:44:08,"Chest + Tri",1h 1m,"Cable Crossover",2,20.0,10.0,0,0.0,
2023-09-23 18:44:08,"Chest + Tri",1h 1m,"Cable Crossover",3,20.0,10.0,0,0.0,
2023-09-23 18:44:08,"Chest + Tri",1h 1m,"Chest Pull Ups ",1,20.0,10.0,0,0.0,
2023-09-23 18:44:08,"Chest + Tri",1h 1m,"Chest Pull Ups ",2,20.0,10.0,0,0.0,
2023-09-23 18:44:08,"Chest + Tri",1h 1m,"Chest Pull Ups ",3,20.0,10.0,0,0.0,
2023-09-23 18:44:08,"Chest + Tri",1h 1m,"Incline Bench Press (Dumbbell)",1,90.0,10.0,0,0.0,
2023-09-23 18:44:08,"Chest + Tri",1h 1m,"Incline Bench Press (Dumbbell)",2,90.0,10.0,0,0.0,
2023-09-23 18:44:08,"Chest + Tri",1h 1m,"Triceps Extension",1,15.0,10.0,0,0.0,
2023-09-23 18:44:08,"Chest + Tri",1h 1m,"Triceps Extension",2,15.0,10.0,0,0.0,
2023-09-23 18:44:08,"Chest + Tri",1h 1m,"Triceps Extension (Cable)",1,30.0,10.0,0,0.0,
2023-09-23 18:44:08,"Chest + Tri",1h 1m,"Triceps Extension (Cable)",2,30.0,10.0,0,0.0,
2023-09-24 20:43:07,"Shoulders And Forearms",33m,"Seated Overhead Press (Dumbbell)",1,90.0,10.0,0,0.0,
2023-09-24 20:43:07,"Shoulders And Forearms",33m,"Seated Overhead Press (Dumbbell)",2,90.0,10.0,0,0.0,
2023-09-24 20:43:07,"Shoulders And Forearms",33m,"Seated Overhead Press (Dumbbell)",3,90.0,10.0,0,0.0,
2023-09-24 20:43:07,"Shoulders And Forearms",33m,"Lateral Raise (Machine)",1,50.0,10.0,0,0.0,
2023-09-24 20:43:07,"Shoulders And Forearms",33m,"Lateral Raise (Machine)",2,50.0,10.0,0,0.0,
2023-09-24 20:43:07,"Shoulders And Forearms",33m,"Lateral Raise (Machine)",3,50.0,10.0,0,0.0,
2023-09-24 20:43:07,"Shoulders And Forearms",33m,"Dirty Thirties",1,10.0,50.0,0,0.0,
2023-09-24 20:43:07,"Shoulders And Forearms",33m,"Dirty Thirties",2,10.0,50.0,0,0.0,
2023-09-24 20:43:07,"Shoulders And Forearms",33m,"Dirty Thirties",3,10.0,50.0,0,0.0,
2023-09-25 15:38:59,"Back And Bi",39m,"Bent Over Row (Barbell)",1,115.0,10.0,0,0.0,
2023-09-25 15:38:59,"Back And Bi",39m,"Bent Over Row (Barbell)",2,115.0,10.0,0,0.0,
2023-09-25 15:38:59,"Back And Bi",39m,"Bent Over Row (Barbell)",3,115.0,10.0,0,0.0,
2023-09-25 15:38:59,"Back And Bi",39m,"Seated Row (Cable)",1,50.0,10.0,0,0.0,
2023-09-25 15:38:59,"Back And Bi",39m,"Seated Row (Cable)",2,50.0,10.0,0,0.0,
2023-09-25 15:38:59,"Back And Bi",39m,"Seated Row (Cable)",3,50.0,10.0,0,0.0,
2023-09-25 15:38:59,"Back And Bi",39m,"Bent Over One Arm Row (Dumbbell)",1,40.0,10.0,0,0.0,
2023-09-25 15:38:59,"Back And Bi",39m,"Bent Over One Arm Row (Dumbbell)",2,40.0,10.0,0,0.0,
2023-09-25 15:38:59,"Back And Bi",39m,"Bent Over One Arm Row (Dumbbell)",3,40.0,10.0,0,0.0,
2023-09-25 15:38:59,"Back And Bi",39m,"Bicep Curl (Dumbbell)",1,55.0,10.0,0,0.0,
2023-09-25 15:38:59,"Back And Bi",39m,"Bicep Curl (Dumbbell)",2,60.0,10.0,0,0.0,
2023-09-25 15:38:59,"Back And Bi",39m,"Bicep Curl (Dumbbell)",3,60.0,6.0,0,0.0,
2023-09-25 15:38:59,"Back And Bi",39m,"Hammer Curl (Dumbbell)",1,55.0,10.0,0,0.0,
2023-09-25 15:38:59,"Back And Bi",39m,"Hammer Curl (Dumbbell)",2,55.0,10.0,0,0.0,
2023-09-25 15:38:59,"Back And Bi",39m,"Hammer Curl (Dumbbell)",3,55.0,10.0,0,0.0,
2023-09-26 16:21:50,"Legs",48m,"Squat (Barbell)",1,135.0,10.0,0,0.0,
2023-09-26 16:21:50,"Legs",48m,"Squat (Barbell)",2,155.0,4.0,0,0.0,
2023-09-26 16:21:50,"Legs",48m,"Squat (Barbell)",3,140.0,10.0,0,0.0,
2023-09-26 16:21:50,"Legs",48m,"Deadlift (Barbell)",1,205.0,10.0,0,0.0,
2023-09-26 16:21:50,"Legs",48m,"Deadlift (Barbell)",2,205.0,7.0,0,0.0,
2023-09-26 16:21:50,"Legs",48m,"Deadlift (Barbell)",3,205.0,6.0,0,0.0,
2023-09-26 16:21:50,"Legs",48m,"Lying Leg Curl (Machine)",1,50.0,10.0,0,0.0,
2023-09-26 16:21:50,"Legs",48m,"Lying Leg Curl (Machine)",2,50.0,10.0,0,0.0,
2023-09-26 16:21:50,"Legs",48m,"Lying Leg Curl (Machine)",3,50.0,10.0,0,0.0,
2023-09-26 16:21:50,"Legs",48m,"Leg Extension (Machine)",1,70.0,10.0,0,0.0,
2023-09-26 16:21:50,"Legs",48m,"Leg Extension (Machine)",2,70.0,10.0,0,0.0,
2023-09-26 16:21:50,"Legs",48m,"Leg Extension (Machine)",3,70.0,10.0,0,0.0,
2023-09-26 16:21:50,"Legs",48m,"Standing Calf Raise (Dumbbell)",1,35.0,10.0,0,0.0,
2023-09-26 16:21:50,"Legs",48m,"Standing Calf Raise (Dumbbell)",2,35.0,10.0,0,0.0,
2023-09-26 16:21:50,"Legs",48m,"Standing Calf Raise (Dumbbell)",3,35.0,10.0,0,0.0,
2023-09-26 16:21:50,"Legs",48m,"Seated Calf Raise (Plate Loaded)",1,50.0,10.0,0,0.0,
2023-09-26 16:21:50,"Legs",48m,"Seated Calf Raise (Plate Loaded)",2,50.0,10.0,0,0.0,
2023-09-26 16:21:50,"Legs",48m,"Seated Calf Raise (Plate Loaded)",3,50.0,10.0,0,0.0,
2023-09-27 07:42:19,"Chest + Tri",48m,"Bench Press (Barbell)",1,135.0,6.0,0,0.0,
2023-09-27 07:42:19,"Chest + Tri",48m,"Bench Press (Barbell)",2,125.0,10.0,0,0.0,
2023-09-27 07:42:19,"Chest + Tri",48m,"Bench Press (Barbell)",3,125.0,8.0,0,0.0,
2023-09-27 07:42:19,"Chest + Tri",48m,"Cable Crossover",1,25.0,10.0,0,0.0,
2023-09-27 07:42:19,"Chest + Tri",48m,"Cable Crossover",2,25.0,10.0,0,0.0,
2023-09-27 07:42:19,"Chest + Tri",48m,"Cable Crossover",3,25.0,10.0,0,0.0,
2023-09-27 07:42:19,"Chest + Tri",48m,"Chest Pull Ups ",1,25.0,10.0,0,0.0,
2023-09-27 07:42:19,"Chest + Tri",48m,"Chest Pull Ups ",2,25.0,10.0,0,0.0,
2023-09-27 07:42:19,"Chest + Tri",48m,"Incline Bench Press (Dumbbell)",1,90.0,10.0,0,0.0,
2023-09-27 07:42:19,"Chest + Tri",48m,"Incline Bench Press (Dumbbell)",2,90.0,5.0,0,0.0,
2023-09-27 07:42:19,"Chest + Tri",48m,"Incline Bench Press (Dumbbell)",3,90.0,8.0,0,0.0,
2023-09-27 07:42:19,"Chest + Tri",48m,"Triceps Pushdown (Cable - Straight Bar)",1,30.0,10.0,0,0.0,
2023-09-27 07:42:19,"Chest + Tri",48m,"Triceps Pushdown (Cable - Straight Bar)",2,42.5,10.0,0,0.0,
2023-09-27 07:42:19,"Chest + Tri",48m,"Triceps Extension (Cable)",1,32.5,10.0,0,0.0,
2023-09-28 16:09:27,"Back And Bi",32m,"Bicep Curl (Dumbbell)",1,60.0,10.0,0,0.0,
2023-09-28 16:09:27,"Back And Bi",32m,"Bicep Curl (Dumbbell)",2,60.0,9.0,0,0.0,
2023-09-28 16:09:27,"Back And Bi",32m,"Bicep Curl (Dumbbell)",3,60.0,10.0,0,0.0,
2023-09-28 16:09:27,"Back And Bi",32m,"Hammer Curl (Dumbbell)",1,60.0,8.0,0,0.0,
2023-09-28 16:09:27,"Back And Bi",32m,"Hammer Curl (Dumbbell)",2,60.0,10.0,0,0.0,
2023-09-28 16:09:27,"Back And Bi",32m,"Hammer Curl (Dumbbell)",3,60.0,10.0,0,0.0,
2023-09-28 16:09:27,"Back And Bi",32m,"Pull Up",1,0.0,8.0,0,0.0,
2023-09-28 16:09:27,"Back And Bi",32m,"Pull Up",2,0.0,5.0,0,0.0,
2023-09-28 16:09:27,"Back And Bi",32m,"Pull Up",3,0.0,4.0,0,0.0,
2023-09-28 16:09:27,"Back And Bi",32m,"Bent Over Row (Barbell)",1,115.0,5.0,0,0.0,
2023-09-28 16:09:27,"Back And Bi",32m,"Bent Over Row (Barbell)",2,115.0,3.0,0,0.0,
2023-09-28 16:09:27,"Back And Bi",32m,"Seated Row (Cable)",1,50.0,10.0,0,0.0,
2023-09-28 16:09:27,"Back And Bi",32m,"Seated Row (Cable)",2,50.0,10.0,0,0.0,
2023-09-28 16:09:27,"Back And Bi",32m,"Seated Row (Cable)",3,50.0,10.0,0,0.0,
2023-09-29 15:46:35,"Shoulders And Forearms",16m,"Seated Overhead Press (Dumbbell)",1,90.0,10.0,0,0.0,
2023-09-29 15:46:35,"Shoulders And Forearms",16m,"Seated Overhead Press (Dumbbell)",2,100.0,7.0,0,0.0,
2023-09-29 15:46:35,"Shoulders And Forearms",16m,"Seated Overhead Press (Dumbbell)",3,100.0,7.0,0,0.0,
2023-09-29 15:46:35,"Shoulders And Forearms",16m,"Dirty Thirties",1,10.0,50.0,0,0.0,
2023-09-29 15:46:35,"Shoulders And Forearms",16m,"Reverse Curl (Barbell)",1,30.0,10.0,0,0.0,
2023-09-29 15:46:35,"Shoulders And Forearms",16m,"Reverse Curl (Barbell)",2,30.0,10.0,0,0.0,
2023-09-29 15:46:35,"Shoulders And Forearms",16m,"Reverse Curl (Barbell)",3,30.0,10.0,0,0.0,
2023-10-01 11:40:04,"Legs",46h 39m,"Deadlift (Barbell)",1,225.0,6.0,0,0.0,
2023-10-01 11:40:04,"Legs",46h 39m,"Deadlift (Barbell)",2,205.0,6.0,0,0.0,
2023-10-01 11:40:04,"Legs",46h 39m,"Deadlift (Barbell)",3,205.0,8.0,0,0.0,
2023-10-03 10:19:45,"Chest + Tri",56m,"Bench Press (Barbell)",1,155.0,5.0,0,0.0,
2023-10-03 10:19:45,"Chest + Tri",56m,"Bench Press (Barbell)",2,155.0,3.0,0,0.0,
2023-10-03 10:19:45,"Chest + Tri",56m,"Bench Press (Barbell)",3,135.0,7.0,0,0.0,
2023-10-03 10:19:45,"Chest + Tri",56m,"Cable Crossover",1,35.0,10.0,0,0.0,
2023-10-03 10:19:45,"Chest + Tri",56m,"Cable Crossover",2,45.0,10.0,0,0.0,
2023-10-03 10:19:45,"Chest + Tri",56m,"Cable Crossover",3,45.0,10.0,0,0.0,
2023-10-03 10:19:45,"Chest + Tri",56m,"Chest Pull Ups ",1,25.0,10.0,0,0.0,
2023-10-03 10:19:45,"Chest + Tri",56m,"Chest Pull Ups ",2,25.0,10.0,0,0.0,
2023-10-03 10:19:45,"Chest + Tri",56m,"Chest Pull Ups ",3,25.0,10.0,0,0.0,
2023-10-03 10:19:45,"Chest + Tri",56m,"Incline Bench Press (Dumbbell)",1,90.0,11.0,0,0.0,
2023-10-03 10:19:45,"Chest + Tri",56m,"Incline Bench Press (Dumbbell)",2,100.0,9.0,0,0.0,
2023-10-03 10:19:45,"Chest + Tri",56m,"Incline Bench Press (Dumbbell)",3,100.0,7.0,0,0.0,
2023-10-03 10:19:45,"Chest + Tri",56m,"Triceps Extension",1,15.0,10.0,0,0.0,
2023-10-03 10:19:45,"Chest + Tri",56m,"Triceps Extension",2,20.0,10.0,0,0.0,
2023-10-03 10:19:45,"Chest + Tri",56m,"Triceps Extension",3,20.0,10.0,0,0.0,
2023-10-03 10:19:45,"Chest + Tri",56m,"Triceps Extension (Cable)",1,35.0,10.0,0,0.0,
2023-10-03 10:19:45,"Chest + Tri",56m,"Triceps Extension (Cable)",2,32.5,10.0,0,0.0,
2023-10-03 10:19:45,"Chest + Tri",56m,"Triceps Extension (Cable)",3,32.5,10.0,0,0.0,
2023-10-04 07:16:23,"Shoulders And Forearms",28m,"Seated Overhead Press (Dumbbell)",1,100.0,5.0,0,0.0,
2023-10-04 07:16:23,"Shoulders And Forearms",28m,"Seated Overhead Press (Dumbbell)",2,100.0,6.0,0,0.0,
2023-10-04 07:16:23,"Shoulders And Forearms",28m,"Seated Overhead Press (Dumbbell)",3,100.0,4.0,0,0.0,
2023-10-04 07:16:23,"Shoulders And Forearms",28m,"Lateral Raise (Cable)",1,15.0,10.0,0,0.0,
2023-10-04 07:16:23,"Shoulders And Forearms",28m,"Lateral Raise (Cable)",2,15.0,10.0,0,0.0,
2023-10-04 07:16:23,"Shoulders And Forearms",28m,"Lateral Raise (Cable)",3,15.0,10.0,0,0.0,
2023-10-04 07:16:23,"Shoulders And Forearms",28m,"Reverse Curl (Barbell)",1,70.0,10.0,0,0.0,
2023-10-04 07:16:23,"Shoulders And Forearms",28m,"Reverse Curl (Barbell)",2,70.0,10.0,0,0.0,
2023-10-04 07:16:23,"Shoulders And Forearms",28m,"Reverse Curl (Barbell)",3,70.0,10.0,0,0.0,
2023-10-05 16:07:04,"Back And Bi",23m,"Bent Over Row (Barbell)",1,135.0,5.0,0,0.0,
2023-10-05 16:07:04,"Back And Bi",23m,"Bent Over Row (Barbell)",2,135.0,3.0,0,0.0,
2023-10-05 16:07:04,"Back And Bi",23m,"Bicep Curl (Dumbbell)",1,60.0,10.0,0,0.0,
2023-10-05 16:07:04,"Back And Bi",23m,"Bicep Curl (Dumbbell)",2,60.0,10.0,0,0.0,
2023-10-05 16:07:04,"Back And Bi",23m,"Bicep Curl (Dumbbell)",3,70.0,5.0,0,0.0,
2023-10-05 16:07:04,"Back And Bi",23m,"Hammer Curl (Dumbbell)",1,60.0,10.0,0,0.0,
2023-10-05 16:07:04,"Back And Bi",23m,"Hammer Curl (Dumbbell)",2,60.0,9.0,0,0.0,
2023-10-05 16:07:04,"Back And Bi",23m,"Hammer Curl (Dumbbell)",3,60.0,8.0,0,0.0,
2023-10-05 16:07:04,"Back And Bi",23m,"Pull Up",1,0,13.0,0,0.0,
2023-10-07 10:27:46,"Legs",59m,"Squat (Barbell)",1,145.0,5.0,0,0.0,
2023-10-07 10:27:46,"Legs",59m,"Squat (Barbell)",2,140.0,7.0,0,0.0,
2023-10-07 10:27:46,"Legs",59m,"Squat (Barbell)",3,135.0,5.0,0,0.0,
2023-10-07 10:27:46,"Legs",59m,"Deadlift (Barbell)",1,205.0,10.0,0,0.0,
2023-10-07 10:27:46,"Legs",59m,"Deadlift (Barbell)",2,205.0,7.0,0,0.0,
2023-10-07 10:27:46,"Legs",59m,"Deadlift (Barbell)",3,205.0,3.0,0,0.0,
2023-10-07 10:27:46,"Legs",59m,"Leg Extension (Machine)",1,100.0,10.0,0,0.0,
2023-10-07 10:27:46,"Legs",59m,"Leg Extension (Machine)",2,110.0,10.0,0,0.0,
2023-10-07 10:27:46,"Legs",59m,"Leg Extension (Machine)",3,110.0,10.0,0,0.0,
2023-10-07 10:27:46,"Legs",59m,"Seated Leg Curl (Machine)",1,110.0,10.0,0,0.0,
2023-10-07 10:27:46,"Legs",59m,"Seated Leg Curl (Machine)",2,120.0,10.0,0,0.0,
2023-10-07 10:27:46,"Legs",59m,"Seated Leg Curl (Machine)",3,120.0,10.0,0,0.0,
2023-10-07 10:27:46,"Legs",59m,"Standing Calf Raise (Dumbbell)",1,35.0,10.0,0,0.0,
2023-10-07 10:27:46,"Legs",59m,"Standing Calf Raise (Dumbbell)",2,35.0,10.0,0,0.0,
2023-10-07 10:27:46,"Legs",59m,"Standing Calf Raise (Dumbbell)",3,35.0,10.0,0,0.0,
2023-10-07 10:27:46,"Legs",59m,"Seated Calf Raise (Plate Loaded)",1,70.0,10.0,0,0.0,
2023-10-07 10:27:46,"Legs",59m,"Seated Calf Raise (Plate Loaded)",2,70.0,10.0,0,0.0,
2023-10-07 10:27:46,"Legs",59m,"Seated Calf Raise (Plate Loaded)",3,70.0,10.0,0,0.0,
2023-10-08 08:39:26,"Push",1h 15m,"Incline Bench Press (Dumbbell)",1,100.0,10.0,0,0.0,
2023-10-08 08:39:26,"Push",1h 15m,"Incline Bench Press (Dumbbell)",2,100.0,10.0,0,0.0,
2023-10-08 08:39:26,"Push",1h 15m,"Incline Bench Press (Dumbbell)",3,100.0,10.0,0,0.0,
2023-10-08 08:39:26,"Push",1h 15m,"Bench Press (Barbell)",1,135.0,10.0,0,0.0,
2023-10-08 08:39:26,"Push",1h 15m,"Bench Press (Barbell)",2,135.0,8.0,0,0.0,
2023-10-08 08:39:26,"Push",1h 15m,"Bench Press (Barbell)",3,135.0,5.0,0,0.0,
2023-10-08 08:39:26,"Push",1h 15m,"Bench Press (Barbell)",4,135.0,3.0,0,0.0,
2023-10-08 08:39:26,"Push",1h 15m,"Triceps Extension",1,42.5,10.0,0,0.0,
2023-10-08 08:39:26,"Push",1h 15m,"Triceps Extension",2,42.5,10.0,0,0.0,
2023-10-08 08:39:26,"Push",1h 15m,"Triceps Extension",3,42.5,10.0,0,0.0,
2023-10-08 08:39:26,"Push",1h 15m,"Triceps Extension (Cable)",1,35.0,10.0,0,0.0,
2023-10-08 08:39:26,"Push",1h 15m,"Triceps Extension (Cable)",2,35.0,10.0,0,0.0,
2023-10-08 08:39:26,"Push",1h 15m,"Triceps Extension (Cable)",3,35.0,10.0,0,0.0,
2023-10-08 08:39:26,"Push",1h 15m,"Lateral Raise (Cable)",1,10.0,10.0,0,0.0,
2023-10-08 08:39:26,"Push",1h 15m,"Lateral Raise (Cable)",2,10.0,10.0,0,0.0,
2023-10-08 08:39:26,"Push",1h 15m,"Lateral Raise (Cable)",3,10.0,10.0,0,0.0,
2023-10-08 08:39:26,"Push",1h 15m,"Seated Overhead Press (Dumbbell)",1,90.0,10.0,0,0.0,
2023-10-08 08:39:26,"Push",1h 15m,"Seated Overhead Press (Dumbbell)",2,90.0,10.0,0,0.0,
2023-10-08 08:39:26,"Push",1h 15m,"Seated Overhead Press (Dumbbell)",3,90.0,10.0,0,0.0,
2023-10-09 12:15:32,"Back And Bi",45m,"Bent Over Row (Barbell)",1,135.0,8.0,0,0.0,
2023-10-09 12:15:32,"Back And Bi",45m,"Bent Over Row (Barbell)",2,135.0,5.0,0,0.0,
2023-10-09 12:15:32,"Back And Bi",45m,"Bent Over Row (Barbell)",3,135.0,4.0,0,0.0,
2023-10-09 12:15:32,"Back And Bi",45m,"Bent Over One Arm Row (Dumbbell)",1,40.0,10.0,0,0.0,
2023-10-09 12:15:32,"Back And Bi",45m,"Bent Over One Arm Row (Dumbbell)",2,45.0,10.0,0,0.0,
2023-10-09 12:15:32,"Back And Bi",45m,"Bent Over One Arm Row (Dumbbell)",3,50.0,10.0,0,0.0,
2023-10-09 12:15:32,"Back And Bi",45m,"Pull Up",1,0.0,10.0,0,0.0,
2023-10-09 12:15:32,"Back And Bi",45m,"Pull Up",2,10.0,7.0,0,0.0,
2023-10-09 12:15:32,"Back And Bi",45m,"Pull Up",3,0.0,10.0,0,0.0,
2023-10-09 12:15:32,"Back And Bi",45m,"Bicep Curl (Dumbbell)",1,70.0,10.0,0,0.0,
2023-10-09 12:15:32,"Back And Bi",45m,"Bicep Curl (Dumbbell)",2,70.0,8.0,0,0.0,
2023-10-09 12:15:32,"Back And Bi",45m,"Bicep Curl (Dumbbell)",3,70.0,5.0,0,0.0,
2023-10-09 12:15:32,"Back And Bi",45m,"Hammer Curl (Dumbbell)",1,60.0,10.0,0,0.0,
2023-10-09 12:15:32,"Back And Bi",45m,"Hammer Curl (Dumbbell)",2,60.0,8.0,0,0.0,
2023-10-09 12:15:32,"Back And Bi",45m,"Hammer Curl (Dumbbell)",3,60.0,6.0,0,0.0,
2023-10-10 10:53:05,"Legs",56m,"Squat (Barbell)",1,145.0,7.0,0,0.0,
2023-10-10 10:53:05,"Legs",56m,"Squat (Barbell)",2,145.0,5.0,0,0.0,
2023-10-10 10:53:05,"Legs",56m,"Squat (Barbell)",3,145.0,3.0,0,0.0,
2023-10-10 10:53:05,"Legs",56m,"Leg Extension (Machine)",1,90.0,10.0,0,0.0,
2023-10-10 10:53:05,"Legs",56m,"Leg Extension (Machine)",2,90.0,10.0,0,0.0,
2023-10-10 10:53:05,"Legs",56m,"Leg Extension (Machine)",3,90.0,10.0,0,0.0,
2023-10-10 10:53:05,"Legs",56m,"Seated Leg Curl (Machine)",1,110.0,10.0,0,0.0,
2023-10-10 10:53:05,"Legs",56m,"Seated Leg Curl (Machine)",2,110.0,10.0,0,0.0,
2023-10-10 10:53:05,"Legs",56m,"Seated Leg Curl (Machine)",3,110.0,10.0,0,0.0,
2023-10-10 10:53:05,"Legs",56m,"Standing Calf Raise (Dumbbell)",1,30.0,10.0,0,0.0,
2023-10-10 10:53:05,"Legs",56m,"Standing Calf Raise (Dumbbell)",2,30.0,10.0,0,0.0,
2023-10-10 10:53:05,"Legs",56m,"Standing Calf Raise (Dumbbell)",3,30.0,10.0,0,0.0,
2023-10-10 10:53:05,"Legs",56m,"Deadlift (Barbell)",1,225.0,7.0,0,0.0,
2023-10-10 10:53:05,"Legs",56m,"Deadlift (Barbell)",2,225.0,6.0,0,0.0,
2023-10-10 10:53:05,"Legs",56m,"Deadlift (Barbell)",3,225.0,4.0,0,0.0,
2023-10-11 14:58:41,"Shoulders And Forearms",15m,"Seated Overhead Press (Dumbbell)",1,100.0,9.0,0,0.0,
2023-10-11 14:58:41,"Shoulders And Forearms",15m,"Seated Overhead Press (Dumbbell)",2,100.0,10.0,0,0.0,
2023-10-11 14:58:41,"Shoulders And Forearms",15m,"Seated Overhead Press (Dumbbell)",3,100.0,8.0,0,0.0,
2023-10-11 14:58:41,"Shoulders And Forearms",15m,"Reverse Curl (Barbell)",1,85.0,10.0,0,0.0,
2023-10-11 14:58:41,"Shoulders And Forearms",15m,"Reverse Curl (Barbell)",2,85.0,10.0,0,0.0,
2023-10-11 14:58:41,"Shoulders And Forearms",15m,"Reverse Curl (Barbell)",3,85.0,10.0,0,0.0,
2023-10-12 16:31:22,"Chest + Tri",1h 5m,"Incline Bench Press (Dumbbell)",1,100.0,10.0,0,0.0,
2023-10-12 16:31:22,"Chest + Tri",1h 5m,"Incline Bench Press (Dumbbell)",2,110.0,9.0,0,0.0,
2023-10-12 16:31:22,"Chest + Tri",1h 5m,"Incline Bench Press (Dumbbell)",3,110.0,10.0,0,0.0,
2023-10-12 16:31:22,"Chest + Tri",1h 5m,"Bench Press (Barbell)",1,145.0,7.0,0,0.0,
2023-10-12 16:31:22,"Chest + Tri",1h 5m,"Bench Press (Barbell)",2,155.0,3.0,0,0.0,
2023-10-12 16:31:22,"Chest + Tri",1h 5m,"Bench Press (Barbell)",3,135.0,9.0,0,0.0,
2023-10-12 16:31:22,"Chest + Tri",1h 5m,"Bench Press (Barbell)",4,135.0,4.0,0,0.0,
2023-10-12 16:31:22,"Chest + Tri",1h 5m,"Chest Press (Machine)",1,110.0,10.0,0,0.0,
2023-10-12 16:31:22,"Chest + Tri",1h 5m,"Chest Press (Machine)",2,130.0,7.0,0,0.0,
2023-10-12 16:31:22,"Chest + Tri",1h 5m,"Chest Press (Machine)",3,110.0,9.0,0,0.0,
2023-10-12 16:31:22,"Chest + Tri",1h 5m,"Chest Fly",1,115.0,10.0,0,0.0,
2023-10-12 16:31:22,"Chest + Tri",1h 5m,"Chest Fly",2,115.0,10.0,0,0.0,
2023-10-12 16:31:22,"Chest + Tri",1h 5m,"Chest Fly",3,115.0,10.0,0,0.0,
2023-10-12 16:31:22,"Chest + Tri",1h 5m,"Triceps Extension",1,25.0,6.0,0,0.0,
2023-10-12 16:31:22,"Chest + Tri",1h 5m,"Triceps Extension",2,20.0,8.0,0,0.0,
2023-10-12 16:31:22,"Chest + Tri",1h 5m,"Triceps Extension",3,20.0,7.0,0,0.0,
2023-10-12 16:31:22,"Chest + Tri",1h 5m,"Triceps Extension (Cable)",1,35.0,10.0,0,0.0,
2023-10-12 16:31:22,"Chest + Tri",1h 5m,"Triceps Extension (Cable)",2,35.0,9.0,0,0.0,
2023-10-12 16:31:22,"Chest + Tri",1h 5m,"Triceps Extension (Cable)",3,35.0,8.0,0,0.0,
2023-10-13 17:47:40,"Back And Bi",1h 6m,"Seated Row (Cable)",1,50.0,10.0,0,0.0,
2023-10-13 17:47:40,"Back And Bi",1h 6m,"Seated Row (Cable)",2,60.0,10.0,0,0.0,
2023-10-13 17:47:40,"Back And Bi",1h 6m,"Seated Row (Cable)",3,70.0,10.0,0,0.0,
2023-10-13 17:47:40,"Back And Bi",1h 6m,"Seated Row (Cable)",4,70.0,8.0,0,0.0,
2023-10-13 17:47:40,"Back And Bi",1h 6m,"Bicep Curl (Machine)",1,90.0,10.0,0,0.0,
2023-10-13 17:47:40,"Back And Bi",1h 6m,"Bicep Curl (Machine)",2,90.0,10.0,0,0.0,
2023-10-13 17:47:40,"Back And Bi",1h 6m,"Bicep Curl (Machine)",3,90.0,10.0,0,0.0,
2023-10-13 17:47:40,"Back And Bi",1h 6m,"Bicep Curl (Cable)",1,37.5,10.0,0,0.0,
2023-10-13 17:47:40,"Back And Bi",1h 6m,"Bicep Curl (Cable)",2,37.5,10.0,0,0.0,
2023-10-13 17:47:40,"Back And Bi",1h 6m,"Bicep Curl (Cable)",3,37.5,10.0,0,0.0,
2023-10-15 09:28:12,"Legs",45m,"Squat (Barbell)",1,145.0,5.0,0,0.0,
2023-10-15 09:28:12,"Legs",45m,"Squat (Barbell)",2,135.0,5.0,0,0.0,
2023-10-15 09:28:12,"Legs",45m,"Squat (Barbell)",3,135.0,1.0,0,0.0,
2023-10-15 09:28:12,"Legs",45m,"Leg Extension (Machine)",1,90.0,7.0,0,0.0,
2023-10-15 09:28:12,"Legs",45m,"Leg Extension (Machine)",2,90.0,8.0,0,0.0,
2023-10-15 09:28:12,"Legs",45m,"Leg Extension (Machine)",3,90.0,7.0,0,0.0,
2023-10-15 09:28:12,"Legs",45m,"Seated Leg Curl (Machine)",1,110.0,10.0,0,0.0,
2023-10-15 09:28:12,"Legs",45m,"Seated Leg Curl (Machine)",2,110.0,5.0,0,0.0,
2023-10-15 09:28:12,"Legs",45m,"Seated Leg Curl (Machine)",3,110.0,5.0,0,0.0,
2023-10-15 09:28:12,"Legs",45m,"Seated Calf Raise (Plate Loaded)",1,70.0,10.0,0,0.0,
2023-10-15 09:28:12,"Legs",45m,"Seated Calf Raise (Plate Loaded)",2,70.0,10.0,0,0.0,
2023-10-15 09:28:12,"Legs",45m,"Seated Calf Raise (Plate Loaded)",3,70.0,10.0,0,0.0,
2023-10-16 17:30:11,"Chest + Tri",33m,"Incline Bench Press (Dumbbell)",1,80.0,9.0,0,0.0,
2023-10-16 17:30:11,"Chest + Tri",33m,"Incline Bench Press (Dumbbell)",2,90.0,9.0,0,0.0,
2023-10-16 17:30:11,"Chest + Tri",33m,"Incline Bench Press (Dumbbell)",3,90.0,10.0,0,0.0,
2023-10-16 17:30:11,"Chest + Tri",33m,"Bench Press (Barbell)",1,135.0,10.0,0,0.0,
2023-10-16 17:30:11,"Chest + Tri",33m,"Bench Press (Barbell)",2,155.0,5.0,0,0.0,
2023-10-16 17:30:11,"Chest + Tri",33m,"Bench Press (Barbell)",3,145.0,7.0,0,0.0,
2023-10-16 17:30:11,"Chest + Tri",33m,"Bench Press (Barbell)",4,135.0,5.0,0,0.0,
2023-10-16 17:30:11,"Chest + Tri",33m,"Triceps Extension",1,42.5,10.0,0,0.0,
2023-10-16 17:30:11,"Chest + Tri",33m,"Triceps Extension",2,47.5,10.0,0,0.0,
2023-10-16 17:30:11,"Chest + Tri",33m,"Triceps Extension",3,47.5,10.0,0,0.0,
2023-10-16 17:30:11,"Chest + Tri",33m,"Triceps Extension (Cable)",1,32.5,10.0,0,0.0,
2023-10-16 17:30:11,"Chest + Tri",33m,"Triceps Extension (Cable)",2,32.5,10.0,0,0.0,
2023-10-17 17:17:16,"Back And Bi",32m,"Bent Over Row (Barbell)",1,135.0,7.0,0,0.0,
2023-10-17 17:17:16,"Back And Bi",32m,"Bent Over Row (Barbell)",2,135.0,6.0,0,0.0,
2023-10-17 17:17:16,"Back And Bi",32m,"Bent Over Row (Barbell)",3,135.0,5.0,0,0.0,
2023-10-17 17:17:16,"Back And Bi",32m,"Seated Row (Cable)",1,60.0,10.0,0,0.0,
2023-10-17 17:17:16,"Back And Bi",32m,"Seated Row (Cable)",2,60.0,10.0,0,0.0,
2023-10-17 17:17:16,"Back And Bi",32m,"Bicep Curl (Dumbbell)",1,70.0,10.0,0,0.0,
2023-10-17 17:17:16,"Back And Bi",32m,"Bicep Curl (Dumbbell)",2,70.0,10.0,0,0.0,
2023-10-17 17:17:16,"Back And Bi",32m,"Bicep Curl (Dumbbell)",3,70.0,10.0,0,0.0,
2023-10-17 17:17:16,"Back And Bi",32m,"Hammer Curl (Dumbbell)",1,70.0,10.0,0,0.0,
2023-10-17 17:17:16,"Back And Bi",32m,"Hammer Curl (Dumbbell)",2,60.0,10.0,0,0.0,
2023-10-17 17:17:16,"Back And Bi",32m,"Hammer Curl (Dumbbell)",3,60.0,10.0,0,0.0,
2023-10-18 16:45:54,"Shoulders And Forearms",35m,"Lateral Raise (Machine)",1,50.0,10.0,0,0.0,
2023-10-18 16:45:54,"Shoulders And Forearms",35m,"Lateral Raise (Machine)",2,70.0,10.0,0,0.0,
2023-10-18 16:45:54,"Shoulders And Forearms",35m,"Lateral Raise (Machine)",3,65.0,10.0,0,0.0,
2023-10-18 16:45:54,"Shoulders And Forearms",35m,"Seated Overhead Press (Dumbbell)",1,90.0,9.0,0,0.0,
2023-10-18 16:45:54,"Shoulders And Forearms",35m,"Seated Overhead Press (Dumbbell)",2,90.0,7.0,0,0.0,
2023-10-18 16:45:54,"Shoulders And Forearms",35m,"Seated Overhead Press (Dumbbell)",3,90.0,9.0,0,0.0,
2023-10-18 16:45:54,"Shoulders And Forearms",35m,"Behind The Back Curl",1,60.0,10.0,0,0.0,
2023-10-18 16:45:54,"Shoulders And Forearms",35m,"Behind The Back Curl",2,70.0,10.0,0,0.0,
2023-10-20 13:54:01,"Legs",44m,"Squat (Barbell)",1,155.0,8.0,0,0.0,
2023-10-20 13:54:01,"Legs",44m,"Squat (Barbell)",2,165.0,1.0,0,0.0,
2023-10-20 13:54:01,"Legs",44m,"Squat (Barbell)",3,155.0,6.0,0,0.0,
2023-10-20 13:54:01,"Legs",44m,"Squat (Barbell)",4,135.0,8.0,0,0.0,
2023-10-20 13:54:01,"Legs",44m,"Leg Extension (Machine)",1,100.0,10.0,0,0.0,
2023-10-20 13:54:01,"Legs",44m,"Leg Extension (Machine)",2,100.0,10.0,0,0.0,
2023-10-20 13:54:01,"Legs",44m,"Leg Extension (Machine)",3,100.0,10.0,0,0.0,
2023-10-20 13:54:01,"Legs",44m,"Seated Leg Curl (Machine)",1,110.0,10.0,0,0.0,
2023-10-20 13:54:01,"Legs",44m,"Seated Leg Curl (Machine)",2,125.0,10.0,0,0.0,
2023-10-20 13:54:01,"Legs",44m,"Seated Leg Curl (Machine)",3,125.0,9.0,0,0.0,
2023-10-20 13:54:01,"Legs",44m,"Standing Calf Raise (Dumbbell)",1,35.0,10.0,0,0.0,
2023-10-20 13:54:01,"Legs",44m,"Standing Calf Raise (Dumbbell)",2,35.0,10.0,0,0.0,
2023-10-20 13:54:01,"Legs",44m,"Standing Calf Raise (Dumbbell)",3,35.0,10.0,0,0.0,
2023-10-22 14:05:22,"Chest + Tri",1h,"Bench Press (Barbell)",1,155.0,5.0,0,0.0,
2023-10-22 14:05:22,"Chest + Tri",1h,"Bench Press (Barbell)",2,145.0,7.0,0,0.0,
2023-10-22 14:05:22,"Chest + Tri",1h,"Bench Press (Barbell)",3,135.0,10.0,0,0.0,
2023-10-22 14:05:22,"Chest + Tri",1h,"Incline Bench Press (Dumbbell)",1,110.0,9.0,0,0.0,
2023-10-22 14:05:22,"Chest + Tri",1h,"Incline Bench Press (Dumbbell)",2,110.0,8.0,0,0.0,
2023-10-22 14:05:22,"Chest + Tri",1h,"Incline Bench Press (Dumbbell)",3,110.0,5.0,0,0.0,
2023-10-22 14:05:22,"Chest + Tri",1h,"Chest Fly",1,115.0,10.0,0,0.0,
2023-10-22 14:05:22,"Chest + Tri",1h,"Chest Fly",2,115.0,10.0,0,0.0,
2023-10-22 14:05:22,"Chest + Tri",1h,"Chest Fly",3,115.0,10.0,0,0.0,
2023-10-22 14:05:22,"Chest + Tri",1h,"Triceps Extension",1,47.5,10.0,0,0.0,
2023-10-22 14:05:22,"Chest + Tri",1h,"Triceps Extension",2,47.5,10.0,0,0.0,
2023-10-22 14:05:22,"Chest + Tri",1h,"Triceps Extension",3,47.5,10.0,0,0.0,
2023-10-22 14:05:22,"Chest + Tri",1h,"Triceps Extension (Cable)",1,32.5,10.0,0,0.0,
2023-10-22 14:05:22,"Chest + Tri",1h,"Triceps Extension (Cable)",2,32.5,10.0,0,0.0,
2023-10-22 14:05:22,"Chest + Tri",1h,"Triceps Extension (Cable)",3,32.5,10.0,0,0.0,
2023-10-23 14:37:19,"Chest + Tri",17m,"Bench Press (Barbell)",1,135.0,5.0,0,0.0,
2023-10-23 14:37:19,"Chest + Tri",17m,"Bench Press (Barbell)",2,155.0,5.0,0,0.0,
2023-10-23 14:37:19,"Chest + Tri",17m,"Bench Press (Barbell)",3,175.0,1.0,0,0.0,
2023-10-23 14:37:19,"Chest + Tri",17m,"Bench Press (Barbell)",4,155.0,2.0,0,0.0,
2023-10-23 14:37:19,"Chest + Tri",17m,"Shoulder Press (Machine)",1,90.0,10.0,0,0.0,
2023-10-23 14:37:19,"Chest + Tri",17m,"Shoulder Press (Machine)",2,90.0,10.0,0,0.0,
2023-10-23 14:37:19,"Chest + Tri",17m,"Shoulder Press (Machine)",3,90.0,10.0,0,0.0,
2023-10-24 16:20:36,"Legs",24m,"Squat (Barbell)",1,155.0,8.0,0,0.0,
2023-10-24 16:20:36,"Legs",24m,"Squat (Barbell)",2,155.0,5.0,0,0.0,
2023-10-24 16:20:36,"Legs",24m,"Squat (Barbell)",3,135.0,10.0,0,0.0,
2023-10-24 16:20:36,"Legs",24m,"Seated Leg Curl (Machine)",1,125.0,10.0,0,0.0,
2023-10-24 16:20:36,"Legs",24m,"Seated Leg Curl (Machine)",2,135.0,10.0,0,0.0,
2023-10-24 16:20:36,"Legs",24m,"Seated Leg Curl (Machine)",3,135.0,10.0,0,0.0,
2023-10-24 16:20:36,"Legs",24m,"Leg Extension (Machine)",1,115.0,10.0,0,0.0,
2023-10-24 16:20:36,"Legs",24m,"Leg Extension (Machine)",2,105.0,9.0,0,0.0,
2023-10-24 16:20:36,"Legs",24m,"Leg Extension (Machine)",3,105.0,8.0,0,0.0,
2023-10-25 15:25:16,"Back And Bi",19m,"Pull Up",1,0.0,10.0,0,0.0,
2023-10-25 15:25:16,"Back And Bi",19m,"Bicep Curl (Dumbbell)",1,70.0,10.0,0,0.0,
2023-10-25 15:25:16,"Back And Bi",19m,"Bicep Curl (Dumbbell)",2,70.0,9.0,0,0.0,
2023-10-25 15:25:16,"Back And Bi",19m,"Bicep Curl (Dumbbell)",3,60.0,10.0,0,0.0,
2023-10-25 15:25:16,"Back And Bi",19m,"Hammer Curl (Dumbbell)",1,70.0,9.0,0,0.0,
2023-10-25 15:25:16,"Back And Bi",19m,"Hammer Curl (Dumbbell)",2,60.0,10.0,0,0.0,
2023-10-25 15:25:16,"Back And Bi",19m,"Hammer Curl (Dumbbell)",3,60.0,10.0,0,0.0,
2023-10-25 15:25:16,"Back And Bi",19m,"Bicep Curl (Cable)",1,37.5,10.0,0,0.0,
2023-10-26 16:17:36,"Legs",45m,"Squat (Barbell)",1,155.0,8.0,0,0.0,
2023-10-26 16:17:36,"Legs",45m,"Squat (Barbell)",2,160.0,5.0,0,0.0,
2023-10-26 16:17:36,"Legs",45m,"Squat (Barbell)",3,175.0,1.0,0,0.0,
2023-10-26 16:17:36,"Legs",45m,"Squat (Barbell)",4,135.0,10.0,0,0.0,
2023-10-26 16:17:36,"Legs",45m,"Leg Extension (Machine)",1,110.0,10.0,0,0.0,
2023-10-26 16:17:36,"Legs",45m,"Leg Extension (Machine)",2,110.0,10.0,0,0.0,
2023-10-26 16:17:36,"Legs",45m,"Leg Extension (Machine)",3,110.0,10.0,0,0.0,
2023-10-26 16:17:36,"Legs",45m,"Seated Leg Curl (Machine)",1,100.0,10.0,0,0.0,
2023-10-26 16:17:36,"Legs",45m,"Seated Leg Curl (Machine)",2,120.0,10.0,0,0.0,
2023-10-26 16:17:36,"Legs",45m,"Seated Leg Curl (Machine)",3,120.0,10.0,0,0.0,
2023-10-26 16:17:36,"Legs",45m,"Standing Calf Raise (Dumbbell)",1,35.0,10.0,0,0.0,
2023-10-26 16:17:36,"Legs",45m,"Standing Calf Raise (Dumbbell)",2,35.0,10.0,0,0.0,
2023-10-26 16:17:36,"Legs",45m,"Standing Calf Raise (Dumbbell)",3,35.0,10.0,0,0.0,
2023-10-28 12:40:50,"Chest + Tri",32m,"Incline Bench Press (Dumbbell)",1,110.0,8.0,0,0.0,
2023-10-28 12:40:50,"Chest + Tri",32m,"Incline Bench Press (Dumbbell)",2,110.0,7.0,0,0.0,
2023-10-28 12:40:50,"Chest + Tri",32m,"Incline Bench Press (Dumbbell)",3,110.0,6.0,0,0.0,
2023-10-28 12:40:50,"Chest + Tri",32m,"Bench Press (Barbell)",1,155.0,6.0,0,0.0,
2023-10-28 12:40:50,"Chest + Tri",32m,"Bench Press (Barbell)",2,155.0,3.0,0,0.0,
2023-10-28 12:40:50,"Chest + Tri",32m,"Bench Press (Barbell)",3,145.0,3.0,0,0.0,
2023-10-28 12:40:50,"Chest + Tri",32m,"Bench Press (Barbell)",4,135.0,8.0,0,0.0,
2023-10-28 12:40:50,"Chest + Tri",32m,"Triceps Extension",1,40.0,10.0,0,0.0,
2023-10-28 12:40:50,"Chest + Tri",32m,"Triceps Extension",2,50.0,9.0,0,0.0,
2023-10-28 12:40:50,"Chest + Tri",32m,"Triceps Extension (Cable)",1,30.0,10.0,0,0.0,
2023-10-28 12:40:50,"Chest + Tri",32m,"Triceps Extension (Cable)",2,30.0,10.0,0,0.0,
2023-10-29 16:35:06,"Back And Bi",29m,"Bent Over One Arm Row (Dumbbell)",1,45.0,10.0,0,0.0,
2023-10-29 16:35:06,"Back And Bi",29m,"Bent Over One Arm Row (Dumbbell)",2,45.0,10.0,0,0.0,
2023-10-29 16:35:06,"Back And Bi",29m,"Pull Up",1,10.0,5.0,0,0.0,
2023-10-29 16:35:06,"Back And Bi",29m,"Pull Up",2,0.0,7.0,0,0.0,
2023-10-29 16:35:06,"Back And Bi",29m,"Bicep Curl (Dumbbell)",1,70.0,11.0,0,0.0,
2023-10-29 16:35:06,"Back And Bi",29m,"Bicep Curl (Dumbbell)",2,70.0,7.0,0,0.0,
2023-10-29 16:35:06,"Back And Bi",29m,"Bicep Curl (Dumbbell)",3,60.0,10.0,0,0.0,
2023-10-29 16:35:06,"Back And Bi",29m,"Hammer Curl (Dumbbell)",1,70.0,8.0,0,0.0,
2023-10-29 16:35:06,"Back And Bi",29m,"Hammer Curl (Dumbbell)",2,60.0,10.0,0,0.0,
2023-10-29 16:35:06,"Back And Bi",29m,"Hammer Curl (Dumbbell)",3,60.0,10.0,0,0.0,
2023-10-31 15:01:06,"Legs",40m,"Squat (Barbell)",1,155.0,8.0,0,0.0,
2023-10-31 15:01:06,"Legs",40m,"Squat (Barbell)",2,155.0,3.0,0,0.0,
2023-10-31 15:01:06,"Legs",40m,"Squat (Barbell)",3,135.0,10.0,0,0.0,
2023-10-31 15:01:06,"Legs",40m,"Squat (Barbell)",4,135.0,6.0,0,0.0,
2023-10-31 15:01:06,"Legs",40m,"Leg Extension (Machine)",1,110.0,10.0,0,0.0,
2023-10-31 15:01:06,"Legs",40m,"Leg Extension (Machine)",2,115.0,9.0,0,0.0,
2023-10-31 15:01:06,"Legs",40m,"Leg Extension (Machine)",3,115.0,10.0,0,0.0,
2023-10-31 15:01:06,"Legs",40m,"Seated Leg Curl (Machine)",1,110.0,10.0,0,0.0,
2023-10-31 15:01:06,"Legs",40m,"Standing Calf Raise (Dumbbell)",1,30.0,10.0,0,0.0,
2023-10-31 15:01:06,"Legs",40m,"Standing Calf Raise (Dumbbell)",2,30.0,10.0,0,0.0,
2023-10-31 15:01:06,"Legs",40m,"Standing Calf Raise (Dumbbell)",3,30.0,10.0,0,0.0,
2023-11-01 17:34:25,"Shoulders And Forearms",16m,"Seated Overhead Press (Dumbbell)",1,100.0,10.0,0,0.0,
2023-11-01 17:34:25,"Shoulders And Forearms",16m,"Seated Overhead Press (Dumbbell)",2,100.0,8.0,0,0.0,
2023-11-01 17:34:25,"Shoulders And Forearms",16m,"Seated Overhead Press (Dumbbell)",3,100.0,7.0,0,0.0,
2023-11-01 17:34:25,"Shoulders And Forearms",16m,"Reverse Curl (Barbell)",1,60.0,11.0,0,0.0,
2023-11-01 17:34:25,"Shoulders And Forearms",16m,"Reverse Curl (Barbell)",2,70.0,10.0,0,0.0,
2023-11-01 17:34:25,"Shoulders And Forearms",16m,"Reverse Curl (Barbell)",3,70.0,10.0,0,0.0,
2023-11-02 14:43:21,"Back And Bi",1h 49m,"Bent Over Row (Barbell)",1,115.0,10.0,0,0.0,
2023-11-02 14:43:21,"Back And Bi",1h 49m,"Bent Over Row (Barbell)",2,120.0,10.0,0,0.0,
2023-11-02 14:43:21,"Back And Bi",1h 49m,"Bent Over Row (Barbell)",3,120.0,10.0,0,0.0,
2023-11-02 14:43:21,"Back And Bi",1h 49m,"Bent Over One Arm Row (Dumbbell)",1,50.0,10.0,0,0.0,
2023-11-02 14:43:21,"Back And Bi",1h 49m,"Bent Over One Arm Row (Dumbbell)",2,50.0,10.0,0,0.0,
2023-11-02 14:43:21,"Back And Bi",1h 49m,"Pull Up",1,0.0,10.0,0,0.0,
2023-11-02 14:43:21,"Back And Bi",1h 49m,"Pull Up",2,0.0,10.0,0,0.0,
2023-11-02 14:43:21,"Back And Bi",1h 49m,"Pull Up",3,0.0,10.0,0,0.0,
2023-11-02 14:43:21,"Back And Bi",1h 49m,"Bicep Curl (Dumbbell)",1,70.0,11.0,0,0.0,
2023-11-02 14:43:21,"Back And Bi",1h 49m,"Bicep Curl (Dumbbell)",2,70.0,9.0,0,0.0,
2023-11-02 14:43:21,"Back And Bi",1h 49m,"Bicep Curl (Dumbbell)",3,70.0,7.0,0,0.0,
2023-11-02 14:43:21,"Back And Bi",1h 49m,"Hammer Curl (Dumbbell)",1,70.0,7.0,0,0.0,
2023-11-02 14:43:21,"Back And Bi",1h 49m,"Hammer Curl (Dumbbell)",2,60.0,10.0,0,0.0,
2023-11-02 14:43:21,"Back And Bi",1h 49m,"Hammer Curl (Dumbbell)",3,60.0,9.0,0,0.0,
2023-11-03 17:33:54,"Legs",23m,"Squat (Barbell)",1,155.0,10.0,0,0.0,
2023-11-03 17:33:54,"Legs",23m,"Squat (Barbell)",2,165.0,5.0,0,0.0,
2023-11-03 17:33:54,"Legs",23m,"Squat (Barbell)",3,155.0,5.0,0,0.0,
2023-11-03 17:33:54,"Legs",23m,"Squat (Barbell)",4,145.0,7.0,0,0.0,
2023-11-03 17:33:54,"Legs",23m,"Leg Extension (Machine)",1,115.0,10.0,0,0.0,
2023-11-03 17:33:54,"Legs",23m,"Leg Extension (Machine)",2,115.0,10.0,0,0.0,
2023-11-03 17:33:54,"Legs",23m,"Seated Leg Curl (Machine)",1,120.0,10.0,0,0.0,
2023-11-03 17:33:54,"Legs",23m,"Seated Leg Curl (Machine)",2,120.0,10.0,0,0.0,
2023-11-03 17:33:54,"Legs",23m,"Seated Leg Curl (Machine)",3,120.0,10.0,0,0.0,
2023-11-05 16:34:49,"Chest + Tri",47m,"Incline Bench Press (Dumbbell)",1,110.0,5.0,0,0.0,
2023-11-05 16:34:49,"Chest + Tri",47m,"Incline Bench Press (Dumbbell)",2,110.0,4.0,0,0.0,
2023-11-05 16:34:49,"Chest + Tri",47m,"Incline Bench Press (Dumbbell)",3,100.0,5.0,0,0.0,
2023-11-05 16:34:49,"Chest + Tri",47m,"Bench Press (Barbell)",1,155.0,6.0,0,0.0,
2023-11-05 16:34:49,"Chest + Tri",47m,"Bench Press (Barbell)",2,145.0,5.0,0,0.0,
2023-11-05 16:34:49,"Chest + Tri",47m,"Bench Press (Barbell)",3,135.0,7.0,0,0.0,
2023-11-05 16:34:49,"Chest + Tri",47m,"Bench Press (Barbell)",4,135.0,5.0,0,0.0,
2023-11-05 16:34:49,"Chest + Tri",47m,"Chest Dip",1,0.0,10.0,0,0.0,
2023-11-05 16:34:49,"Chest + Tri",47m,"Chest Dip",2,0.0,10.0,0,0.0,
2023-11-05 16:34:49,"Chest + Tri",47m,"Chest Dip",3,0.0,10.0,0,0.0,
2023-11-05 16:34:49,"Chest + Tri",47m,"Triceps Pushdown (Cable - Straight Bar)",1,42.5,10.0,0,0.0,
2023-11-05 16:34:49,"Chest + Tri",47m,"Triceps Pushdown (Cable - Straight Bar)",2,47.5,10.0,0,0.0,
2023-11-05 16:34:49,"Chest + Tri",47m,"Triceps Pushdown (Cable - Straight Bar)",3,47.5,10.0,0,0.0,
2023-11-05 16:34:49,"Chest + Tri",47m,"Triceps Extension (Cable)",1,30.0,10.0,0,0.0,
2023-11-05 16:34:49,"Chest + Tri",47m,"Triceps Extension (Cable)",2,32.5,10.0,0,0.0,
2023-11-05 16:34:49,"Chest + Tri",47m,"Triceps Extension (Cable)",3,32.5,10.0,0,0.0,
2023-11-06 15:07:51,"Legs",27m,"Squat (Barbell)",1,165.0,5.0,0,0.0,
2023-11-06 15:07:51,"Legs",27m,"Squat (Barbell)",2,155.0,8.0,0,0.0,
2023-11-06 15:07:51,"Legs",27m,"Squat (Barbell)",3,145.0,8.0,0,0.0,
2023-11-06 15:07:51,"Legs",27m,"Leg Extension (Machine)",1,115.0,10.0,0,0.0,
2023-11-06 15:07:51,"Legs",27m,"Leg Extension (Machine)",2,120.0,9.0,0,0.0,
2023-11-06 15:07:51,"Legs",27m,"Leg Extension (Machine)",3,120.0,10.0,0,0.0,
2023-11-06 15:07:51,"Legs",27m,"Seated Leg Curl (Machine)",1,120.0,10.0,0,0.0,
2023-11-06 15:07:51,"Legs",27m,"Seated Leg Curl (Machine)",2,120.0,10.0,0,0.0,
2023-11-06 15:07:51,"Legs",27m,"Seated Leg Curl (Machine)",3,100.0,10.0,0,0.0,
2023-11-07 16:17:50,"Back And Bi",36m,"Bent Over Row (Barbell)",1,135.0,9.0,0,0.0,
2023-11-07 16:17:50,"Back And Bi",36m,"Bent Over Row (Barbell)",2,135.0,8.0,0,0.0,
2023-11-07 16:17:50,"Back And Bi",36m,"Bent Over Row (Barbell)",3,135.0,4.0,0,0.0,
2023-11-07 16:17:50,"Back And Bi",36m,"Preacher Curl (Machine)",1,55.0,10.0,0,0.0,
2023-11-07 16:17:50,"Back And Bi",36m,"Preacher Curl (Machine)",2,55.0,10.0,0,0.0,
2023-11-07 16:17:50,"Back And Bi",36m,"Pull Up",1,0.0,11.0,0,0.0,
2023-11-07 16:17:50,"Back And Bi",36m,"Pull Up",2,0.0,5.0,0,0.0,
2023-11-07 16:17:50,"Back And Bi",36m,"Pull Up",3,0.0,4.0,0,0.0,
2023-11-07 16:17:50,"Back And Bi",36m,"Bicep Curl (Dumbbell)",1,70.0,11.0,0,0.0,
2023-11-07 16:17:50,"Back And Bi",36m,"Bicep Curl (Dumbbell)",2,70.0,10.0,0,0.0,
2023-11-07 16:17:50,"Back And Bi",36m,"Bicep Curl (Dumbbell)",3,80.0,4.0,0,0.0,
2023-11-07 16:17:50,"Back And Bi",36m,"Hammer Curl (Dumbbell)",1,70.0,8.0,0,0.0,
2023-11-07 16:17:50,"Back And Bi",36m,"Hammer Curl (Dumbbell)",2,60.0,10.0,0,0.0,
2023-11-07 16:17:50,"Back And Bi",36m,"Hammer Curl (Dumbbell)",3,60.0,10.0,0,0.0,
2023-11-10 13:39:07,"Back And Bi",9s,"Bent Over Row (Barbell)",1,95.0,10.0,0,0.0,
2023-11-10 13:39:07,"Back And Bi",9s,"Seated Row (Cable)",1,47.5,10.0,0,0.0,
2023-11-12 14:54:36,"Legs",1h 3m,"Squat (Barbell)",1,165.0,5.0,0,0.0,
2023-11-12 14:54:36,"Legs",1h 3m,"Squat (Barbell)",2,185.0,1.0,0,0.0,
2023-11-12 14:54:36,"Legs",1h 3m,"Squat (Barbell)",3,155.0,6.0,0,0.0,
2023-11-12 14:54:36,"Legs",1h 3m,"Leg Extension (Machine)",1,120.0,10.0,0,0.0,
2023-11-12 14:54:36,"Legs",1h 3m,"Leg Extension (Machine)",2,120.0,10.0,0,0.0,
2023-11-12 14:54:36,"Legs",1h 3m,"Leg Extension (Machine)",3,130.0,10.0,0,0.0,
2023-11-12 14:54:36,"Legs",1h 3m,"Leg Extension (Machine)",4,130.0,10.0,0,0.0,
2023-11-12 14:54:36,"Legs",1h 3m,"Seated Leg Curl (Machine)",1,130.0,10.0,0,0.0,
2023-11-12 14:54:36,"Legs",1h 3m,"Seated Leg Curl (Machine)",2,130.0,10.0,0,0.0,
2023-11-12 14:54:36,"Legs",1h 3m,"Seated Leg Curl (Machine)",3,150.0,5.0,0,0.0,
2023-11-12 14:54:36,"Legs",1h 3m,"Standing Calf Raise (Dumbbell)",1,35.0,10.0,0,0.0,
2023-11-12 14:54:36,"Legs",1h 3m,"Standing Calf Raise (Dumbbell)",2,35.0,10.0,0,0.0,
2023-11-12 14:54:36,"Legs",1h 3m,"Standing Calf Raise (Dumbbell)",3,35.0,10.0,0,0.0,
2023-11-13 19:48:58,"Chest + Tri",46m,"Incline Bench Press (Dumbbell)",1,100.0,10.0,0,0.0,
2023-11-13 19:48:58,"Chest + Tri",46m,"Incline Bench Press (Dumbbell)",2,100.0,10.0,0,0.0,
2023-11-13 19:48:58,"Chest + Tri",46m,"Incline Bench Press (Dumbbell)",3,100.0,10.0,0,0.0,
2023-11-13 19:48:58,"Chest + Tri",46m,"Incline Bench Press (Dumbbell)",4,100.0,10.0,0,0.0,
2023-11-13 19:48:58,"Chest + Tri",46m,"Triceps Pushdown (Cable - Straight Bar)",1,47.5,10.0,0,0.0,
2023-11-13 19:48:58,"Chest + Tri",46m,"Triceps Pushdown (Cable - Straight Bar)",2,47.5,10.0,0,0.0,
2023-11-13 19:48:58,"Chest + Tri",46m,"Triceps Pushdown (Cable - Straight Bar)",3,47.5,10.0,0,0.0,
2023-11-13 19:48:58,"Chest + Tri",46m,"Triceps Extension (Cable)",1,32.5,10.0,0,0.0,
2023-11-13 19:48:58,"Chest + Tri",46m,"Triceps Extension (Cable)",2,32.5,10.0,0,0.0,
2023-11-13 19:48:58,"Chest + Tri",46m,"Triceps Extension (Cable)",3,32.5,10.0,0,0.0,
2023-11-13 19:48:58,"Chest + Tri",46m,"Triceps Extension (Cable)",4,32.5,10.0,0,0.0,
2023-11-13 19:48:58,"Chest + Tri",46m,"Chest Fly",1,110.0,10.0,0,0.0,
2023-11-13 19:48:58,"Chest + Tri",46m,"Chest Fly",2,115.0,10.0,0,0.0,
2023-11-13 19:48:58,"Chest + Tri",46m,"Chest Fly",3,115.0,10.0,0,0.0,
2023-11-14 16:12:52,"Back And Bi",51m,"Bent Over Row (Barbell)",1,135.0,8.0,0,0.0,
2023-11-14 16:12:52,"Back And Bi",51m,"Bent Over Row (Barbell)",2,135.0,6.0,0,0.0,
2023-11-14 16:12:52,"Back And Bi",51m,"Bent Over Row (Barbell)",3,115.0,10.0,0,0.0,
2023-11-14 16:12:52,"Back And Bi",51m,"Bent Over One Arm Row (Dumbbell)",1,50.0,10.0,0,0.0,
2023-11-14 16:12:52,"Back And Bi",51m,"Bent Over One Arm Row (Dumbbell)",2,50.0,10.0,0,0.0,
2023-11-14 16:12:52,"Back And Bi",51m,"Bent Over One Arm Row (Dumbbell)",3,50.0,10.0,0,0.0,
2023-11-14 16:12:52,"Back And Bi",51m,"Pull Up",1,0.0,10.0,0,0.0,
2023-11-14 16:12:52,"Back And Bi",51m,"Pull Up",2,10.0,8.0,0,0.0,
2023-11-14 16:12:52,"Back And Bi",51m,"Pull Up",3,25.0,5.0,0,0.0,
2023-11-14 16:12:52,"Back And Bi",51m,"Bicep Curl (Dumbbell)",1,80.0,8.0,0,0.0,
2023-11-14 16:12:52,"Back And Bi",51m,"Bicep Curl (Dumbbell)",2,80.0,6.0,0,0.0,
2023-11-14 16:12:52,"Back And Bi",51m,"Bicep Curl (Dumbbell)",3,70.0,10.0,0,0.0,
2023-11-14 16:12:52,"Back And Bi",51m,"Hammer Curl (Dumbbell)",1,80.0,6.0,0,0.0,
2023-11-14 16:12:52,"Back And Bi",51m,"Hammer Curl (Dumbbell)",2,70.0,8.0,0,0.0,
2023-11-14 16:12:52,"Back And Bi",51m,"Hammer Curl (Dumbbell)",3,60.0,10.0,0,0.0,
2023-11-15 12:38:11,"Legs",55m,"Squat (Barbell)",1,165.0,4.0,0,0.0,
2023-11-15 12:38:11,"Legs",55m,"Squat (Barbell)",2,155.0,8.0,0,0.0,
2023-11-15 12:38:11,"Legs",55m,"Squat (Barbell)",3,155.0,6.0,0,0.0,
2023-11-15 12:38:11,"Legs",55m,"Squat (Barbell)",4,165.0,3.0,0,0.0,
2023-11-15 12:38:11,"Legs",55m,"Leg Extension (Machine)",1,140.0,4.0,0,0.0,
2023-11-15 12:38:11,"Legs",55m,"Leg Extension (Machine)",2,110.0,10.0,0,0.0,
2023-11-15 12:38:11,"Legs",55m,"Leg Extension (Machine)",3,110.0,10.0,0,0.0,
2023-11-15 12:38:11,"Legs",55m,"Seated Leg Curl (Machine)",1,120.0,10.0,0,0.0,
2023-11-15 12:38:11,"Legs",55m,"Seated Leg Curl (Machine)",2,140.0,7.0,0,0.0,
2023-11-15 12:38:11,"Legs",55m,"Seated Leg Curl (Machine)",3,130.0,10.0,0,0.0,
2023-11-15 12:38:11,"Legs",55m,"Seated Calf Raise (Plate Loaded)",1,90.0,10.0,0,0.0,
2023-11-15 12:38:11,"Legs",55m,"Seated Calf Raise (Plate Loaded)",2,90.0,10.0,0,0.0,
2023-11-15 12:38:11,"Legs",55m,"Seated Calf Raise (Plate Loaded)",3,90.0,10.0,0,0.0,
2023-11-15 19:55:47,"Shoulders And Forearms",15m,"Seated Overhead Press (Dumbbell)",1,100.0,10.0,0,0.0,
2023-11-15 19:55:47,"Shoulders And Forearms",15m,"Seated Overhead Press (Dumbbell)",2,100.0,10.0,0,0.0,
2023-11-15 19:55:47,"Shoulders And Forearms",15m,"Seated Overhead Press (Dumbbell)",3,100.0,10.0,0,0.0,
2023-11-15 19:55:47,"Shoulders And Forearms",15m,"Reverse Fly (Machine)",1,65.0,10.0,0,0.0,
2023-11-15 19:55:47,"Shoulders And Forearms",15m,"Reverse Fly (Machine)",2,65.0,10.0,0,0.0,
2023-11-15 19:55:47,"Shoulders And Forearms",15m,"Reverse Fly (Machine)",3,65.0,10.0,0,0.0,
2023-11-16 16:14:55,"Chest + Tri",1h 1m,"Incline Bench Press (Dumbbell)",1,100.0,10.0,0,0.0,
2023-11-16 16:14:55,"Chest + Tri",1h 1m,"Incline Bench Press (Dumbbell)",2,100.0,9.0,0,0.0,
2023-11-16 16:14:55,"Chest + Tri",1h 1m,"Incline Bench Press (Dumbbell)",3,100.0,8.0,0,0.0,
2023-11-16 16:14:55,"Chest + Tri",1h 1m,"Bench Press (Barbell)",1,155.0,8.0,0,0.0,
2023-11-16 16:14:55,"Chest + Tri",1h 1m,"Bench Press (Barbell)",2,145.0,10.0,0,0.0,
2023-11-16 16:14:55,"Chest + Tri",1h 1m,"Bench Press (Barbell)",3,145.0,5.0,0,0.0,
2023-11-16 16:14:55,"Chest + Tri",1h 1m,"Bench Press (Barbell)",4,135.0,6.0,0,0.0,
2023-11-16 16:14:55,"Chest + Tri",1h 1m,"Triceps Pushdown (Cable - Straight Bar)",1,47.5,10.0,0,0.0,
2023-11-16 16:14:55,"Chest + Tri",1h 1m,"Triceps Pushdown (Cable - Straight Bar)",2,52.5,10.0,0,0.0,
2023-11-16 16:14:55,"Chest + Tri",1h 1m,"Triceps Pushdown (Cable - Straight Bar)",3,52.5,8.0,0,0.0,
2023-11-16 16:14:55,"Chest + Tri",1h 1m,"Triceps Extension (Cable)",1,37.5,10.0,0,0.0,
2023-11-16 16:14:55,"Chest + Tri",1h 1m,"Triceps Extension (Cable)",2,37.5,10.0,0,0.0,
2023-11-16 16:14:55,"Chest + Tri",1h 1m,"Triceps Extension (Cable)",3,37.5,10.0,0,0.0,
2023-11-16 16:14:55,"Chest + Tri",1h 1m,"Chest Fly",1,115.0,11.0,0,0.0,
2023-11-16 16:14:55,"Chest + Tri",1h 1m,"Chest Fly",2,120.0,10.0,0,0.0,
2023-11-16 16:14:55,"Chest + Tri",1h 1m,"Chest Fly",3,120.0,10.0,0,0.0,
2023-11-17 06:19:40,"Back And Bi",1h 14m,"Lat Pulldown (Cable)",1,60.0,10.0,0,0.0,
2023-11-17 06:19:40,"Back And Bi",1h 14m,"Lat Pulldown (Cable)",2,65.0,9.0,0,0.0,
2023-11-17 06:19:40,"Back And Bi",1h 14m,"Lat Pulldown (Cable)",3,65.0,8.0,0,0.0,
2023-11-17 06:19:40,"Back And Bi",1h 14m,"Seated Row (Cable)",1,50.0,10.0,0,0.0,
2023-11-17 06:19:40,"Back And Bi",1h 14m,"Seated Row (Cable)",2,60.0,6.0,0,0.0,
2023-11-17 06:19:40,"Back And Bi",1h 14m,"Seated Row (Cable)",3,55.0,10.0,0,0.0,
2023-11-18 13:05:57,"Legs",40m,"Squat (Barbell)",1,165.0,5.0,0,0.0,
2023-11-18 13:05:57,"Legs",40m,"Squat (Barbell)",2,155.0,9.0,0,0.0,
2023-11-18 13:05:57,"Legs",40m,"Squat (Barbell)",3,155.0,4.0,0,0.0,
2023-11-18 13:05:57,"Legs",40m,"Squat (Barbell)",4,145.0,10.0,0,0.0,
2023-11-18 13:05:57,"Legs",40m,"Leg Extension (Machine)",1,115.0,7.0,0,0.0,
2023-11-18 13:05:57,"Legs",40m,"Leg Extension (Machine)",2,110.0,7.0,0,0.0,
2023-11-18 13:05:57,"Legs",40m,"Leg Extension (Machine)",3,110.0,5.0,0,0.0,
2023-11-18 13:05:57,"Legs",40m,"Seated Leg Curl (Machine)",1,90.0,10.0,0,0.0,
2023-11-18 13:05:57,"Legs",40m,"Seated Leg Curl (Machine)",2,100.0,10.0,0,0.0,
2023-11-18 13:05:57,"Legs",40m,"Seated Leg Curl (Machine)",3,100.0,10.0,0,0.0,
2023-11-21 09:16:04,"Back And Bi",29m,"Bent Over One Arm Row (Dumbbell)",1,40.0,10.0,0,0.0,
2023-11-21 09:16:04,"Back And Bi",29m,"Bent Over One Arm Row (Dumbbell)",2,40.0,10.0,0,0.0,
2023-11-21 09:16:04,"Back And Bi",29m,"Bent Over One Arm Row (Dumbbell)",3,40.0,10.0,0,0.0,
2023-11-21 09:16:04,"Back And Bi",29m,"Bicep Curl (Dumbbell)",1,70.0,10.0,0,0.0,
2023-11-21 09:16:04,"Back And Bi",29m,"Bicep Curl (Dumbbell)",2,70.0,7.0,0,0.0,
2023-11-21 09:16:04,"Back And Bi",29m,"Bicep Curl (Dumbbell)",3,60.0,10.0,0,0.0,
2023-11-21 09:16:04,"Back And Bi",29m,"Hammer Curl (Dumbbell)",1,70.0,10.0,0,0.0,
2023-11-21 09:16:04,"Back And Bi",29m,"Hammer Curl (Dumbbell)",2,70.0,8.0,0,0.0,
2023-11-21 09:16:04,"Back And Bi",29m,"Hammer Curl (Dumbbell)",3,60.0,10.0,0,0.0,
2023-11-22 07:32:30,"Chest + Tri",29m,"Incline Bench Press (Dumbbell)",1,110.0,7.0,0,0.0,
2023-11-22 07:32:30,"Chest + Tri",29m,"Incline Bench Press (Dumbbell)",2,110.0,6.0,0,0.0,
2023-11-22 07:32:30,"Chest + Tri",29m,"Bench Press (Barbell)",1,155.0,3.0,0,0.0,
2023-11-22 07:32:30,"Chest + Tri",29m,"Bench Press (Barbell)",2,135.0,9.0,0,0.0,
2023-11-22 07:32:30,"Chest + Tri",29m,"Bench Press (Barbell)",3,135.0,7.0,0,0.0,
2023-11-22 07:32:30,"Chest + Tri",29m,"Triceps Pushdown (Cable - Straight Bar)",1,50.0,12.0,0,0.0,
2023-11-22 07:32:30,"Chest + Tri",29m,"Triceps Pushdown (Cable - Straight Bar)",2,50.0,9.0,0,0.0,
2023-11-22 07:32:30,"Chest + Tri",29m,"Triceps Pushdown (Cable - Straight Bar)",3,50.0,8.0,0,0.0,
2023-11-22 07:32:30,"Chest + Tri",29m,"Triceps Extension (Cable)",1,35.0,10.0,0,0.0,
2023-11-22 07:32:30,"Chest + Tri",29m,"Triceps Extension (Cable)",2,35.0,11.0,0,0.0,
2023-11-22 07:32:30,"Chest + Tri",29m,"Triceps Extension (Cable)",3,30.0,10.0,0,0.0,
2023-11-24 09:17:08,"Back And Bi",28m,"Bent Over One Arm Row (Dumbbell)",1,40.0,10.0,0,0.0,
2023-11-24 09:17:08,"Back And Bi",28m,"Bent Over One Arm Row (Dumbbell)",2,40.0,10.0,0,0.0,
2023-11-24 09:17:08,"Back And Bi",28m,"Bent Over One Arm Row (Dumbbell)",3,40.0,10.0,0,0.0,
2023-11-24 09:17:08,"Back And Bi",28m,"Bicep Curl (Dumbbell)",1,70.0,10.0,0,0.0,
2023-11-24 09:17:08,"Back And Bi",28m,"Bicep Curl (Dumbbell)",2,70.0,10.0,0,0.0,
2023-11-24 09:17:08,"Back And Bi",28m,"Bicep Curl (Dumbbell)",3,70.0,8.0,0,0.0,
2023-11-24 09:17:08,"Back And Bi",28m,"Hammer Curl (Dumbbell)",1,70.0,10.0,0,0.0,
2023-11-24 09:17:08,"Back And Bi",28m,"Hammer Curl (Dumbbell)",2,70.0,10.0,0,0.0,
2023-11-24 09:17:08,"Back And Bi",28m,"Hammer Curl (Dumbbell)",3,70.0,10.0,0,0.0,
2023-11-26 10:27:23,"Legs",49m,"Squat (Barbell)",1,175.0,5.0,0,0.0,
2023-11-26 10:27:23,"Legs",49m,"Squat (Barbell)",2,165.0,9.0,0,0.0,
2023-11-26 10:27:23,"Legs",49m,"Squat (Barbell)",3,165.0,4.0,0,0.0,
2023-11-26 10:27:23,"Legs",49m,"Squat (Barbell)",4,155.0,6.0,0,0.0,
2023-11-26 10:27:23,"Legs",49m,"Leg Extension (Machine)",1,150.0,10.0,0,0.0,
2023-11-26 10:27:23,"Legs",49m,"Leg Extension (Machine)",2,170.0,7.0,0,0.0,
2023-11-26 10:27:23,"Legs",49m,"Leg Extension (Machine)",3,150.0,9.0,0,0.0,
2023-11-26 10:27:23,"Legs",49m,"Seated Leg Curl (Machine)",1,150.0,9.0,0,0.0,
2023-11-26 10:27:23,"Legs",49m,"Seated Leg Curl (Machine)",2,150.0,8.0,0,0.0,
2023-11-26 10:27:23,"Legs",49m,"Seated Leg Curl (Machine)",3,150.0,6.0,0,0.0,
2023-11-26 10:27:23,"Legs",49m,"Standing Calf Raise (Dumbbell)",1,35.0,10.0,0,0.0,
2023-11-26 10:27:23,"Legs",49m,"Standing Calf Raise (Dumbbell)",2,35.0,10.0,0,0.0,
2023-11-26 10:27:23,"Legs",49m,"Standing Calf Raise (Dumbbell)",3,35.0,10.0,0,0.0,
2023-11-27 12:24:59,"Chest + Tri",41m,"Bench Press (Barbell)",1,165.0,5.0,0,0.0,
2023-11-27 12:24:59,"Chest + Tri",41m,"Bench Press (Barbell)",2,155.0,5.0,0,0.0,
2023-11-27 12:24:59,"Chest + Tri",41m,"Bench Press (Barbell)",3,145.0,5.0,0,0.0,
2023-11-27 12:24:59,"Chest + Tri",41m,"Bench Press (Barbell)",4,135.0,7.0,0,0.0,
2023-11-27 12:24:59,"Chest + Tri",41m,"Incline Bench Press (Dumbbell)",1,100.0,9.0,0,0.0,
2023-11-27 12:24:59,"Chest + Tri",41m,"Incline Bench Press (Dumbbell)",2,100.0,9.0,0,0.0,
2023-11-27 12:24:59,"Chest + Tri",41m,"Incline Bench Press (Dumbbell)",3,100.0,7.0,0,0.0,
2023-11-27 12:24:59,"Chest + Tri",41m,"Triceps Pushdown (Cable - Straight Bar)",1,50.0,10.0,0,0.0,
2023-11-27 12:24:59,"Chest + Tri",41m,"Triceps Pushdown (Cable - Straight Bar)",2,55.0,9.0,0,0.0,
2023-11-27 12:24:59,"Chest + Tri",41m,"Triceps Pushdown (Cable - Straight Bar)",3,50.0,8.0,0,0.0,
2023-11-27 12:24:59,"Chest + Tri",41m,"Triceps Extension (Cable)",1,30.0,10.0,0,0.0,
2023-11-27 12:24:59,"Chest + Tri",41m,"Triceps Extension (Cable)",2,35.0,6.0,0,0.0,
2023-11-27 12:24:59,"Chest + Tri",41m,"Triceps Extension (Cable)",3,30.0,10.0,0,0.0,
2023-11-27 12:24:59,"Chest + Tri",41m,"Chest Press (Machine)",1,130.0,9.0,0,0.0,
2023-11-27 12:24:59,"Chest + Tri",41m,"Chest Press (Machine)",2,110.0,5.0,0,0.0,
2023-11-28 16:17:30,"Back And Bi",41m,"Bicep Curl (Dumbbell)",1,80.0,9.0,0,0.0,
2023-11-28 16:17:30,"Back And Bi",41m,"Bicep Curl (Dumbbell)",2,70.0,10.0,0,0.0,
2023-11-28 16:17:30,"Back And Bi",41m,"Bicep Curl (Dumbbell)",3,70.0,8.0,0,0.0,
2023-11-28 16:17:30,"Back And Bi",41m,"Hammer Curl (Dumbbell)",1,70.0,8.0,0,0.0,
2023-11-28 16:17:30,"Back And Bi",41m,"Hammer Curl (Dumbbell)",2,70.0,6.0,0,0.0,
2023-11-28 16:17:30,"Back And Bi",41m,"Hammer Curl (Dumbbell)",3,60.0,10.0,0,0.0,
2023-11-28 16:17:30,"Back And Bi",41m,"Bent Over Row (Barbell)",1,135.0,9.0,0,0.0,
2023-11-28 16:17:30,"Back And Bi",41m,"Bent Over Row (Barbell)",2,135.0,8.0,0,0.0,
2023-11-28 16:17:30,"Back And Bi",41m,"Bent Over Row (Barbell)",3,135.0,8.0,0,0.0,
2023-11-28 16:17:30,"Back And Bi",41m,"Pull Up",1,0.0,10.0,0,0.0,
2023-11-28 16:17:30,"Back And Bi",41m,"Pull Up",2,0.0,10.0,0,0.0,
2023-11-28 16:17:30,"Back And Bi",41m,"Pull Up",3,0.0,10.0,0,0.0,
2023-11-28 16:17:30,"Back And Bi",41m,"Bent Over One Arm Row (Dumbbell)",1,50.0,10.0,0,0.0,
2023-11-28 16:17:30,"Back And Bi",41m,"Bent Over One Arm Row (Dumbbell)",2,55.0,8.0,0,0.0,
2023-11-28 16:17:30,"Back And Bi",41m,"Bent Over One Arm Row (Dumbbell)",3,45.0,10.0,0,0.0,
2023-11-29 13:38:27,"Shoulders And Forearms",38m,"Reverse Fly (Machine)",1,90.0,10.0,0,0.0,
2023-11-29 13:38:27,"Shoulders And Forearms",38m,"Reverse Fly (Machine)",2,90.0,9.0,0,0.0,
2023-11-29 13:38:27,"Shoulders And Forearms",38m,"Reverse Fly (Machine)",3,90.0,6.0,0,0.0,
2023-11-29 13:38:27,"Shoulders And Forearms",38m,"Lateral Raise (Cable)",1,20.0,9.0,0,0.0,
2023-11-29 13:38:27,"Shoulders And Forearms",38m,"Lateral Raise (Cable)",2,20.0,9.0,0,0.0,
2023-11-29 13:38:27,"Shoulders And Forearms",38m,"Lateral Raise (Cable)",3,20.0,8.0,0,0.0,
2023-11-29 13:38:27,"Shoulders And Forearms",38m,"Front Raise (Cable)",1,30.0,10.0,0,0.0,
2023-11-29 13:38:27,"Shoulders And Forearms",38m,"Front Raise (Cable)",2,30.0,11.0,0,0.0,
2023-11-29 13:38:27,"Shoulders And Forearms",38m,"Front Raise (Cable)",3,30.0,10.0,0,0.0,
2023-11-29 13:38:27,"Shoulders And Forearms",38m,"Forearms Push Down",1,60.0,10.0,0,0.0,
2023-11-29 13:38:27,"Shoulders And Forearms",38m,"Forearm Curls",1,30.0,10.0,0,0.0,
2023-11-29 13:38:27,"Shoulders And Forearms",38m,"Forearm Curls",2,30.0,10.0,0,0.0,
2023-11-30 16:21:15,"Legs",56m,"Squat (Barbell)",1,185.0,2.0,0,0.0,
2023-11-30 16:21:15,"Legs",56m,"Squat (Barbell)",2,205.0,0.0,0,0.0,
2023-11-30 16:21:15,"Legs",56m,"Squat (Barbell)",3,165.0,5.0,0,0.0,
2023-11-30 16:21:15,"Legs",56m,"Squat (Barbell)",4,155.0,8.0,0,0.0,
2023-11-30 16:21:15,"Legs",56m,"Squat (Barbell)",5,135.0,10.0,0,0.0,
2023-11-30 16:21:15,"Legs",56m,"Leg Extension (Machine)",1,160.0,9.0,0,0.0,
2023-11-30 16:21:15,"Legs",56m,"Leg Extension (Machine)",2,180.0,8.0,0,0.0,
2023-11-30 16:21:15,"Legs",56m,"Leg Extension (Machine)",3,160.0,7.0,0,0.0,
2023-11-30 16:21:15,"Legs",56m,"Seated Leg Curl (Machine)",1,175.0,9.0,0,0.0,
2023-11-30 16:21:15,"Legs",56m,"Seated Leg Curl (Machine)",2,170.0,8.0,0,0.0,
2023-11-30 16:21:15,"Legs",56m,"Seated Leg Curl (Machine)",3,160.0,10.0,0,0.0,
2023-11-30 16:21:15,"Legs",56m,"Standing Calf Raise (Dumbbell)",1,40.0,10.0,0,0.0,
2023-11-30 16:21:15,"Legs",56m,"Standing Calf Raise (Dumbbell)",2,40.0,10.0,0,0.0,
2023-11-30 16:21:15,"Legs",56m,"Standing Calf Raise (Dumbbell)",3,40.0,10.0,0,0.0,
2023-12-01 06:22:38,"Chest + Tri",1h 5m,"Bench Press (Barbell)",1,185.0,1.0,0,0.0,
2023-12-01 06:22:38,"Chest + Tri",1h 5m,"Bench Press (Barbell)",2,155.0,8.0,0,0.0,
2023-12-01 06:22:38,"Chest + Tri",1h 5m,"Bench Press (Barbell)",3,135.0,12.0,0,0.0,
2023-12-01 06:22:38,"Chest + Tri",1h 5m,"Triceps Pushdown (Cable - Straight Bar)",1,52.5,12.0,0,0.0,
2023-12-01 06:22:38,"Chest + Tri",1h 5m,"Triceps Pushdown (Cable - Straight Bar)",2,57.5,10.0,0,0.0,
2023-12-01 06:22:38,"Chest + Tri",1h 5m,"Triceps Pushdown (Cable - Straight Bar)",3,47.5,10.0,0,0.0,
2023-12-03 17:42:10,"Legs",35m,"Squat (Barbell)",1,185.0,3.0,0,0.0,
2023-12-03 17:42:10,"Legs",35m,"Squat (Barbell)",2,205.0,1.0,0,0.0,
2023-12-03 17:42:10,"Legs",35m,"Squat (Barbell)",3,165.0,5.0,0,0.0,
2023-12-03 17:42:10,"Legs",35m,"Leg Extension (Machine)",1,175.0,7.0,0,0.0,
2023-12-03 17:42:10,"Legs",35m,"Leg Extension (Machine)",2,160.0,10.0,0,0.0,
2023-12-03 17:42:10,"Legs",35m,"Leg Extension (Machine)",3,160.0,7.0,0,0.0,
2023-12-03 17:42:10,"Legs",35m,"Seated Leg Curl (Machine)",1,180.0,6.0,0,0.0,
2023-12-03 17:42:10,"Legs",35m,"Seated Leg Curl (Machine)",2,160.0,9.0,0,0.0,
2023-12-03 17:42:10,"Legs",35m,"Seated Leg Curl (Machine)",3,160.0,8.0,0,0.0,
2023-12-03 17:42:10,"Legs",35m,"Seated Calf Raise (Plate Loaded)",1,90.0,10.0,0,0.0,
2023-12-03 17:42:10,"Legs",35m,"Seated Calf Raise (Plate Loaded)",2,90.0,10.0,0,0.0,
2023-12-03 17:42:10,"Legs",35m,"Seated Calf Raise (Plate Loaded)",3,90.0,10.0,0,0.0,
2023-12-04 15:37:46,"Chest + Tri",1h 2m,"Bench Press (Barbell)",1,185.0,1.0,0,0.0,
2023-12-04 15:37:46,"Chest + Tri",1h 2m,"Bench Press (Barbell)",2,155.0,7.0,0,0.0,
2023-12-04 15:37:46,"Chest + Tri",1h 2m,"Bench Press (Barbell)",3,135.0,10.0,0,0.0,
2023-12-04 15:37:46,"Chest + Tri",1h 2m,"Bench Press (Barbell)",4,135.0,9.0,0,0.0,
2023-12-04 15:37:46,"Chest + Tri",1h 2m,"Chest Press (Machine)",1,110.0,10.0,0,0.0,
2023-12-04 15:37:46,"Chest + Tri",1h 2m,"Chest Press (Machine)",2,130.0,7.0,0,0.0,
2023-12-04 15:37:46,"Chest + Tri",1h 2m,"Chest Press (Machine)",3,125.0,7.0,0,0.0,
2023-12-04 15:37:46,"Chest + Tri",1h 2m,"Triceps Pushdown (Cable - Straight Bar)",1,57.5,8.0,0,0.0,
2023-12-04 15:37:46,"Chest + Tri",1h 2m,"Triceps Pushdown (Cable - Straight Bar)",2,52.5,8.0,0,0.0,
2023-12-04 15:37:46,"Chest + Tri",1h 2m,"Triceps Pushdown (Cable - Straight Bar)",3,42.5,9.0,0,0.0,
2023-12-04 15:37:46,"Chest + Tri",1h 2m,"Triceps Extension (Cable)",1,37.5,10.0,0,0.0,
2023-12-04 15:37:46,"Chest + Tri",1h 2m,"Triceps Extension (Cable)",2,37.5,8.0,0,0.0,
2023-12-04 15:37:46,"Chest + Tri",1h 2m,"Triceps Extension (Cable)",3,32.5,10.0,0,0.0,
2023-12-04 15:37:46,"Chest + Tri",1h 2m,"Lateral Raise (Dumbbell)",1,24.0,10.0,0,0.0,
2023-12-04 15:37:46,"Chest + Tri",1h 2m,"Lateral Raise (Dumbbell)",2,24.0,10.0,0,0.0,
2023-12-04 15:37:46,"Chest + Tri",1h 2m,"Lateral Raise (Dumbbell)",3,24.0,10.0,0,0.0,
2023-12-04 15:37:46,"Chest + Tri",1h 2m,"Lateral Raise (Machine)",1,65.0,6.0,0,0.0,
2023-12-04 15:37:46,"Chest + Tri",1h 2m,"Lateral Raise (Machine)",2,40.0,9.0,0,0.0,
2023-12-04 15:37:46,"Chest + Tri",1h 2m,"Lateral Raise (Machine)",3,40.0,8.0,0,0.0,
2023-12-04 15:37:46,"Chest + Tri",1h 2m,"Shoulder Press (Machine)",1,70.0,7.0,0,0.0,
2023-12-04 15:37:46,"Chest + Tri",1h 2m,"Shoulder Press (Machine)",2,65.0,8.0,0,0.0,
2023-12-04 15:37:46,"Chest + Tri",1h 2m,"Shoulder Press (Machine)",3,50.0,11.0,0,0.0,
2023-12-05 16:15:05,"Back And Bi",53m,"Bicep Curl (Dumbbell)",1,80.0,9.0,0,0.0,
2023-12-05 16:15:05,"Back And Bi",53m,"Bicep Curl (Dumbbell)",2,80.0,6.0,0,0.0,
2023-12-05 16:15:05,"Back And Bi",53m,"Bicep Curl (Dumbbell)",3,70.0,10.0,0,0.0,
2023-12-05 16:15:05,"Back And Bi",53m,"Hammer Curl (Dumbbell)",1,80.0,6.0,0,0.0,
2023-12-05 16:15:05,"Back And Bi",53m,"Hammer Curl (Dumbbell)",2,70.0,8.0,0,0.0,
2023-12-05 16:15:05,"Back And Bi",53m,"Hammer Curl (Dumbbell)",3,70.0,8.0,0,0.0,
2023-12-05 16:15:05,"Back And Bi",53m,"Bent Over Row (Barbell)",1,115.0,10.0,0,0.0,
2023-12-05 16:15:05,"Back And Bi",53m,"Bent Over Row (Barbell)",2,115.0,10.0,0,0.0,
2023-12-05 16:15:05,"Back And Bi",53m,"Bent Over Row (Barbell)",3,115.0,10.0,0,0.0,
2023-12-05 16:15:05,"Back And Bi",53m,"Seated Row (Cable)",1,70.0,10.0,0,0.0,
2023-12-05 16:15:05,"Back And Bi",53m,"Seated Row (Cable)",2,60.0,10.0,0,0.0,
2023-12-05 16:15:05,"Back And Bi",53m,"Seated Row (Cable)",3,60.0,10.0,0,0.0,
2023-12-06 10:41:13,"Legs",54m,"Squat (Barbell)",1,185.0,3.0,0,0.0,
2023-12-06 10:41:13,"Legs",54m,"Squat (Barbell)",2,165.0,9.0,0,0.0,
2023-12-06 10:41:13,"Legs",54m,"Squat (Barbell)",3,165.0,7.0,0,0.0,
2023-12-06 10:41:13,"Legs",54m,"Squat (Barbell)",4,155.0,8.0,0,0.0,
2023-12-06 10:41:13,"Legs",54m,"Leg Extension (Machine)",1,185.0,8.0,0,0.0,
2023-12-06 10:41:13,"Legs",54m,"Leg Extension (Machine)",2,175.0,10.0,0,0.0,
2023-12-06 10:41:13,"Legs",54m,"Leg Extension (Machine)",3,165.0,8.0,0,0.0,
2023-12-06 10:41:13,"Legs",54m,"Seated Leg Curl (Machine)",1,185.0,7.0,0,0.0,
2023-12-06 10:41:13,"Legs",54m,"Seated Leg Curl (Machine)",2,175.0,10.0,0,0.0,
2023-12-06 10:41:13,"Legs",54m,"Seated Leg Curl (Machine)",3,165.0,8.0,0,0.0,
2023-12-06 10:41:13,"Legs",54m,"Seated Calf Raise (Plate Loaded)",1,110.0,8.0,0,0.0,
2023-12-06 10:41:13,"Legs",54m,"Seated Calf Raise (Plate Loaded)",2,90.0,10.0,0,0.0,
2023-12-06 10:41:13,"Legs",54m,"Seated Calf Raise (Plate Loaded)",3,90.0,10.0,0,0.0,
2023-12-07 16:40:45,"Chest + Tri",44m,"Bench Press (Dumbbell)",1,140.0,9.0,0,0.0,
2023-12-07 16:40:45,"Chest + Tri",44m,"Bench Press (Dumbbell)",2,160.0,3.0,0,0.0,
2023-12-07 16:40:45,"Chest + Tri",44m,"Bench Press (Dumbbell)",3,150.0,5.0,0,0.0,
2023-12-07 16:40:45,"Chest + Tri",44m,"Bench Press (Dumbbell)",4,140.0,5.0,0,0.0,
2023-12-07 16:40:45,"Chest + Tri",44m,"Incline Bench Press (Barbell)",1,135.0,2.0,0,0.0,
2023-12-07 16:40:45,"Chest + Tri",44m,"Incline Bench Press (Barbell)",2,115.0,9.0,0,0.0,
2023-12-07 16:40:45,"Chest + Tri",44m,"Incline Bench Press (Barbell)",3,105.0,8.0,0,0.0,
2023-12-07 16:40:45,"Chest + Tri",44m,"Triceps Pushdown (Cable - Straight Bar)",1,62.5,9.0,0,0.0,
2023-12-07 16:40:45,"Chest + Tri",44m,"Triceps Pushdown (Cable - Straight Bar)",2,67.5,6.0,0,0.0,
2023-12-07 16:40:45,"Chest + Tri",44m,"Triceps Pushdown (Cable - Straight Bar)",3,57.5,8.0,0,0.0,
2023-12-07 16:40:45,"Chest + Tri",44m,"Triceps Extension (Cable)",1,42.5,8.0,0,0.0,
2023-12-07 16:40:45,"Chest + Tri",44m,"Triceps Extension (Cable)",2,37.5,7.0,0,0.0,
2023-12-08 16:45:09,"Back And Bi",50m,"Bent Over Row (Barbell)",1,155.0,4.0,0,0.0,
2023-12-08 16:45:09,"Back And Bi",50m,"Bent Over Row (Barbell)",2,135.0,9.0,0,0.0,
2023-12-08 16:45:09,"Back And Bi",50m,"Bent Over Row (Barbell)",3,115.0,14.0,0,0.0,
2023-12-08 16:45:09,"Back And Bi",50m,"Seated Row (Machine)",1,110.0,10.0,0,0.0,
2023-12-08 16:45:09,"Back And Bi",50m,"Seated Row (Machine)",2,130.0,3.0,0,0.0,
2023-12-08 16:45:09,"Back And Bi",50m,"Seated Row (Machine)",3,110.0,8.0,0,0.0,
2023-12-08 16:45:09,"Back And Bi",50m,"Bicep Curl (Dumbbell)",1,90.0,3.0,0,0.0,
2023-12-08 16:45:09,"Back And Bi",50m,"Bicep Curl (Dumbbell)",2,80.0,7.0,0,0.0,
2023-12-08 16:45:09,"Back And Bi",50m,"Bicep Curl (Dumbbell)",3,70.0,7.0,0,0.0,
2023-12-08 16:45:09,"Back And Bi",50m,"Bicep Curl (Machine)",1,115.0,3.0,0,0.0,
2023-12-08 16:45:09,"Back And Bi",50m,"Bicep Curl (Machine)",2,100.0,5.0,0,0.0,
2023-12-08 16:45:09,"Back And Bi",50m,"Bicep Curl (Machine)",3,90.0,8.0,0,0.0,
2023-12-08 16:45:09,"Back And Bi",50m,"Pull Up",1,0.0,8.0,0,0.0,
2023-12-08 16:45:09,"Back And Bi",50m,"Pull Up",2,0.0,7.0,0,0.0,
2023-12-08 16:45:09,"Back And Bi",50m,"Pull Up",3,0.0,5.0,0,0.0,
2023-12-09 17:12:01,"Legs",41m,"Squat (Barbell)",1,155.0,7.0,0,0.0,
2023-12-09 17:12:01,"Legs",41m,"Squat (Barbell)",2,155.0,5.0,0,0.0,
2023-12-09 17:12:01,"Legs",41m,"Leg Extension (Machine)",1,175.0,9.0,0,0.0,
2023-12-11 20:38:29,"Chest + Tri",1h 32m,"Bench Press (Barbell)",1,185.0,1.0,0,0.0,
2023-12-11 20:38:29,"Chest + Tri",1h 32m,"Bench Press (Barbell)",2,165.0,5.0,0,0.0,
2023-12-11 20:38:29,"Chest + Tri",1h 32m,"Bench Press (Barbell)",3,155.0,9.0,0,0.0,
2023-12-11 20:38:29,"Chest + Tri",1h 32m,"Incline Bench Press (Barbell)",1,135.0,2.0,0,0.0,
2023-12-11 20:38:29,"Chest + Tri",1h 32m,"Incline Bench Press (Barbell)",2,115.0,8.0,0,0.0,
2023-12-11 20:38:29,"Chest + Tri",1h 32m,"Incline Bench Press (Barbell)",3,105.0,9.0,0,0.0,
2023-12-11 20:38:29,"Chest + Tri",1h 32m,"Triceps Pushdown (Cable - Straight Bar)",1,67.5,6.0,0,0.0,
2023-12-11 20:38:29,"Chest + Tri",1h 32m,"Triceps Pushdown (Cable - Straight Bar)",2,62.5,8.0,0,0.0,
2023-12-11 20:38:29,"Chest + Tri",1h 32m,"Triceps Pushdown (Cable - Straight Bar)",3,57.5,9.0,0,0.0,
2023-12-11 20:38:29,"Chest + Tri",1h 32m,"Triceps Extension (Cable)",1,37.5,10.0,0,0.0,
2023-12-11 20:38:29,"Chest + Tri",1h 32m,"Triceps Extension (Cable)",2,32.5,10.0,0,0.0,
2023-12-11 20:38:29,"Chest + Tri",1h 32m,"Triceps Extension (Cable)",3,32.5,9.0,0,0.0,
2023-12-11 20:38:29,"Chest + Tri",1h 32m,"Chest Fly",1,115.0,10.0,0,0.0,
2023-12-11 20:38:29,"Chest + Tri",1h 32m,"Chest Fly",2,115.0,10.0,0,0.0,
2023-12-12 15:06:06,"Back And Bi",48m,"Bicep Curl (Dumbbell)",1,90.0,2.0,0,0.0,
2023-12-12 15:06:06,"Back And Bi",48m,"Bicep Curl (Dumbbell)",2,80.0,6.0,0,0.0,
2023-12-12 15:06:06,"Back And Bi",48m,"Bicep Curl (Dumbbell)",3,70.0,8.0,0,0.0,
2023-12-12 15:06:06,"Back And Bi",48m,"Hammer Curl (Dumbbell)",1,80.0,2.0,0,0.0,
2023-12-12 15:06:06,"Back And Bi",48m,"Hammer Curl (Dumbbell)",2,70.0,6.0,0,0.0,
2023-12-12 15:06:06,"Back And Bi",48m,"Hammer Curl (Dumbbell)",3,70.0,7.0,0,0.0,
2023-12-12 15:06:06,"Back And Bi",48m,"Lat Pulldown (Cable)",1,65.0,10.0,0,0.0,
2023-12-12 15:06:06,"Back And Bi",48m,"Lat Pulldown (Cable)",2,65.0,7.0,0,0.0,
2023-12-12 15:06:06,"Back And Bi",48m,"Lat Pulldown (Cable)",3,57.5,10.0,0,0.0,
2023-12-12 15:06:06,"Back And Bi",48m,"Bent Over One Arm Row (Dumbbell)",1,50.0,10.0,0,0.0,
2023-12-12 15:06:06,"Back And Bi",48m,"Bent Over One Arm Row (Dumbbell)",2,50.0,10.0,0,0.0,
2023-12-12 15:06:06,"Back And Bi",48m,"Pull Up",1,0.0,10.0,0,0.0,
2023-12-13 14:36:53,"Legs",47m,"Squat (Barbell)",1,185.0,3.0,0,0.0,
2023-12-13 14:36:53,"Legs",47m,"Squat (Barbell)",2,165.0,5.0,0,0.0,
2023-12-13 14:36:53,"Legs",47m,"Squat (Barbell)",3,155.0,7.0,0,0.0,
2023-12-13 14:36:53,"Legs",47m,"Leg Extension (Machine)",1,190.0,8.0,0,0.0,
2023-12-13 14:36:53,"Legs",47m,"Leg Extension (Machine)",2,175.0,10.0,0,0.0,
2023-12-13 14:36:53,"Legs",47m,"Leg Extension (Machine)",3,175.0,10.0,0,0.0,
2023-12-13 14:36:53,"Legs",47m,"Seated Leg Curl (Machine)",1,190.0,3.0,0,0.0,
2023-12-13 14:36:53,"Legs",47m,"Seated Leg Curl (Machine)",2,180.0,8.0,0,0.0,
2023-12-13 14:36:53,"Legs",47m,"Seated Leg Curl (Machine)",3,170.0,6.0,0,0.0,
2023-12-14 09:04:52,"Chest + Tri",34m,"Bench Press (Barbell)",1,155.0,5.0,0,0.0,
2023-12-14 09:04:52,"Chest + Tri",34m,"Bench Press (Barbell)",2,135.0,10.0,0,0.0,
2023-12-14 09:04:52,"Chest + Tri",34m,"Bench Press (Barbell)",3,135.0,6.0,0,0.0,
2023-12-14 09:04:52,"Chest + Tri",34m,"Triceps Pushdown (Cable - Straight Bar)",1,57.5,6.0,0,0.0,
2023-12-14 09:04:52,"Chest + Tri",34m,"Triceps Pushdown (Cable - Straight Bar)",2,50.0,8.0,0,0.0,
2023-12-14 09:04:52,"Chest + Tri",34m,"Triceps Pushdown (Cable - Straight Bar)",3,42.5,10.0,0,0.0,
2023-12-14 09:04:52,"Chest + Tri",34m,"Triceps Extension (Cable)",1,35.0,9.0,0,0.0,
2023-12-14 09:04:52,"Chest + Tri",34m,"Triceps Extension (Cable)",2,35.0,9.0,0,0.0,
2023-12-14 09:04:52,"Chest + Tri",34m,"Triceps Extension (Cable)",3,35.0,10.0,0,0.0,
2023-12-14 09:04:52,"Chest + Tri",34m,"Lateral Raise (Machine)",1,40.0,10.0,0,0.0,
2023-12-14 09:04:52,"Chest + Tri",34m,"Lateral Raise (Machine)",2,40.0,9.0,0,0.0,
2023-12-14 09:04:52,"Chest + Tri",34m,"Lateral Raise (Machine)",3,40.0,8.0,0,0.0,
2023-12-16 10:00:51,"Back And Bi",30m,"Bicep Curl (Dumbbell)",1,80.0,5.0,0,0.0,
2023-12-16 10:00:51,"Back And Bi",30m,"Bicep Curl (Dumbbell)",2,70.0,8.0,0,0.0,
2023-12-16 10:00:51,"Back And Bi",30m,"Bicep Curl (Dumbbell)",3,70.0,5.0,0,0.0,
2023-12-16 10:00:51,"Back And Bi",30m,"Bicep Curl (Machine)",1,205.0,8.0,0,0.0,
2023-12-16 10:00:51,"Back And Bi",30m,"Bicep Curl (Machine)",2,205.0,5.0,0,0.0,
2023-12-16 10:00:51,"Back And Bi",30m,"Bicep Curl (Machine)",3,185.0,5.0,0,0.0,
2023-12-16 10:00:51,"Back And Bi",30m,"Bent Over Row (Barbell)",1,135.0,9.0,0,0.0,
2023-12-16 10:00:51,"Back And Bi",30m,"Bent Over Row (Barbell)",2,135.0,6.0,0,0.0,
2023-12-16 10:00:51,"Back And Bi",30m,"Bent Over Row (Barbell)",3,135.0,3.0,0,0.0,
2023-12-16 10:00:51,"Back And Bi",30m,"Pull Up",1,0.0,8.0,0,0.0,
2023-12-16 10:00:51,"Back And Bi",30m,"Lat Pulldown (Cable)",1,65.0,9.0,0,0.0,
2023-12-17 11:46:33,"Legs",34m,"Squat (Barbell)",1,185.0,2.0,0,0.0,
2023-12-17 11:46:33,"Legs",34m,"Squat (Barbell)",2,165.0,4.0,0,0.0,
2023-12-17 11:46:33,"Legs",34m,"Squat (Barbell)",3,155.0,6.0,0,0.0,
2023-12-17 11:46:33,"Legs",34m,"Squat (Barbell)",4,135.0,9.0,0,0.0,
2023-12-17 11:46:33,"Legs",34m,"Leg Extension (Machine)",1,130.0,9.0,0,0.0,
2023-12-17 11:46:33,"Legs",34m,"Leg Extension (Machine)",2,120.0,7.0,0,0.0,
2023-12-17 11:46:33,"Legs",34m,"Leg Extension (Machine)",3,110.0,7.0,0,0.0,
2023-12-17 11:46:33,"Legs",34m,"Seated Leg Curl (Machine)",1,120.0,7.0,0,0.0,
2023-12-17 11:46:33,"Legs",34m,"Seated Leg Curl (Machine)",2,110.0,7.0,0,0.0,
2023-12-17 11:46:33,"Legs",34m,"Seated Leg Curl (Machine)",3,100.0,6.0,0,0.0,
2023-12-18 15:24:08,"Chest + Tri",58m,"Bench Press (Barbell)",1,165.0,6.0,0,0.0,
2023-12-18 15:24:08,"Chest + Tri",58m,"Bench Press (Barbell)",2,155.0,5.0,0,0.0,
2023-12-18 15:24:08,"Chest + Tri",58m,"Bench Press (Barbell)",3,145.0,5.0,0,0.0,
2023-12-18 15:24:08,"Chest + Tri",58m,"Incline Bench Press (Barbell)",1,125.0,4.0,0,0.0,
2023-12-18 15:24:08,"Chest + Tri",58m,"Incline Bench Press (Barbell)",2,115.0,6.0,0,0.0,
2023-12-18 15:24:08,"Chest + Tri",58m,"Incline Bench Press (Barbell)",3,105.0,10.0,0,0.0,
2023-12-18 15:24:08,"Chest + Tri",58m,"Triceps Pushdown (Cable - Straight Bar)",1,57.5,7.0,0,0.0,
2023-12-18 15:24:08,"Chest + Tri",58m,"Triceps Pushdown (Cable - Straight Bar)",2,52.5,9.0,0,0.0,
2023-12-18 15:24:08,"Chest + Tri",58m,"Triceps Pushdown (Cable - Straight Bar)",3,47.5,10.0,0,0.0,
2023-12-18 15:24:08,"Chest + Tri",58m,"Triceps Extension (Cable)",1,35.0,10.0,0,0.0,
2023-12-18 15:24:08,"Chest + Tri",58m,"Triceps Extension (Cable)",2,42.5,6.0,0,0.0,
2023-12-18 15:24:08,"Chest + Tri",58m,"Triceps Extension (Cable)",3,35.0,10.0,0,0.0,
2023-12-18 15:24:08,"Chest + Tri",58m,"Lateral Raise (Machine)",1,35.0,10.0,0,0.0,
2023-12-18 15:24:08,"Chest + Tri",58m,"Lateral Raise (Machine)",2,35.0,8.0,0,0.0,
2023-12-18 15:24:08,"Chest + Tri",58m,"Lateral Raise (Machine)",3,35.0,7.0,0,0.0,
2023-12-18 15:24:08,"Chest + Tri",58m,"Chest Fly",1,120.0,9.0,0,0.0,
2023-12-18 15:24:08,"Chest + Tri",58m,"Chest Fly",2,120.0,7.0,0,0.0,
2023-12-19 12:21:55,"Back And Bi",18m,"Bicep Curl (Dumbbell)",1,80.0,4.0,0,0.0,
2023-12-19 12:21:55,"Back And Bi",18m,"Bicep Curl (Dumbbell)",2,70.0,10.0,0,0.0,
2023-12-19 12:21:55,"Back And Bi",18m,"Bicep Curl (Dumbbell)",3,70.0,8.0,0,0.0,
2023-12-19 12:21:55,"Back And Bi",18m,"Hammer Curl (Dumbbell)",1,80.0,1.0,0,0.0,
2023-12-19 12:21:55,"Back And Bi",18m,"Hammer Curl (Dumbbell)",2,70.0,10.0,0,0.0,
2023-12-19 12:21:55,"Back And Bi",18m,"Hammer Curl (Dumbbell)",3,70.0,7.0,0,0.0,
2023-12-19 15:34:21,"Back And Bi",56m,"Bent Over Row (Barbell)",1,155.0,4.0,0,0.0,
2023-12-19 15:34:21,"Back And Bi",56m,"Bent Over Row (Barbell)",2,135.0,11.0,0,0.0,
2023-12-19 15:34:21,"Back And Bi",56m,"Bent Over Row (Barbell)",3,135.0,6.0,0,0.0,
2023-12-19 15:34:21,"Back And Bi",56m,"Lat Pulldown (Cable)",1,65.0,8.0,0,0.0,
2023-12-19 15:34:21,"Back And Bi",56m,"Lat Pulldown (Cable)",2,57.5,9.0,0,0.0,
2023-12-19 15:34:21,"Back And Bi",56m,"Lat Pulldown (Cable)",3,50.0,10.0,0,0.0,
2023-12-19 15:34:21,"Back And Bi",56m,"Seated Row (Cable)",1,70.0,7.0,0,0.0,
2023-12-19 15:34:21,"Back And Bi",56m,"Seated Row (Cable)",2,60.0,8.0,0,0.0,
2023-12-19 15:34:21,"Back And Bi",56m,"Seated Row (Cable)",3,50.0,11.0,0,0.0,
2023-12-19 15:34:21,"Back And Bi",56m,"Front Raise (Cable)",1,12.5,10.0,0,0.0,
2023-12-19 15:34:21,"Back And Bi",56m,"Front Raise (Cable)",2,7.5,10.0,0,0.0,
2023-12-19 15:34:21,"Back And Bi",56m,"Reverse Fly (Cable)",1,6.0,10.0,0,0.0,
2023-12-19 15:34:21,"Back And Bi",56m,"Reverse Fly (Cable)",2,14.0,10.0,0,0.0,
2023-12-21 08:23:19,"Legs",30m,"Squat (Barbell)",1,185.0,1.0,0,0.0,
2023-12-21 08:23:19,"Legs",30m,"Hack Squat",1,155.0,11.0,0,0.0,
2023-12-21 08:23:19,"Legs",30m,"Hack Squat",2,165.0,8.0,0,0.0,
2023-12-21 08:23:19,"Legs",30m,"Hack Squat",3,155.0,8.0,0,0.0,
2023-12-21 08:23:19,"Legs",30m,"Leg Extension (Machine)",1,130.0,10.0,0,0.0,
2023-12-21 08:23:19,"Legs",30m,"Leg Extension (Machine)",2,120.0,8.0,0,0.0,
2023-12-21 08:23:19,"Legs",30m,"Leg Extension (Machine)",3,110.0,7.0,0,0.0,
2023-12-22 10:37:22,"Chest + Tri",35m,"Bench Press (Barbell)",1,165.0,6.0,0,0.0,
2023-12-22 10:37:22,"Chest + Tri",35m,"Bench Press (Barbell)",2,155.0,6.0,0,0.0,
2023-12-22 10:37:22,"Chest + Tri",35m,"Bench Press (Barbell)",3,145.0,7.0,0,0.0,
2023-12-22 10:37:22,"Chest + Tri",35m,"Bench Press (Barbell)",4,135.0,7.0,0,0.0,
2023-12-22 10:37:22,"Chest + Tri",35m,"Incline Bench Press (Barbell)",1,125.0,3.0,0,0.0,
2023-12-22 10:37:22,"Chest + Tri",35m,"Incline Bench Press (Barbell)",2,125.0,5.0,0,0.0,
2023-12-22 10:37:22,"Chest + Tri",35m,"Triceps Pushdown (Cable - Straight Bar)",1,57.5,7.0,0,0.0,
2023-12-22 10:37:22,"Chest + Tri",35m,"Triceps Pushdown (Cable - Straight Bar)",2,52.5,10.0,0,0.0,
2023-12-22 10:37:22,"Chest + Tri",35m,"Triceps Pushdown (Cable - Straight Bar)",3,50.0,8.0,0,0.0,
2023-12-22 10:37:22,"Chest + Tri",35m,"Lateral Raise (Machine)",1,40.0,8.0,0,0.0,
2023-12-22 10:37:22,"Chest + Tri",35m,"Lateral Raise (Machine)",2,35.0,7.0,0,0.0,
2023-12-22 10:37:22,"Chest + Tri",35m,"Lateral Raise (Machine)",3,25.0,10.0,0,0.0,
2023-12-26 15:16:33,"Push",1h 3m,"Bench Press (Barbell)",1,165.0,7.0,0,0.0,
2023-12-26 15:16:33,"Push",1h 3m,"Bench Press (Barbell)",2,155.0,6.0,0,0.0,
2023-12-26 15:16:33,"Push",1h 3m,"Bench Press (Barbell)",3,145.0,7.0,0,0.0,
2023-12-26 15:16:33,"Push",1h 3m,"Incline Bench Press (Barbell)",1,115.0,6.0,0,0.0,
2023-12-26 15:16:33,"Push",1h 3m,"Triceps Pushdown (Cable - Straight Bar)",1,55.0,6.0,0,0.0,
2023-12-26 15:16:33,"Push",1h 3m,"Triceps Pushdown (Cable - Straight Bar)",2,50.0,9.0,0,0.0,
2023-12-26 15:16:33,"Push",1h 3m,"Triceps Pushdown (Cable - Straight Bar)",3,45.0,10.0,0,0.0,
2023-12-26 15:16:33,"Push",1h 3m,"Triceps Extension (Cable)",1,45.0,6.0,0,0.0,
2023-12-26 15:16:33,"Push",1h 3m,"Triceps Extension (Cable)",2,40.0,8.0,0,0.0,
2023-12-26 15:16:33,"Push",1h 3m,"Triceps Extension (Cable)",3,35.0,8.0,0,0.0,
2023-12-26 15:16:33,"Push",1h 3m,"Lateral Raise (Dumbbell)",1,20.0,10.0,0,0.0,
2023-12-26 15:16:33,"Push",1h 3m,"Lateral Raise (Dumbbell)",2,20.0,10.0,0,0.0,
2023-12-26 15:16:33,"Push",1h 3m,"Lateral Raise (Dumbbell)",3,20.0,10.0,0,0.0,
2023-12-26 15:16:33,"Push",1h 3m,"Reverse Fly (Machine)",1,80.0,10.0,0,0.0,
2023-12-26 15:16:33,"Push",1h 3m,"Reverse Fly (Machine)",2,90.0,10.0,0,0.0,
2023-12-26 15:16:33,"Push",1h 3m,"Reverse Fly (Machine)",3,85.0,8.0,0,0.0,
2023-12-26 15:16:33,"Push",1h 3m,"Incline Bench Press (Dumbbell)",1,110.0,6.0,0,0.0,
2023-12-26 15:16:33,"Push",1h 3m,"Incline Bench Press (Dumbbell)",2,110.0,5.0,0,0.0,
2023-12-26 15:16:33,"Push",1h 3m,"Chest Fly",1,120.0,8.0,0,0.0,
2023-12-26 15:16:33,"Push",1h 3m,"Chest Fly",2,115.0,7.0,0,0.0,
2023-12-26 15:16:33,"Push",1h 3m,"Front Raise (Cable)",1,15.0,7.0,0,0.0,
2023-12-26 15:16:33,"Push",1h 3m,"Front Raise (Cable)",2,10.0,7.0,0,0.0,
2023-12-30 07:41:29,"Back And Bi",40m,"Bicep Curl (Dumbbell)",1,80.0,5.0,0,0.0,
2023-12-30 07:41:29,"Back And Bi",40m,"Bicep Curl (Dumbbell)",2,70.0,8.0,0,0.0,
2023-12-30 07:41:29,"Back And Bi",40m,"Bicep Curl (Dumbbell)",3,70.0,5.0,0,0.0,
2023-12-30 07:41:29,"Back And Bi",40m,"Hammer Curl (Dumbbell)",1,80.0,2.0,0,0.0,
2023-12-30 07:41:29,"Back And Bi",40m,"Hammer Curl (Dumbbell)",2,70.0,8.0,0,0.0,
2023-12-30 07:41:29,"Back And Bi",40m,"Hammer Curl (Dumbbell)",3,70.0,6.0,0,0.0,
2023-12-30 07:41:29,"Back And Bi",40m,"Bent Over Row (Barbell)",1,155.0,2.0,0,0.0,
2023-12-30 07:41:29,"Back And Bi",40m,"Bent Over Row (Barbell)",2,135.0,6.0,0,0.0,
2023-12-30 07:41:29,"Back And Bi",40m,"Bent Over Row (Barbell)",3,115.0,10.0,0,0.0,
2023-12-30 07:41:29,"Back And Bi",40m,"Lat Pulldown (Cable)",1,65.0,9.0,0,0.0,
2023-12-30 07:41:29,"Back And Bi",40m,"Lat Pulldown (Cable)",2,57.5,8.0,0,0.0,
2023-12-31 08:27:07,"Legs",14m,"Romanian Deadlift (Dumbbell)",1,100.0,11.0,0,0.0,
2023-12-31 08:27:07,"Legs",14m,"Squat (Dumbbell)",1,100.0,10.0,0,0.0,
2023-12-31 08:27:07,"Legs",14m,"Squat (Dumbbell)",2,100.0,7.0,0,0.0,
2023-12-31 08:27:07,"Legs",14m,"Bulgarian Split Squat",1,100.0,8.0,0,0.0,
2023-12-31 08:27:07,"Legs",14m,"Bulgarian Split Squat",2,100.0,5.0,0,0.0,
2024-01-01 11:15:58,"Push",34m,"Bench Press (Barbell)",1,165.0,2.0,0,0.0,
2024-01-01 11:15:58,"Push",34m,"Bench Press (Barbell)",2,155.0,4.0,0,0.0,
2024-01-01 11:15:58,"Push",34m,"Incline Bench Press (Dumbbell)",1,120.0,8.0,0,0.0,
2024-01-01 11:15:58,"Push",34m,"Incline Bench Press (Dumbbell)",2,120.0,5.0,0,0.0,
2024-01-01 11:15:58,"Push",34m,"Incline Bench Press (Dumbbell)",3,100.0,7.0,0,0.0,
2024-01-01 11:15:58,"Push",34m,"Triceps Pushdown (Cable - Straight Bar)",1,55.0,9.0,0,0.0,
2024-01-01 11:15:58,"Push",34m,"Triceps Pushdown (Cable - Straight Bar)",2,52.5,8.0,0,0.0,
2024-01-01 11:15:58,"Push",34m,"Triceps Pushdown (Cable - Straight Bar)",3,50.0,7.0,0,0.0,
2024-01-01 11:15:58,"Push",34m,"Triceps Extension (Cable)",1,45.0,7.0,0,0.0,
2024-01-01 11:15:58,"Push",34m,"Triceps Extension (Cable)",2,40.0,8.0,0,0.0,
2024-01-01 11:15:58,"Push",34m,"Triceps Extension (Cable)",3,35.0,7.0,0,0.0,
2024-01-01 11:15:58,"Push",34m,"Chest Fly",1,125.0,11.0,0,0.0,
2024-01-01 11:15:58,"Push",34m,"Chest Fly",2,130.0,8.0,0,0.0,
2024-01-01 11:15:58,"Push",34m,"Reverse Fly (Machine)",1,80.0,10.0,0,0.0,
2024-01-01 11:15:58,"Push",34m,"Reverse Fly (Machine)",2,90.0,10.0,0,0.0,
2024-01-01 11:15:58,"Push",34m,"Reverse Fly (Machine)",3,85.0,8.0,0,0.0,
2024-01-02 15:29:19,"Legs",46m,"Squat (Barbell)",1,165.0,4.0,0,0.0,
2024-01-02 15:29:19,"Legs",46m,"Squat (Barbell)",2,155.0,5.0,0,0.0,
2024-01-02 15:29:19,"Legs",46m,"Squat (Barbell)",3,135.0,10.0,0,0.0,
2024-01-02 15:29:19,"Legs",46m,"Leg Extension (Machine)",1,135.0,10.0,0,0.0,
2024-01-02 15:29:19,"Legs",46m,"Leg Extension (Machine)",2,125.0,7.0,0,0.0,
2024-01-02 15:29:19,"Legs",46m,"Leg Extension (Machine)",3,115.0,6.0,0,0.0,
2024-01-02 15:29:19,"Legs",46m,"Lateral Raise (Machine)",1,40.0,10.0,0,0.0,
2024-01-02 15:29:19,"Legs",46m,"Lateral Raise (Machine)",2,55.0,5.0,0,0.0,
2024-01-02 15:29:19,"Legs",46m,"Lateral Raise (Machine)",3,45.0,7.0,0,0.0,
2024-01-02 15:29:19,"Legs",46m,"Seated Leg Curl (Machine)",1,120.0,7.0,0,0.0,
2024-01-02 15:29:19,"Legs",46m,"Seated Leg Curl (Machine)",2,110.0,7.0,0,0.0,
2024-01-02 15:29:19,"Legs",46m,"Standing Calf Raise (Machine)",1,100.0,9.0,0,0.0,
2024-01-02 15:29:19,"Legs",46m,"Standing Calf Raise (Machine)",2,90.0,10.0,0,0.0,
2024-01-02 15:29:19,"Legs",46m,"Standing Calf Raise (Machine)",3,70.0,10.0,0,0.0,
2024-01-02 15:29:19,"Legs",46m,"Seated Overhead Press (Barbell)",1,95.0,8.0,0,0.0,
2024-01-03 06:57:04,"Back And Bi",40m,"Bicep Curl (Dumbbell)",1,80.0,4.0,0,0.0,
2024-01-03 06:57:04,"Back And Bi",40m,"Bicep Curl (Dumbbell)",2,70.0,8.0,0,0.0,
2024-01-03 06:57:04,"Back And Bi",40m,"Bicep Curl (Dumbbell)",3,70.0,7.0,0,0.0,
2024-01-03 06:57:04,"Back And Bi",40m,"Bicep Curl (Machine)",1,70.0,8.0,0,0.0,
2024-01-03 06:57:04,"Back And Bi",40m,"Bicep Curl (Machine)",2,70.0,7.0,0,0.0,
2024-01-03 06:57:04,"Back And Bi",40m,"Bicep Curl (Machine)",3,65.0,10.0,0,0.0,
2024-01-03 06:57:04,"Back And Bi",40m,"Bent Over Row (Barbell)",1,135.0,7.0,0,0.0,
2024-01-03 06:57:04,"Back And Bi",40m,"Bent Over Row (Barbell)",2,145.0,3.0,0,0.0,
2024-01-03 06:57:04,"Back And Bi",40m,"Bent Over Row (Barbell)",3,115.0,7.0,0,0.0,
2024-01-03 06:57:04,"Back And Bi",40m,"Lat Pulldown (Cable)",1,85.0,8.0,0,0.0,
2024-01-03 06:57:04,"Back And Bi",40m,"Lat Pulldown (Cable)",2,100.0,11.0,0,0.0,
2024-01-03 06:57:04,"Back And Bi",40m,"Lat Pulldown (Cable)",3,100.0,11.0,0,0.0,
2024-01-03 06:57:04,"Back And Bi",40m,"Pull Up",1,0.0,7.0,0,0.0,
2024-01-03 06:57:04,"Back And Bi",40m,"Pull Up (Assisted)",1,30.0,10.0,0,0.0,
2024-01-04 09:07:17,"Push",1h,"Bench Press (Barbell)",1,165.0,7.0,0,0.0,
2024-01-04 09:07:17,"Push",1h,"Bench Press (Barbell)",2,155.0,7.0,0,0.0,
2024-01-04 09:07:17,"Push",1h,"Bench Press (Barbell)",3,145.0,7.0,0,0.0,
2024-01-04 09:07:17,"Push",1h,"Incline Bench Press (Dumbbell)",1,120.0,5.0,0,0.0,
2024-01-04 09:07:17,"Push",1h,"Incline Bench Press (Dumbbell)",2,110.0,6.0,0,0.0,
2024-01-04 09:07:17,"Push",1h,"Incline Bench Press (Dumbbell)",3,110.0,5.0,0,0.0,
2024-01-04 09:07:17,"Push",1h,"Triceps Pushdown (Cable - Straight Bar)",1,57.5,5.0,0,0.0,
2024-01-04 09:07:17,"Push",1h,"Triceps Pushdown (Cable - Straight Bar)",2,55.0,6.0,0,0.0,
2024-01-04 09:07:17,"Push",1h,"Triceps Pushdown (Cable - Straight Bar)",3,52.5,6.0,0,0.0,
2024-01-04 09:07:17,"Push",1h,"Triceps Extension (Cable)",1,45.0,6.0,0,0.0,
2024-01-04 09:07:17,"Push",1h,"Triceps Extension (Cable)",2,42.5,6.0,0,0.0,
2024-01-04 09:07:17,"Push",1h,"Triceps Extension (Cable)",3,35.0,7.0,0,0.0,
2024-01-04 09:07:17,"Push",1h,"Lateral Raise (Dumbbell)",1,25.0,9.0,0,0.0,
2024-01-04 09:07:17,"Push",1h,"Lateral Raise (Dumbbell)",2,25.0,6.0,0,0.0,
2024-01-04 09:07:17,"Push",1h,"Lateral Raise (Dumbbell)",3,20.0,6.0,0,0.0,
2024-01-04 09:07:17,"Push",1h,"Reverse Fly (Machine)",1,90.0,10.0,0,0.0,
2024-01-04 09:07:17,"Push",1h,"Reverse Fly (Machine)",2,85.0,10.0,0,0.0,
2024-01-05 14:01:10,"Legs",31m,"Squat (Barbell)",1,185.0,2.0,0,0.0,
2024-01-05 14:01:10,"Legs",31m,"Squat (Barbell)",2,165.0,4.0,0,0.0,
2024-01-05 14:01:10,"Legs",31m,"Hack Squat",1,165.0,10.0,0,0.0,
2024-01-05 14:01:10,"Legs",31m,"Hack Squat",2,185.0,5.0,0,0.0,
2024-01-05 14:01:10,"Legs",31m,"Leg Extension (Machine)",1,135.0,9.0,0,0.0,
2024-01-05 14:01:10,"Legs",31m,"Leg Extension (Machine)",2,125.0,7.0,0,0.0,
2024-01-05 14:01:10,"Legs",31m,"Seated Leg Curl (Machine)",1,120.0,7.0,0,0.0,
2024-01-05 14:01:10,"Legs",31m,"Seated Leg Curl (Machine)",2,110.0,6.0,0,0.0,
2024-01-05 14:01:10,"Legs",31m,"Seated Calf Raise (Plate Loaded)",1,90.0,10.0,0,0.0,
2024-01-05 14:01:10,"Legs",31m,"Seated Calf Raise (Plate Loaded)",2,90.0,10.0,0,0.0,
2024-01-07 10:27:46,"Back And Bi",26m,"Bicep Curl (Cable)",1,65.0,9.0,0,0.0,
2024-01-07 10:27:46,"Back And Bi",26m,"Bicep Curl (Cable)",2,57.5,6.0,0,0.0,
2024-01-07 10:27:46,"Back And Bi",26m,"Bicep Curl (Cable)",3,50.0,8.0,0,0.0,
2024-01-07 10:27:46,"Back And Bi",26m,"Bicep Curl (Machine)",1,90.0,8.0,0,0.0,
2024-01-07 10:27:46,"Back And Bi",26m,"Bicep Curl (Machine)",2,80.0,6.0,0,0.0,
2024-01-07 10:27:46,"Back And Bi",26m,"Bicep Curl (Machine)",3,75.0,8.0,0,0.0,
2024-01-07 10:27:46,"Back And Bi",26m,"Lat Pulldown (Cable)",1,70.0,8.0,0,0.0,
2024-01-07 10:27:46,"Back And Bi",26m,"Lat Pulldown (Cable)",2,65.0,8.0,0,0.0,
2024-01-07 10:27:46,"Back And Bi",26m,"Bent Over Row (Barbell)",1,135.0,7.0,0,0.0,
2024-01-07 10:27:46,"Back And Bi",26m,"Bent Over Row (Barbell)",2,115.0,7.0,0,0.0,
2024-01-07 10:27:46,"Back And Bi",26m,"Pull Up",1,0.0,7.0,0,0.0,
2024-01-07 10:27:46,"Back And Bi",26m,"Pull Up",2,0.0,5.0,0,0.0,
2024-01-08 13:26:33,"Push",59m,"Bench Press (Barbell)",1,185.0,2.0,0,0.0,
2024-01-08 13:26:33,"Push",59m,"Bench Press (Barbell)",2,165.0,8.0,0,0.0,
2024-01-08 13:26:33,"Push",59m,"Bench Press (Barbell)",3,155.0,6.0,0,0.0,
2024-01-08 13:26:33,"Push",59m,"Bench Press (Barbell)",4,145.0,5.0,0,0.0,
2024-01-08 13:26:33,"Push",59m,"Chest Press (Machine)",1,150.0,6.0,0,0.0,
2024-01-08 13:26:33,"Push",59m,"Chest Press (Machine)",2,140.0,5.0,0,0.0,
2024-01-08 13:26:33,"Push",59m,"Chest Press (Machine)",3,130.0,5.0,0,0.0,
2024-01-08 13:26:33,"Push",59m,"Triceps Pushdown (Cable - Straight Bar)",1,67.5,7.0,0,0.0,
2024-01-08 13:26:33,"Push",59m,"Triceps Pushdown (Cable - Straight Bar)",2,62.5,8.0,0,0.0,
2024-01-08 13:26:33,"Push",59m,"Triceps Pushdown (Cable - Straight Bar)",3,57.5,7.0,0,0.0,
2024-01-08 13:26:33,"Push",59m,"Triceps Extension (Cable)",1,45.0,8.0,0,0.0,
2024-01-08 13:26:33,"Push",59m,"Triceps Extension (Cable)",2,42.5,6.0,0,0.0,
2024-01-08 13:26:33,"Push",59m,"Triceps Extension (Cable)",3,37.5,6.0,0,0.0,
2024-01-08 13:26:33,"Push",59m,"Lateral Raise (Cable)",1,12.5,7.0,0,0.0,
2024-01-08 13:26:33,"Push",59m,"Lateral Raise (Cable)",2,10.0,7.0,0,0.0,
2024-01-08 18:28:20,"Push",13m,"Reverse Fly (Machine)",1,90.0,7.0,0,0.0,
2024-01-08 18:28:20,"Push",13m,"Reverse Fly (Machine)",2,85.0,6.0,0,0.0,
2024-01-08 18:28:20,"Push",13m,"Reverse Fly (Machine)",3,70.0,8.0,0,0.0,
2024-01-08 18:28:20,"Push",13m,"Front Raise (Dumbbell)",1,30.0,8.0,0,0.0,
2024-01-08 18:28:20,"Push",13m,"Front Raise (Dumbbell)",2,30.0,6.0,0,0.0,
2024-01-08 18:28:20,"Push",13m,"Front Raise (Dumbbell)",3,30.0,5.0,0,0.0,
2024-01-09 13:44:33,"Back And Bi",34m,"Lat Pulldown (Machine)",1,140.0,10.0,0,0.0,
2024-01-09 13:44:33,"Back And Bi",34m,"Lat Pulldown (Machine)",2,130.0,9.0,0,0.0,
2024-01-09 13:44:33,"Back And Bi",34m,"Lat Pulldown (Machine)",3,120.0,6.0,0,0.0,
2024-01-09 13:44:33,"Back And Bi",34m,"Bent Over Row (Barbell)",1,135.0,8.0,0,0.0,
2024-01-09 13:44:33,"Back And Bi",34m,"Bent Over Row (Barbell)",2,135.0,8.0,0,0.0,
2024-01-09 13:44:33,"Back And Bi",34m,"Bent Over Row (Barbell)",3,135.0,6.0,0,0.0,
2024-01-09 13:44:33,"Back And Bi",34m,"Bicep Curl (Dumbbell)",1,80.0,4.0,0,0.0,
2024-01-09 13:44:33,"Back And Bi",34m,"Bicep Curl (Dumbbell)",2,70.0,8.0,0,0.0,
2024-01-09 13:44:33,"Back And Bi",34m,"Bicep Curl (Dumbbell)",3,70.0,7.0,0,0.0,
2024-01-09 13:44:33,"Back And Bi",34m,"Hammer Curl (Dumbbell)",1,70.0,8.0,0,0.0,
2024-01-09 13:44:33,"Back And Bi",34m,"Hammer Curl (Dumbbell)",2,70.0,7.0,0,0.0,
2024-01-09 13:44:33,"Back And Bi",34m,"Pull Up",1,0.0,7.0,0,0.0,
2024-01-09 13:44:33,"Back And Bi",34m,"Pull Up",2,0.0,4.0,0,0.0,
2024-01-10 12:19:28,"Legs",1h 2m,"Romanian Deadlift (Barbell)",1,185.0,8.0,0,0.0,
2024-01-10 12:19:28,"Legs",1h 2m,"Romanian Deadlift (Barbell)",2,205.0,6.0,0,0.0,
2024-01-10 12:19:28,"Legs",1h 2m,"Squat (Barbell)",1,135.0,10.0,0,0.0,
2024-01-10 12:19:28,"Legs",1h 2m,"Squat (Barbell)",2,155.0,8.0,0,0.0,
2024-01-10 12:19:28,"Legs",1h 2m,"Squat (Barbell)",3,185.0,2.0,0,0.0,
2024-01-10 12:19:28,"Legs",1h 2m,"Leg Extension (Machine)",1,145.0,10.0,0,0.0,
2024-01-10 12:19:28,"Legs",1h 2m,"Leg Extension (Machine)",2,135.0,9.0,0,0.0,
2024-01-10 12:19:28,"Legs",1h 2m,"Leg Extension (Machine)",3,135.0,9.0,0,0.0,
2024-01-10 12:19:28,"Legs",1h 2m,"Seated Leg Curl (Machine)",1,135.0,10.0,0,0.0,
2024-01-10 12:19:28,"Legs",1h 2m,"Seated Leg Curl (Machine)",2,135.0,10.0,0,0.0,
2024-01-10 12:19:28,"Legs",1h 2m,"Seated Leg Curl (Machine)",3,135.0,7.0,0,0.0,
2024-01-10 12:19:28,"Legs",1h 2m,"Standing Calf Raise (Dumbbell)",1,40.0,10.0,0,0.0,
2024-01-10 12:19:28,"Legs",1h 2m,"Standing Calf Raise (Dumbbell)",2,40.0,10.0,0,0.0,
2024-01-10 12:19:28,"Legs",1h 2m,"Standing Calf Raise (Dumbbell)",3,40.0,10.0,0,0.0,
2024-01-11 16:41:29,"Push",1h 2m,"Bench Press (Barbell)",1,185.0,2.0,0,0.0,
2024-01-11 16:41:29,"Push",1h 2m,"Bench Press (Barbell)",2,165.0,5.0,0,0.0,
2024-01-11 16:41:29,"Push",1h 2m,"Bench Press (Barbell)",3,155.0,6.0,0,0.0,
2024-01-11 16:41:29,"Push",1h 2m,"Incline Bench Press (Dumbbell)",1,100.0,6.0,0,0.0,
2024-01-11 16:41:29,"Push",1h 2m,"Incline Bench Press (Dumbbell)",2,100.0,7.0,0,0.0,
2024-01-11 16:41:29,"Push",1h 2m,"Incline Bench Press (Dumbbell)",3,90.0,5.0,0,0.0,
2024-01-11 16:41:29,"Push",1h 2m,"Triceps Pushdown (Cable - Straight Bar)",1,57.5,6.0,0,0.0,
2024-01-11 16:41:29,"Push",1h 2m,"Triceps Pushdown (Cable - Straight Bar)",2,47.5,9.0,0,0.0,
2024-01-11 16:41:29,"Push",1h 2m,"Triceps Pushdown (Cable - Straight Bar)",3,42.5,7.0,0,0.0,
2024-01-11 16:41:29,"Push",1h 2m,"Triceps Extension (Cable)",1,42.5,7.0,0,0.0,
2024-01-11 16:41:29,"Push",1h 2m,"Triceps Extension (Cable)",2,32.5,10.0,0,0.0,
2024-01-11 16:41:29,"Push",1h 2m,"Triceps Extension (Cable)",3,32.5,10.0,0,0.0,
2024-01-11 16:41:29,"Push",1h 2m,"Lateral Raise (Dumbbell)",1,30.0,4.0,0,0.0,
2024-01-11 16:41:29,"Push",1h 2m,"Lateral Raise (Dumbbell)",2,20.0,9.0,0,0.0,
2024-01-11 16:41:29,"Push",1h 2m,"Lateral Raise (Dumbbell)",3,20.0,9.0,0,0.0,
2024-01-11 16:41:29,"Push",1h 2m,"Chest Fly",1,120.0,7.0,0,0.0,
2024-01-11 16:41:29,"Push",1h 2m,"Front Raise (Barbell)",1,20.0,10.0,0,0.0,
2024-01-12 11:50:22,"Back And Bi",48m,"Lat Pulldown (Machine)",1,140.0,10.0,0,0.0,
2024-01-12 11:50:22,"Back And Bi",48m,"Lat Pulldown (Machine)",2,130.0,9.0,0,0.0,
2024-01-12 11:50:22,"Back And Bi",48m,"Lat Pulldown (Machine)",3,120.0,6.0,0,0.0,
2024-01-12 11:50:22,"Back And Bi",48m,"Seated Row (Cable)",1,70.0,7.0,0,0.0,
2024-01-12 11:50:22,"Back And Bi",48m,"Seated Row (Cable)",2,60.0,8.0,0,0.0,
2024-01-12 11:50:22,"Back And Bi",48m,"Seated Row (Cable)",3,50.0,11.0,0,0.0,
2024-01-12 11:50:22,"Back And Bi",48m,"Bicep Curl (Dumbbell)",1,80.0,5.0,0,0.0,
2024-01-12 11:50:22,"Back And Bi",48m,"Bicep Curl (Dumbbell)",2,70.0,10.0,0,0.0,
2024-01-12 11:50:22,"Back And Bi",48m,"Bicep Curl (Dumbbell)",3,70.0,6.0,0,0.0,
2024-01-12 11:50:22,"Back And Bi",48m,"Hammer Curl (Dumbbell)",1,70.0,7.0,0,0.0,
2024-01-14 13:53:33,"Legs",52m,"Squat (Barbell)",1,185.0,1.0,0,0.0,
2024-01-14 13:53:33,"Legs",52m,"Squat (Barbell)",2,165.0,4.0,0,0.0,
2024-01-14 13:53:33,"Legs",52m,"Squat (Barbell)",3,155.0,6.0,0,0.0,
2024-01-14 13:53:33,"Legs",52m,"Leg Extension (Machine)",1,190.0,9.0,0,0.0,
2024-01-14 13:53:33,"Legs",52m,"Leg Extension (Machine)",2,180.0,8.0,0,0.0,
2024-01-14 13:53:33,"Legs",52m,"Leg Extension (Machine)",3,170.0,8.0,0,0.0,
2024-01-14 13:53:33,"Legs",52m,"Lying Leg Curl (Machine)",1,130.0,7.0,0,0.0,
2024-01-14 13:53:33,"Legs",52m,"Lying Leg Curl (Machine)",2,120.0,6.0,0,0.0,
2024-01-14 13:53:33,"Legs",52m,"Lying Leg Curl (Machine)",3,90.0,5.0,0,0.0,
2024-01-14 13:53:33,"Legs",52m,"Seated Calf Raise (Plate Loaded)",1,50.0,10.0,0,0.0,
2024-01-14 13:53:33,"Legs",52m,"Seated Calf Raise (Plate Loaded)",2,50.0,10.0,0,0.0,
2024-01-14 13:53:33,"Legs",52m,"Seated Calf Raise (Plate Loaded)",3,50.0,10.0,0,0.0,
2024-01-14 13:53:33,"Legs",52m,"Deadlift (Barbell)",1,225.0,8.0,0,0.0,
2024-01-14 13:53:33,"Legs",52m,"Deadlift (Barbell)",2,275.0,1.0,0,0.0,
2024-01-15 16:53:24,"Push",1h 15m,"Bench Press (Barbell)",1,185.0,2.0,0,0.0,
2024-01-15 16:53:24,"Push",1h 15m,"Bench Press (Barbell)",2,165.0,5.0,0,0.0,
2024-01-15 16:53:24,"Push",1h 15m,"Bench Press (Barbell)",3,155.0,7.0,0,0.0,
2024-01-15 16:53:24,"Push",1h 15m,"Triceps Pushdown (Cable - Straight Bar)",1,52.5,8.0,0,0.0,
2024-01-15 16:53:24,"Push",1h 15m,"Triceps Pushdown (Cable - Straight Bar)",2,47.5,9.0,0,0.0,
2024-01-15 16:53:24,"Push",1h 15m,"Triceps Pushdown (Cable - Straight Bar)",3,42.5,8.0,0,0.0,
2024-01-15 16:53:24,"Push",1h 15m,"Triceps Extension (Cable)",1,42.5,8.0,0,0.0,
2024-01-15 16:53:24,"Push",1h 15m,"Triceps Extension (Cable)",2,37.5,8.0,0,0.0,
2024-01-15 16:53:24,"Push",1h 15m,"Triceps Extension (Cable)",3,32.5,8.0,0,0.0,
2024-01-15 16:53:24,"Push",1h 15m,"Lateral Raise (Machine)",1,45.0,10.0,0,0.0,
2024-01-15 16:53:24,"Push",1h 15m,"Lateral Raise (Machine)",2,40.0,9.0,0,0.0,
2024-01-15 16:53:24,"Push",1h 15m,"Lateral Raise (Machine)",3,35.0,8.0,0,0.0,
2024-01-15 16:53:24,"Push",1h 15m,"Chest Fly",1,115.0,9.0,0,0.0,
2024-01-15 16:53:24,"Push",1h 15m,"Chest Fly",2,100.0,6.0,0,0.0,
2024-01-15 16:53:24,"Push",1h 15m,"Chest Fly",3,85.0,7.0,0,0.0,
2024-01-15 16:53:24,"Push",1h 15m,"Front Raise (Barbell)",1,20.0,10.0,0,0.0,
2024-01-15 16:53:24,"Push",1h 15m,"Front Raise (Barbell)",2,20.0,9.0,0,0.0,
2024-01-15 16:53:24,"Push",1h 15m,"Front Raise (Barbell)",3,20.0,6.0,0,0.0,
2024-01-15 16:53:24,"Push",1h 15m,"Reverse Fly (Machine)",1,90.0,7.0,0,0.0,
2024-01-15 16:53:24,"Push",1h 15m,"Reverse Fly (Machine)",2,75.0,6.0,0,0.0,
2024-01-15 16:53:24,"Push",1h 15m,"Reverse Fly (Machine)",3,60.0,5.0,0,0.0,
2024-01-16 12:22:28,"Back And Bi",38m,"Bent Over Row (Barbell)",1,165.0,3.0,0,0.0,
2024-01-16 12:22:28,"Back And Bi",38m,"Bent Over Row (Barbell)",2,135.0,10.0,0,0.0,
2024-01-16 12:22:28,"Back And Bi",38m,"Bent Over Row (Barbell)",3,135.0,7.0,0,0.0,
2024-01-16 12:22:28,"Back And Bi",38m,"Bicep Curl (Barbell)",1,80.0,4.0,0,0.0,
2024-01-16 12:22:28,"Back And Bi",38m,"Bicep Curl (Barbell)",2,70.0,9.0,0,0.0,
2024-01-16 12:22:28,"Back And Bi",38m,"Bicep Curl (Barbell)",3,70.0,8.0,0,0.0,
2024-01-16 12:22:28,"Back And Bi",38m,"Hammer Curl (Dumbbell)",1,80.0,6.0,0,0.0,
2024-01-16 12:22:28,"Back And Bi",38m,"Hammer Curl (Dumbbell)",2,70.0,9.0,0,0.0,
2024-01-16 12:22:28,"Back And Bi",38m,"Hammer Curl (Dumbbell)",3,70.0,7.0,0,0.0,
2024-01-16 12:22:28,"Back And Bi",38m,"Pull Up",1,0.0,8.0,0,0.0,
2024-01-16 12:22:28,"Back And Bi",38m,"Pull Up",2,0.0,6.0,0,0.0,
2024-01-16 12:22:28,"Back And Bi",38m,"Lat Pulldown (Machine)",1,135.0,10.0,0,0.0,
2024-01-18 16:55:53,"Legs",47m,"Squat (Barbell)",1,175.0,3.0,0,0.0,
2024-01-18 16:55:53,"Legs",47m,"Squat (Barbell)",2,155.0,8.0,0,0.0,
2024-01-18 16:55:53,"Legs",47m,"Squat (Barbell)",3,155.0,5.0,0,0.0,
2024-01-18 16:55:53,"Legs",47m,"Leg Extension (Machine)",1,200.0,8.0,0,0.0,
2024-01-18 16:55:53,"Legs",47m,"Leg Extension (Machine)",2,190.0,8.0,0,0.0,
2024-01-18 16:55:53,"Legs",47m,"Leg Extension (Machine)",3,180.0,8.0,0,0.0,
2024-01-18 16:55:53,"Legs",47m,"Seated Leg Curl (Machine)",1,180.0,6.0,0,0.0,
2024-01-18 16:55:53,"Legs",47m,"Seated Leg Curl (Machine)",2,170.0,7.0,0,0.0,
2024-01-18 16:55:53,"Legs",47m,"Seated Leg Curl (Machine)",3,160.0,6.0,0,0.0,
2024-01-18 16:55:53,"Legs",47m,"Seated Calf Raise (Plate Loaded)",1,90.0,8.0,0,0.0,
2024-01-18 16:55:53,"Legs",47m,"Seated Calf Raise (Plate Loaded)",2,90.0,8.0,0,0.0,
2024-01-19 18:24:07,"Push",38m,"Incline Bench Press (Dumbbell)",1,90.0,11.0,0,0.0,
2024-01-19 18:24:07,"Push",38m,"Incline Bench Press (Dumbbell)",2,90.0,8.0,0,0.0,
2024-01-19 18:24:07,"Push",38m,"Incline Bench Press (Dumbbell)",3,90.0,8.0,0,0.0,
2024-01-19 18:24:07,"Push",38m,"Chest Fly",1,130.0,8.0,0,0.0,
2024-01-19 18:24:07,"Push",38m,"Chest Fly",2,120.0,7.0,0,0.0,
2024-01-19 18:24:07,"Push",38m,"Chest Fly",3,110.0,6.0,0,0.0,
2024-01-19 18:24:07,"Push",38m,"Triceps Pushdown (Cable - Straight Bar)",1,50.0,8.0,0,0.0,
2024-01-19 18:24:07,"Push",38m,"Triceps Pushdown (Cable - Straight Bar)",2,45.0,7.0,0,0.0,
2024-01-19 18:24:07,"Push",38m,"Triceps Pushdown (Cable - Straight Bar)",3,40.0,6.0,0,0.0,
2024-01-19 18:24:07,"Push",38m,"Lateral Raise (Dumbbell)",1,30.0,6.0,0,0.0,
2024-01-19 18:24:07,"Push",38m,"Lateral Raise (Cable)",1,12.5,7.0,0,0.0,
2024-01-19 18:24:07,"Push",38m,"Lateral Raise (Cable)",2,10.0,7.0,0,0.0,
2024-01-21 18:38:46,"Back And Bi",37m,"Bent Over Row (Barbell)",1,155.0,6.0,0,0.0,
2024-01-21 18:38:46,"Back And Bi",37m,"Bent Over Row (Barbell)",2,135.0,9.0,0,0.0,
2024-01-21 18:38:46,"Back And Bi",37m,"Bent Over Row (Barbell)",3,135.0,7.0,0,0.0,
2024-01-21 18:38:46,"Back And Bi",37m,"Pull Up",1,0.0,13.0,0,0.0,
2024-01-21 18:38:46,"Back And Bi",37m,"Pull Up",2,0.0,6.0,0,0.0,
2024-01-21 18:38:46,"Back And Bi",37m,"Lat Pulldown (Machine)",1,135.0,7.0,0,0.0,
2024-01-21 18:38:46,"Back And Bi",37m,"Lat Pulldown (Machine)",2,130.0,8.0,0,0.0,
2024-01-21 18:38:46,"Back And Bi",37m,"Lat Pulldown (Machine)",3,120.0,6.0,0,0.0,
2024-01-21 18:38:46,"Back And Bi",37m,"Bicep Curl (Dumbbell)",1,80.0,5.0,0,0.0,
2024-01-21 18:38:46,"Back And Bi",37m,"Bicep Curl (Dumbbell)",2,70.0,10.0,0,0.0,
2024-01-21 18:38:46,"Back And Bi",37m,"Bicep Curl (Dumbbell)",3,70.0,6.0,0,0.0,
2024-01-21 18:38:46,"Back And Bi",37m,"Hammer Curl (Dumbbell)",1,70.0,7.0,0,0.0,
2024-01-21 18:38:46,"Back And Bi",37m,"Hammer Curl (Dumbbell)",2,60.0,8.0,0,0.0,
2024-01-21 18:38:46,"Back And Bi",37m,"Hammer Curl (Dumbbell)",3,60.0,7.0,0,0.0,
2024-01-22 13:50:14,"Legs",1h 6m,"Squat (Barbell)",1,185.0,1.0,0,0.0,
2024-01-22 13:50:14,"Legs",1h 6m,"Squat (Barbell)",2,155.0,7.0,0,0.0,
2024-01-22 13:50:14,"Legs",1h 6m,"Squat (Barbell)",3,135.0,7.0,0,0.0,
2024-01-22 13:50:14,"Legs",1h 6m,"Leg Extension (Machine)",1,190.0,8.0,0,0.0,
2024-01-22 13:50:14,"Legs",1h 6m,"Leg Extension (Machine)",2,180.0,7.0,0,0.0,
2024-01-22 13:50:14,"Legs",1h 6m,"Seated Leg Curl (Machine)",1,190.0,5.0,0,0.0,
2024-01-22 13:50:14,"Legs",1h 6m,"Seated Leg Curl (Machine)",2,170.0,5.0,0,0.0,
2024-01-22 13:50:14,"Legs",1h 6m,"Seated Leg Curl (Machine)",3,150.0,8.0,0,0.0,
2024-01-22 13:50:14,"Legs",1h 6m,"Seated Calf Raise (Plate Loaded)",1,90.0,10.0,0,0.0,
2024-01-22 13:50:14,"Legs",1h 6m,"Seated Calf Raise (Plate Loaded)",2,90.0,10.0,0,0.0,
2024-01-22 13:50:14,"Legs",1h 6m,"Seated Calf Raise (Plate Loaded)",3,90.0,10.0,0,0.0,
2024-01-23 17:40:01,"Push",43m,"Bench Press (Barbell)",1,155.0,5.0,0,0.0,
2024-01-23 17:40:01,"Push",43m,"Incline Bench Press (Barbell)",1,125.0,8.0,0,0.0,
2024-01-23 17:40:01,"Push",43m,"Incline Bench Press (Barbell)",2,115.0,10.0,0,0.0,
2024-01-23 17:40:01,"Push",43m,"Incline Bench Press (Barbell)",3,115.0,10.0,0,0.0,
2024-01-23 17:40:01,"Push",43m,"Incline Bench Press (Barbell)",4,135.0,1.0,0,0.0,
2024-01-24 21:15:10,"Back And Bi",18m,"Bent Over One Arm Row (Dumbbell)",1,50.0,10.0,0,0.0,
2024-01-24 21:15:10,"Back And Bi",18m,"Bent Over One Arm Row (Dumbbell)",2,50.0,10.0,0,0.0,
2024-01-24 21:15:10,"Back And Bi",18m,"Bicep Curl (Dumbbell)",1,80.0,7.0,0,0.0,
2024-01-24 21:15:10,"Back And Bi",18m,"Bicep Curl (Dumbbell)",2,70.0,7.0,0,0.0,
2024-01-24 21:15:10,"Back And Bi",18m,"Bicep Curl (Dumbbell)",3,70.0,7.0,0,0.0,
2024-01-24 21:15:10,"Back And Bi",18m,"Pull Up",1,0.0,10.0,0,0.0,
2024-01-24 21:15:10,"Back And Bi",18m,"Pull Up",2,0.0,6.0,0,0.0,
2024-01-25 16:53:51,"Legs",59m,"Squat (Barbell)",1,175.0,3.0,0,0.0,
2024-01-25 16:53:51,"Legs",59m,"Squat (Barbell)",2,165.0,3.0,0,0.0,
2024-01-25 16:53:51,"Legs",59m,"Squat (Barbell)",3,145.0,8.0,0,0.0,
2024-01-25 16:53:51,"Legs",59m,"Leg Extension (Machine)",1,190.0,9.0,0,0.0,
2024-01-25 16:53:51,"Legs",59m,"Leg Extension (Machine)",2,180.0,9.0,0,0.0,
2024-01-25 16:53:51,"Legs",59m,"Leg Extension (Machine)",3,170.0,9.0,0,0.0,
2024-01-25 16:53:51,"Legs",59m,"Seated Leg Curl (Machine)",1,190.0,7.0,0,0.0,
2024-01-25 16:53:51,"Legs",59m,"Seated Leg Curl (Machine)",2,180.0,8.0,0,0.0,
2024-01-25 16:53:51,"Legs",59m,"Seated Leg Curl (Machine)",3,170.0,4.0,0,0.0,
2024-01-25 16:53:51,"Legs",59m,"Romanian Deadlift (Dumbbell)",1,120.0,11.0,0,0.0,
2024-01-25 16:53:51,"Legs",59m,"Romanian Deadlift (Dumbbell)",2,140.0,10.0,0,0.0,
2024-01-25 16:53:51,"Legs",59m,"Standing Calf Raise (Dumbbell)",1,30.0,7.0,0,0.0,
2024-01-25 16:53:51,"Legs",59m,"Standing Calf Raise (Dumbbell)",2,30.0,7.0,0,0.0,
2024-01-25 16:53:51,"Legs",59m,"Seated Calf Raise (Plate Loaded)",1,90.0,9.0,0,0.0,
2024-01-25 16:53:51,"Legs",59m,"Romanian Deadlift (Barbell)",1,185.0,6.0,0,0.0,
2024-01-26 20:32:31,"Push",40m,"Bench Press (Barbell)",1,175.0,3.0,0,0.0,
2024-01-26 20:32:31,"Push",40m,"Bench Press (Barbell)",2,155.0,7.0,0,0.0,
2024-01-26 20:32:31,"Push",40m,"Bench Press (Barbell)",3,145.0,7.0,0,0.0,
2024-01-26 20:32:31,"Push",40m,"Incline Bench Press (Barbell)",1,125.0,6.0,0,0.0,
2024-01-26 20:32:31,"Push",40m,"Incline Bench Press (Barbell)",2,115.0,6.0,0,0.0,
2024-01-26 20:32:31,"Push",40m,"Triceps Pushdown (Cable - Straight Bar)",1,57.5,8.0,0,0.0,
2024-01-26 20:32:31,"Push",40m,"Triceps Pushdown (Cable - Straight Bar)",2,52.5,9.0,0,0.0,
2024-01-26 20:32:31,"Push",40m,"Triceps Pushdown (Cable - Straight Bar)",3,47.5,7.0,0,0.0,
2024-01-26 20:32:31,"Push",40m,"Triceps Extension (Cable)",1,45.0,7.0,0,0.0,
2024-01-26 20:32:31,"Push",40m,"Lateral Raise (Dumbbell)",1,25.0,10.0,0,0.0,
2024-01-26 20:32:31,"Push",40m,"Lateral Raise (Dumbbell)",2,30.0,5.0,0,0.0,
2024-01-26 20:32:31,"Push",40m,"Lateral Raise (Dumbbell)",3,25.0,8.0,0,0.0,
2024-01-26 20:32:31,"Push",40m,"Reverse Fly (Machine)",1,90.0,7.0,0,0.0,
2024-01-26 20:32:31,"Push",40m,"Front Raise (Barbell)",1,20.0,10.0,0,0.0,
2024-01-28 11:04:31,"Push",1h 17m,"Bench Press (Dumbbell)",1,150.0,7.0,0,0.0,
2024-01-28 11:04:31,"Push",1h 17m,"Bench Press (Dumbbell)",2,140.0,8.0,0,0.0,
2024-01-28 11:04:31,"Push",1h 17m,"Bench Press (Dumbbell)",3,130.0,7.0,0,0.0,
2024-01-28 11:04:31,"Push",1h 17m,"Bench Press (Dumbbell)",4,130.0,5.0,0,0.0,
2024-01-28 11:04:31,"Push",1h 17m,"Incline Bench Press (Dumbbell)",1,100.0,7.0,0,0.0,
2024-01-28 11:04:31,"Push",1h 17m,"Incline Bench Press (Dumbbell)",2,100.0,6.0,0,0.0,
2024-01-28 11:04:31,"Push",1h 17m,"Incline Bench Press (Dumbbell)",3,90.0,6.0,0,0.0,
2024-01-28 11:04:31,"Push",1h 17m,"Chest Fly (Band)",1,25.0,10.0,0,0.0,
2024-01-28 11:04:31,"Push",1h 17m,"Chest Fly (Band)",2,25.0,10.0,0,0.0,
2024-01-28 11:04:31,"Push",1h 17m,"Chest Fly (Band)",3,25.0,10.0,0,0.0,
2024-01-28 11:04:31,"Push",1h 17m,"Triceps Pushdown (Cable - Straight Bar)",1,50.0,10.0,0,0.0,
2024-01-28 11:04:31,"Push",1h 17m,"Triceps Pushdown (Cable - Straight Bar)",2,42.5,10.0,0,0.0,
2024-01-28 11:04:31,"Push",1h 17m,"Triceps Pushdown (Cable - Straight Bar)",3,42.5,8.0,0,0.0,
2024-01-28 11:04:31,"Push",1h 17m,"Triceps Pushdown (Cable - Straight Bar)",4,42.5,8.0,0,0.0,
2024-01-28 11:04:31,"Push",1h 17m,"Shoulder Press (Machine)",1,130.0,7.0,0,0.0,
2024-01-28 11:04:31,"Push",1h 17m,"Shoulder Press (Machine)",2,110.0,10.0,0,0.0,
2024-01-28 11:04:31,"Push",1h 17m,"Shoulder Press (Machine)",3,110.0,8.0,0,0.0,
2024-01-28 11:04:31,"Push",1h 17m,"Shoulder Press (Machine)",4,110.0,5.0,0,0.0,
2024-01-28 11:04:31,"Push",1h 17m,"Lateral Raise (Cable)",1,10.0,8.0,0,0.0,
2024-01-28 11:04:31,"Push",1h 17m,"Lateral Raise (Cable)",2,10.0,5.0,0,0.0,
2024-01-28 11:04:31,"Push",1h 17m,"Lateral Raise (Cable)",3,5.0,10.0,0,0.0,
2024-01-28 11:04:31,"Push",1h 17m,"Triceps Extension (Cable)",1,42.5,8.0,0,0.0,
2024-01-28 11:04:31,"Push",1h 17m,"Triceps Extension (Cable)",2,35.0,8.0,0,0.0,
2024-01-28 11:04:31,"Push",1h 17m,"Triceps Extension (Cable)",3,35.0,5.0,0,0.0,
2024-01-29 14:36:42,"Back And Bi",38m,"Squat (Barbell)",1,155.0,5.0,0,0.0,
2024-01-29 14:36:42,"Back And Bi",38m,"Squat (Barbell)",2,155.0,3.0,0,0.0,
2024-01-29 14:36:42,"Back And Bi",38m,"Bent Over Row (Barbell)",1,155.0,6.0,0,0.0,
2024-01-29 14:36:42,"Back And Bi",38m,"Bent Over Row (Barbell)",2,145.0,6.0,0,0.0,
2024-01-29 14:36:42,"Back And Bi",38m,"Bent Over Row (Barbell)",3,135.0,8.0,0,0.0,
2024-01-29 14:36:42,"Back And Bi",38m,"Lat Pulldown (Single Arm)",1,60.0,10.0,0,0.0,
2024-01-29 14:36:42,"Back And Bi",38m,"Lat Pulldown (Single Arm)",2,65.0,7.0,0,0.0,
2024-01-29 14:36:42,"Back And Bi",38m,"Lat Pulldown (Single Arm)",3,70.0,6.0,0,0.0,
2024-01-29 14:36:42,"Back And Bi",38m,"Bicep Curl (Dumbbell)",1,90.0,3.0,0,0.0,
2024-01-29 14:36:42,"Back And Bi",38m,"Bicep Curl (Dumbbell)",2,80.0,4.0,0,0.0,
2024-01-29 14:36:42,"Back And Bi",38m,"Bicep Curl (Dumbbell)",3,70.0,6.0,0,0.0,
2024-01-29 14:36:42,"Back And Bi",38m,"Hammer Curl (Dumbbell)",1,60.0,10.0,0,0.0,
2024-01-29 14:36:42,"Back And Bi",38m,"Hammer Curl (Dumbbell)",2,60.0,8.0,0,0.0,
2024-01-29 14:36:42,"Back And Bi",38m,"Hammer Curl (Dumbbell)",3,60.0,7.0,0,0.0,
2024-01-29 14:36:42,"Back And Bi",38m,"Pull Up",1,0.0,7.0,0,0.0,
2024-01-30 16:55:08,"Legs",32m,"Romanian Deadlift (Barbell)",1,185.0,8.0,0,0.0,
2024-01-30 16:55:08,"Legs",32m,"Romanian Deadlift (Barbell)",2,185.0,7.0,0,0.0,
2024-01-30 16:55:08,"Legs",32m,"Romanian Deadlift (Barbell)",3,185.0,5.0,0,0.0,
2024-01-30 16:55:08,"Legs",32m,"Leg Extension (Machine)",1,190.0,9.0,0,0.0,
2024-01-30 16:55:08,"Legs",32m,"Leg Extension (Machine)",2,190.0,8.0,0,0.0,
2024-01-30 16:55:08,"Legs",32m,"Leg Extension (Machine)",3,170.0,9.0,0,0.0,
2024-01-30 16:55:08,"Legs",32m,"Seated Leg Curl (Machine)",1,200.0,4.0,0,0.0,
2024-01-30 16:55:08,"Legs",32m,"Seated Leg Curl (Machine)",2,180.0,7.0,0,0.0,
2024-01-30 16:55:08,"Legs",32m,"Seated Leg Curl (Machine)",3,160.0,6.0,0,0.0,
2024-01-31 13:17:34,"Push",57m,"Bench Press (Dumbbell)",1,160.0,5.0,0,0.0,
2024-01-31 13:17:34,"Push",57m,"Bench Press (Dumbbell)",2,150.0,7.0,0,0.0,
2024-01-31 13:17:34,"Push",57m,"Bench Press (Dumbbell)",3,140.0,5.0,0,0.0,
2024-01-31 13:17:34,"Push",57m,"Incline Bench Press (Barbell)",1,125.0,7.0,0,0.0,
2024-01-31 13:17:34,"Push",57m,"Incline Bench Press (Barbell)",2,115.0,7.0,0,0.0,
2024-01-31 13:17:34,"Push",57m,"Incline Bench Press (Barbell)",3,115.0,6.0,0,0.0,
2024-01-31 13:17:34,"Push",57m,"Triceps Pushdown (Cable - Straight Bar)",1,57.5,6.0,0,0.0,
2024-01-31 13:17:34,"Push",57m,"Triceps Pushdown (Cable - Straight Bar)",2,57.5,8.0,0,0.0,
2024-01-31 13:17:34,"Push",57m,"Triceps Pushdown (Cable - Straight Bar)",3,52.5,8.0,0,0.0,
2024-01-31 13:17:34,"Push",57m,"Triceps Extension (Cable)",1,42.5,8.0,0,0.0,
2024-01-31 13:17:34,"Push",57m,"Triceps Extension (Cable)",2,37.5,7.0,0,0.0,
2024-01-31 13:17:34,"Push",57m,"Triceps Extension (Cable)",3,32.5,6.0,0,0.0,
2024-01-31 13:17:34,"Push",57m,"Lateral Raise (Dumbbell)",1,30.0,10.0,0,0.0,
2024-01-31 13:17:34,"Push",57m,"Lateral Raise (Dumbbell)",2,25.0,7.0,0,0.0,
2024-01-31 13:17:34,"Push",57m,"Lateral Raise (Dumbbell)",3,20.0,7.0,0,0.0,
2024-01-31 13:17:34,"Push",57m,"Chest Fly",1,130.0,7.0,0,0.0,
2024-01-31 13:17:34,"Push",57m,"Chest Fly",2,115.0,7.0,0,0.0,
2024-01-31 13:17:34,"Push",57m,"Reverse Fly (Machine)",1,90.0,7.0,0,0.0,
2024-01-31 13:17:34,"Push",57m,"Reverse Fly (Machine)",2,70.0,8.0,0,0.0,
2024-01-31 13:17:34,"Push",57m,"Shoulder Press (Machine)",1,130.0,5.0,0,0.0,
2024-02-01 17:58:53,"Back And Bi",38m,"Bicep Curl (Dumbbell)",1,80.0,8.0,0,0.0,
2024-02-01 17:58:53,"Back And Bi",38m,"Bicep Curl (Dumbbell)",2,70.0,9.0,0,0.0,
2024-02-01 17:58:53,"Back And Bi",38m,"Bicep Curl (Dumbbell)",3,70.0,8.0,0,0.0,
2024-02-01 17:58:53,"Back And Bi",38m,"Hammer Curl (Dumbbell)",1,70.0,7.0,0,0.0,
2024-02-01 17:58:53,"Back And Bi",38m,"Hammer Curl (Dumbbell)",2,70.0,7.0,0,0.0,
2024-02-01 17:58:53,"Back And Bi",38m,"Lat Pulldown (Cable)",1,70.0,8.0,0,0.0,
2024-02-01 17:58:53,"Back And Bi",38m,"Lat Pulldown (Cable)",2,60.0,7.0,0,0.0,
2024-02-01 17:58:53,"Back And Bi",38m,"Lat Pulldown (Cable)",3,55.0,6.0,0,0.0,
2024-02-01 17:58:53,"Back And Bi",38m,"Bent Over Row (Barbell)",1,155.0,6.0,0,0.0,
2024-02-01 17:58:53,"Back And Bi",38m,"Bent Over Row (Barbell)",2,135.0,7.0,0,0.0,
2024-02-01 17:58:53,"Back And Bi",38m,"Bent Over Row (Barbell)",3,135.0,6.0,0,0.0,
2024-02-01 17:58:53,"Back And Bi",38m,"Pull Up",1,10.0,7.0,0,0.0,
2024-02-01 17:58:53,"Back And Bi",38m,"Pull Up",2,0.0,6.0,0,0.0,
2024-02-03 15:49:30,"Legs",46m,"Squat (Barbell)",1,185.0,2.0,0,0.0,
2024-02-03 15:49:30,"Legs",46m,"Squat (Barbell)",2,155.0,5.0,0,0.0,
2024-02-03 15:49:30,"Legs",46m,"Leg Extension (Machine)",1,190.0,10.0,0,0.0,
2024-02-03 15:49:30,"Legs",46m,"Leg Extension (Machine)",2,185.0,8.0,0,0.0,
2024-02-03 15:49:30,"Legs",46m,"Seated Leg Curl (Machine)",1,190.0,7.0,0,0.0,
2024-02-03 15:49:30,"Legs",46m,"Seated Leg Curl (Machine)",2,170.0,8.0,0,0.0,
2024-02-03 15:49:30,"Legs",46m,"Seated Leg Curl (Machine)",3,160.0,6.0,0,0.0,
2024-02-04 17:53:48,"Back And Bi",11m,"Lat Pulldown (Machine)",1,72.0,5.0,0,0.0,
2024-02-04 17:53:48,"Back And Bi",11m,"Lat Pulldown (Machine)",2,65.0,8.0,0,0.0,
2024-02-04 17:53:48,"Back And Bi",11m,"Bicep Curl (Dumbbell)",1,70.0,6.0,0,0.0,
2024-02-04 17:53:48,"Back And Bi",11m,"Bicep Curl (Dumbbell)",2,70.0,6.0,0,0.0,
2024-02-06 16:41:15,"Push",35m,"Incline Bench Press (Barbell)",1,135.0,6.0,0,0.0,
2024-02-06 16:41:15,"Push",35m,"Incline Bench Press (Barbell)",2,125.0,8.0,0,0.0,
2024-02-06 16:41:15,"Push",35m,"Incline Bench Press (Barbell)",3,115.0,7.0,0,0.0,
2024-02-06 16:41:15,"Push",35m,"Triceps Pushdown (Cable - Straight Bar)",1,57.5,8.0,0,0.0,
2024-02-06 16:41:15,"Push",35m,"Triceps Pushdown (Cable - Straight Bar)",2,50.0,7.0,0,0.0,
2024-02-06 16:41:15,"Push",35m,"Triceps Pushdown (Cable - Straight Bar)",3,50.0,6.0,0,0.0,
2024-02-06 16:41:15,"Push",35m,"Seated Overhead Press (Dumbbell)",1,100.0,7.0,0,0.0,
2024-02-06 16:41:15,"Push",35m,"Seated Overhead Press (Dumbbell)",2,100.0,6.0,0,0.0,
2024-02-06 16:41:15,"Push",35m,"Seated Overhead Press (Dumbbell)",3,100.0,2.0,0,0.0,
2024-02-06 16:41:15,"Push",35m,"Lateral Raise (Dumbbell)",1,20.0,9.0,0,0.0,
2024-02-06 16:41:15,"Push",35m,"Lateral Raise (Dumbbell)",2,20.0,7.0,0,0.0,
2024-02-06 16:41:15,"Push",35m,"Lateral Raise (Dumbbell)",3,20.0,5.0,0,0.0,
2024-02-07 12:04:51,"Legs",48m,"Squat (Barbell)",1,155.0,8.0,0,0.0,
2024-02-07 12:04:51,"Legs",48m,"Squat (Barbell)",2,155.0,6.0,0,0.0,
2024-02-07 12:04:51,"Legs",48m,"Squat (Barbell)",3,145.0,8.0,0,0.0,
2024-02-07 12:04:51,"Legs",48m,"Deadlift (Barbell)",1,225.0,10.0,0,0.0,
2024-02-07 12:04:51,"Legs",48m,"Deadlift (Barbell)",2,275.0,2.0,0,0.0,
2024-02-07 12:04:51,"Legs",48m,"Deadlift (Barbell)",3,225.0,3.0,0,0.0,
2024-02-07 12:04:51,"Legs",48m,"Leg Extension (Machine)",1,70.0,8.0,0,0.0,
2024-02-07 12:04:51,"Legs",48m,"Seated Leg Curl (Machine)",1,70.0,10.0,0,0.0,
2024-02-07 12:04:51,"Legs",48m,"Seated Leg Curl (Machine)",2,120.0,10.0,0,0.0,
2024-02-07 12:04:51,"Legs",48m,"Seated Leg Curl (Machine)",3,120.0,6.0,0,0.0,
2024-02-07 12:04:51,"Legs",48m,"Seated Calf Raise (Plate Loaded)",1,140.0,3.0,0,0.0,
2024-02-07 12:04:51,"Legs",48m,"Seated Calf Raise (Plate Loaded)",2,90.0,10.0,0,0.0,
2024-02-07 12:04:51,"Legs",48m,"Seated Calf Raise (Plate Loaded)",3,90.0,10.0,0,0.0,
2024-02-08 20:27:52,"Back And Bi",26m,"Bicep Curl (Dumbbell)",1,80.0,7.0,0,0.0,
2024-02-08 20:27:52,"Back And Bi",26m,"Bicep Curl (Dumbbell)",2,70.0,8.0,0,0.0,
2024-02-08 20:27:52,"Back And Bi",26m,"Bicep Curl (Dumbbell)",3,70.0,7.0,0,0.0,
2024-02-08 20:27:52,"Back And Bi",26m,"Hammer Curl (Dumbbell)",1,70.0,7.0,0,0.0,
2024-02-08 20:27:52,"Back And Bi",26m,"Hammer Curl (Dumbbell)",2,70.0,7.0,0,0.0,
2024-02-08 20:27:52,"Back And Bi",26m,"Hammer Curl (Dumbbell)",3,70.0,5.0,0,0.0,
2024-02-08 20:27:52,"Back And Bi",26m,"Hammer Curl (Dumbbell)",4,70.0,4.0,0,0.0,
2024-02-08 20:27:52,"Back And Bi",26m,"Incline Curl (Dumbbell)",1,50.0,10.0,0,0.0,
2024-02-08 20:27:52,"Back And Bi",26m,"Incline Curl (Dumbbell)",2,50.0,5.0,0,0.0,
2024-02-08 20:27:52,"Back And Bi",26m,"Incline Curl (Dumbbell)",3,50.0,3.0,0,0.0,
2024-02-09 21:56:39,"Legs",52m,"Squat (Barbell)",1,185.0,1.0,0,0.0,
2024-02-09 21:56:39,"Legs",52m,"Squat (Barbell)",2,155.0,7.0,0,0.0,
2024-02-09 21:56:39,"Legs",52m,"Squat (Barbell)",3,145.0,5.0,0,0.0,
2024-02-09 21:56:39,"Legs",52m,"Romanian Deadlift (Barbell)",1,185.0,7.0,0,0.0,
2024-02-09 21:56:39,"Legs",52m,"Romanian Deadlift (Barbell)",2,185.0,7.0,0,0.0,
2024-02-09 21:56:39,"Legs",52m,"Leg Extension (Machine)",1,200.0,8.0,0,0.0,
2024-02-09 21:56:39,"Legs",52m,"Leg Extension (Machine)",2,190.0,8.0,0,0.0,
2024-02-09 21:56:39,"Legs",52m,"Leg Extension (Machine)",3,180.0,8.0,0,0.0,
2024-02-09 21:56:39,"Legs",52m,"Standing Calf Raise (Dumbbell)",1,30.0,9.0,0,0.0,
2024-02-09 21:56:39,"Legs",52m,"Standing Calf Raise (Dumbbell)",2,30.0,8.0,0,0.0,
2024-02-10 17:46:15,"Push",1h 13m,"Bench Press (Barbell)",1,185.0,2.0,0,0.0,
2024-02-10 17:46:15,"Push",1h 13m,"Bench Press (Barbell)",2,165.0,7.0,0,0.0,
2024-02-10 17:46:15,"Push",1h 13m,"Bench Press (Barbell)",3,145.0,8.0,0,0.0,
2024-02-10 17:46:15,"Push",1h 13m,"Incline Bench Press (Dumbbell)",1,110.0,6.0,0,0.0,
2024-02-10 17:46:15,"Push",1h 13m,"Incline Bench Press (Dumbbell)",2,110.0,6.0,0,0.0,
2024-02-10 17:46:15,"Push",1h 13m,"Incline Bench Press (Dumbbell)",3,110.0,5.0,0,0.0,
2024-02-10 17:46:15,"Push",1h 13m,"Triceps Pushdown (Cable - Straight Bar)",1,55.0,8.0,0,0.0,
2024-02-10 17:46:15,"Push",1h 13m,"Triceps Pushdown (Cable - Straight Bar)",2,45.0,9.0,0,0.0,
2024-02-10 17:46:15,"Push",1h 13m,"Triceps Pushdown (Cable - Straight Bar)",3,45.0,8.0,0,0.0,
2024-02-10 17:46:15,"Push",1h 13m,"Chest Dip",1,0,10.0,0,0.0,
2024-02-10 17:46:15,"Push",1h 13m,"Chest Dip",2,25.0,6.0,0,0.0,
2024-02-10 17:46:15,"Push",1h 13m,"Chest Fly",1,115.0,7.0,0,0.0,
2024-02-10 17:46:15,"Push",1h 13m,"Chest Fly",2,100.0,10.0,0,0.0,
2024-02-13 16:47:12,"Back And Bi",26m,"Lat Pulldown (Machine)",1,75.0,5.0,0,0.0,
2024-02-13 16:47:12,"Back And Bi",26m,"Bicep Curl (Dumbbell)",1,90.0,4.0,0,0.0,
2024-02-13 16:47:12,"Back And Bi",26m,"Bicep Curl (Dumbbell)",2,80.0,7.0,0,0.0,
2024-02-13 16:47:12,"Back And Bi",26m,"Bicep Curl (Dumbbell)",3,70.0,6.0,0,0.0,
2024-02-13 16:47:12,"Back And Bi",26m,"Hammer Curl (Dumbbell)",1,80.0,7.0,0,0.0,
2024-02-13 16:47:12,"Back And Bi",26m,"Hammer Curl (Dumbbell)",2,70.0,6.0,0,0.0,
2024-02-14 12:14:37,"Push",42m,"Bench Press (Barbell)",1,155.0,8.0,0,0.0,
2024-02-14 12:14:37,"Push",42m,"Bench Press (Barbell)",2,165.0,4.0,0,0.0,
2024-02-14 12:14:37,"Push",42m,"Bench Press (Barbell)",3,185.0,1.0,0,0.0,
2024-02-14 12:14:37,"Push",42m,"Triceps Pushdown (Cable - Straight Bar)",1,50.0,7.0,0,0.0,
2024-02-14 12:14:37,"Push",42m,"Triceps Pushdown (Cable - Straight Bar)",2,47.5,7.0,0,0.0,
2024-02-14 12:14:37,"Push",42m,"Triceps Pushdown (Cable - Straight Bar)",3,42.5,7.0,0,0.0,
2024-02-14 12:14:37,"Push",42m,"Triceps Extension (Cable)",1,35.0,8.0,0,0.0,
2024-02-14 12:14:37,"Push",42m,"Triceps Extension (Cable)",2,30.0,7.0,0,0.0,
2024-02-14 12:14:37,"Push",42m,"Triceps Extension (Cable)",3,25.0,8.0,0,0.0,
2024-02-14 12:14:37,"Push",42m,"Lateral Raise (Dumbbell)",1,30.0,6.0,0,0.0,
2024-02-14 12:14:37,"Push",42m,"Lateral Raise (Dumbbell)",2,25.0,8.0,0,0.0,
2024-02-14 12:14:37,"Push",42m,"Lateral Raise (Dumbbell)",3,20.0,10.0,0,0.0,
2024-02-14 12:14:37,"Push",42m,"Shoulder Press (Machine)",1,130.0,5.0,0,0.0,
2024-02-14 12:14:37,"Push",42m,"Shoulder Press (Machine)",2,110.0,6.0,0,0.0,
2024-02-14 12:14:37,"Push",42m,"Chest Fly",1,115.0,8.0,0,0.0,
2024-02-14 12:14:37,"Push",42m,"Chest Fly",2,115.0,6.0,0,0.0,
2024-02-14 12:14:37,"Push",42m,"Reverse Fly (Machine)",1,70.0,11.0,0,0.0,
2024-02-14 12:14:37,"Push",42m,"Reverse Fly (Machine)",2,80.0,7.0,0,0.0,
2024-02-15 07:39:35,"Legs",38m,"Squat (Barbell)",1,165.0,5.0,0,0.0,
2024-02-15 07:39:35,"Legs",38m,"Squat (Barbell)",2,155.0,2.0,0,0.0,
2024-02-15 07:39:35,"Legs",38m,"Romanian Deadlift (Barbell)",1,185.0,5.0,0,0.0,
2024-02-15 07:39:35,"Legs",38m,"Romanian Deadlift (Barbell)",2,185.0,7.0,0,0.0,
2024-02-15 07:39:35,"Legs",38m,"Leg Extension (Machine)",1,175.0,6.0,0,0.0,
2024-02-15 07:39:35,"Legs",38m,"Leg Extension (Machine)",2,165.0,5.0,0,0.0,
2024-02-15 07:39:35,"Legs",38m,"Seated Leg Curl (Machine)",1,190.0,3.0,0,0.0,
2024-02-15 07:39:35,"Legs",38m,"Seated Leg Curl (Machine)",2,170.0,4.0,0,0.0,
2024-02-16 13:05:05,"Push",41m,"Bench Press (Barbell)",1,185.0,1.0,0,0.0,
2024-02-16 13:05:05,"Push",41m,"Bench Press (Barbell)",2,165.0,4.0,0,0.0,
2024-02-16 13:05:05,"Push",41m,"Bench Press (Barbell)",3,135.0,10.0,0,0.0,
2024-02-16 13:05:05,"Push",41m,"Lateral Raise (Cable)",1,12.5,10.0,0,0.0,
2024-02-16 13:05:05,"Push",41m,"Lateral Raise (Cable)",2,7.5,12.0,0,0.0,
2024-02-16 13:05:05,"Push",41m,"Lateral Raise (Cable)",3,12.5,6.0,0,0.0,
2024-02-17 15:42:25,"Legs",48m,"Squat (Barbell)",1,175.0,3.0,0,0.0,
2024-02-17 15:42:25,"Legs",48m,"Squat (Barbell)",2,155.0,8.0,0,0.0,
2024-02-17 15:42:25,"Legs",48m,"Squat (Barbell)",3,135.0,10.0,0,0.0,
2024-02-17 15:42:25,"Legs",48m,"Leg Extension (Machine)",1,165.0,10.0,0,0.0,
2024-02-17 15:42:25,"Legs",48m,"Leg Extension (Machine)",2,130.0,10.0,0,0.0,
2024-02-17 15:42:25,"Legs",48m,"Leg Extension (Machine)",3,150.0,10.0,0,0.0,
2024-02-17 15:42:25,"Legs",48m,"Seated Leg Curl (Machine)",1,170.0,7.0,0,0.0,
2024-02-17 15:42:25,"Legs",48m,"Seated Leg Curl (Machine)",2,160.0,6.0,0,0.0,
2024-02-17 15:42:25,"Legs",48m,"Seated Leg Curl (Machine)",3,138.0,6.0,0,0.0,
2024-02-19 14:52:01,"Back And Bi",33m,"Lat Pulldown (Machine)",1,85.0,8.0,0,0.0,
2024-02-19 14:52:01,"Back And Bi",33m,"Lat Pulldown (Machine)",2,70.0,8.0,0,0.0,
2024-02-19 14:52:01,"Back And Bi",33m,"Lat Pulldown (Machine)",3,60.0,10.0,0,0.0,
2024-02-19 14:52:01,"Back And Bi",33m,"Bent Over One Arm Row (Dumbbell)",1,50.0,12.0,0,0.0,
2024-02-19 14:52:01,"Back And Bi",33m,"Bent Over One Arm Row (Dumbbell)",2,50.0,6.0,0,0.0,
2024-02-19 14:52:01,"Back And Bi",33m,"Bicep Curl (Dumbbell)",1,80.0,6.0,0,0.0,
2024-02-19 14:52:01,"Back And Bi",33m,"Bicep Curl (Dumbbell)",2,70.0,8.0,0,0.0,
2024-02-19 14:52:01,"Back And Bi",33m,"Bicep Curl (Dumbbell)",3,70.0,8.0,0,0.0,
2024-02-19 14:52:01,"Back And Bi",33m,"Pull Up",1,25.0,6.0,0,0.0,
2024-02-19 14:52:01,"Back And Bi",33m,"Pull Up",2,0.0,8.0,0,0.0,
2024-02-19 14:52:01,"Back And Bi",33m,"Pull Up",3,0.0,5.0,0,0.0,
2024-02-20 16:42:35,"Push",25m,"Incline Bench Press (Dumbbell)",1,90.0,11.0,0,0.0,
2024-02-20 16:42:35,"Push",25m,"Incline Bench Press (Dumbbell)",2,90.0,10.0,0,0.0,
2024-02-20 16:42:35,"Push",25m,"Incline Bench Press (Dumbbell)",3,90.0,8.0,0,0.0,
2024-02-20 16:42:35,"Push",25m,"Chest Fly",1,140.0,4.0,0,0.0,
2024-02-20 16:42:35,"Push",25m,"Chest Fly",2,115.0,10.0,0,0.0,
2024-02-20 16:42:35,"Push",25m,"Triceps Pushdown (Cable - Straight Bar)",1,50.0,7.0,0,0.0,
2024-02-20 16:42:35,"Push",25m,"Triceps Pushdown (Cable - Straight Bar)",2,47.5,7.0,0,0.0,
2024-02-20 16:42:35,"Push",25m,"Triceps Extension (Cable)",1,35.0,8.0,0,0.0,
2024-02-21 11:29:39,"Legs",48m,"Squat (Barbell)",1,165.0,5.0,0,0.0,
2024-02-21 11:29:39,"Legs",48m,"Squat (Barbell)",2,155.0,7.0,0,0.0,
2024-02-21 11:29:39,"Legs",48m,"Squat (Barbell)",3,145.0,5.0,0,0.0,
2024-02-21 11:29:39,"Legs",48m,"Leg Extension (Machine)",1,190.0,9.0,0,0.0,
2024-02-21 11:29:39,"Legs",48m,"Leg Extension (Machine)",2,180.0,7.0,0,0.0,
2024-02-21 11:29:39,"Legs",48m,"Leg Extension (Machine)",3,160.0,5.0,0,0.0,
2024-02-21 11:29:39,"Legs",48m,"Seated Leg Curl (Machine)",1,180.0,6.0,0,0.0,
2024-02-21 11:29:39,"Legs",48m,"Seated Leg Curl (Machine)",2,165.0,5.0,0,0.0,
2024-02-21 11:29:39,"Legs",48m,"Seated Leg Curl (Machine)",3,150.0,6.0,0,0.0,
2024-02-21 11:29:39,"Legs",48m,"Seated Calf Raise (Plate Loaded)",1,90.0,9.0,0,0.0,
2024-02-21 11:29:39,"Legs",48m,"Seated Calf Raise (Plate Loaded)",2,90.0,9.0,0,0.0,
2024-02-21 11:29:39,"Legs",48m,"Seated Calf Raise (Plate Loaded)",3,90.0,8.0,0,0.0,
2024-02-22 16:59:17,"Back And Bi",45m,"Lat Pulldown (Machine)",1,80.0,6.0,0,0.0,
2024-02-22 16:59:17,"Back And Bi",45m,"Lat Pulldown (Machine)",2,70.0,6.0,0,0.0,
2024-02-22 16:59:17,"Back And Bi",45m,"Lat Pulldown (Machine)",3,50.0,9.0,0,0.0,
2024-02-22 16:59:17,"Back And Bi",45m,"Iso-Lateral Row (Machine)",1,90.0,9.0,0,0.0,
2024-02-22 16:59:17,"Back And Bi",45m,"Iso-Lateral Row (Machine)",2,80.0,7.0,0,0.0,
2024-02-22 16:59:17,"Back And Bi",45m,"Iso-Lateral Row (Machine)",3,70.0,10.0,0,0.0,
2024-02-22 16:59:17,"Back And Bi",45m,"Bicep Curl (Machine)",1,90.0,10.0,0,0.0,
2024-02-22 16:59:17,"Back And Bi",45m,"Bicep Curl (Machine)",2,100.0,6.0,0,0.0,
2024-02-22 16:59:17,"Back And Bi",45m,"Bicep Curl (Machine)",3,80.0,8.0,0,0.0,
2024-02-22 16:59:17,"Back And Bi",45m,"Straight Arm Pull-downs",1,42.5,10.0,0,0.0,
2024-02-22 16:59:17,"Back And Bi",45m,"Straight Arm Pull-downs",2,42.5,5.0,0,0.0,
2024-02-22 16:59:17,"Back And Bi",45m,"Straight Arm Pull-downs",3,42.5,9.0,0,0.0,
2024-02-23 17:53:58,"Push",1h 13m,"Bench Press (Barbell)",1,175.0,3.0,0,0.0,
2024-02-23 17:53:58,"Push",1h 13m,"Bench Press (Barbell)",2,155.0,6.0,0,0.0,
2024-02-23 17:53:58,"Push",1h 13m,"Bench Press (Barbell)",3,135.0,10.0,0,0.0,
2024-02-23 17:53:58,"Push",1h 13m,"Triceps Pushdown (Cable - Straight Bar)",1,50.0,7.0,0,0.0,
2024-02-23 17:53:58,"Push",1h 13m,"Triceps Pushdown (Cable - Straight Bar)",2,47.5,7.0,0,0.0,
2024-02-23 17:53:58,"Push",1h 13m,"Triceps Extension (Cable)",1,35.0,8.0,0,0.0,
2024-02-25 12:39:49,"Legs",53m,"Squat (Barbell)",1,165.0,6.0,0,0.0,
2024-02-25 12:39:49,"Legs",53m,"Squat (Barbell)",2,155.0,8.0,0,0.0,
2024-02-25 12:39:49,"Legs",53m,"Squat (Barbell)",3,145.0,6.0,0,0.0,
2024-02-25 12:39:49,"Legs",53m,"Calf Press on Seated Leg Press",1,130.0,10.0,0,0.0,
2024-02-25 12:39:49,"Legs",53m,"Calf Press on Seated Leg Press",2,230.0,6.0,0,0.0,
2024-02-25 12:39:49,"Legs",53m,"Calf Press on Seated Leg Press",3,230.0,5.0,0,0.0,
2024-02-25 12:39:49,"Legs",53m,"Seated Leg Curl (Machine)",1,180.0,5.0,0,0.0,
2024-02-25 12:39:49,"Legs",53m,"Seated Leg Curl (Machine)",2,160.0,5.0,0,0.0,
2024-02-25 12:39:49,"Legs",53m,"Seated Leg Curl (Machine)",3,150.0,4.0,0,0.0,
2024-02-25 12:39:49,"Legs",53m,"Leg Extension (Machine)",1,190.0,8.0,0,0.0,
2024-02-25 12:39:49,"Legs",53m,"Leg Extension (Machine)",2,180.0,8.0,0,0.0,
2024-02-25 12:39:49,"Legs",53m,"Leg Extension (Machine)",3,160.0,8.0,0,0.0,
2024-02-25 12:39:49,"Legs",53m,"Seated Overhead Press (Dumbbell)",1,100.0,9.0,0,0.0,
2024-02-25 12:39:49,"Legs",53m,"Seated Overhead Press (Dumbbell)",2,110.0,5.0,0,0.0,
2024-02-25 12:39:49,"Legs",53m,"Seated Overhead Press (Dumbbell)",3,110.0,2.0,0,0.0,
2024-02-25 12:39:49,"Legs",53m,"Lateral Raise (Machine)",1,70.0,8.0,0,0.0,
2024-02-25 12:39:49,"Legs",53m,"Lateral Raise (Machine)",2,60.0,6.0,0,0.0,
2024-02-25 12:39:49,"Legs",53m,"Lateral Raise (Cable)",1,15.0,4.0,0,0.0,
2024-02-25 12:39:49,"Legs",53m,"Lateral Raise (Cable)",2,10.0,8.0,0,0.0,
2024-02-25 12:39:49,"Legs",53m,"Lateral Raise (Cable)",3,10.0,6.0,0,0.0,
2024-02-26 15:43:28,"Push",45m,"Bench Press (Barbell)",1,165.0,8.0,0,0.0,
2024-02-26 15:43:28,"Push",45m,"Bench Press (Barbell)",2,155.0,6.0,0,0.0,
2024-02-26 15:43:28,"Push",45m,"Bench Press (Barbell)",3,145.0,7.0,0,0.0,
2024-02-26 15:43:28,"Push",45m,"Chest Press (Machine)",1,130.0,6.0,0,0.0,
2024-02-26 15:43:28,"Push",45m,"Chest Press (Machine)",2,110.0,6.0,0,0.0,
2024-02-26 15:43:28,"Push",45m,"Chest Press (Machine)",3,90.0,6.0,0,0.0,
2024-02-26 15:43:28,"Push",45m,"Chest Press (Machine)",4,70.0,6.0,0,0.0,
2024-02-26 15:43:28,"Push",45m,"Chest Fly",1,130.0,7.0,0,0.0,
2024-02-26 15:43:28,"Push",45m,"Chest Fly",2,115.0,6.0,0,0.0,
2024-02-26 15:43:28,"Push",45m,"Lateral Raise (Machine)",1,50.0,9.0,0,0.0,
2024-02-26 15:43:28,"Push",45m,"Lateral Raise (Machine)",2,50.0,5.0,0,0.0,
2024-02-26 15:43:28,"Push",45m,"Shoulder Press (Machine)",1,80.0,8.0,0,0.0,
2024-02-26 15:43:28,"Push",45m,"Shoulder Press (Machine)",2,70.0,6.0,0,0.0,
2024-02-27 17:39:47,"Back And Bi",46m,"Lat Pulldown (Cable)",1,70.0,6.0,0,0.0,
2024-02-27 17:39:47,"Back And Bi",46m,"Lat Pulldown (Cable)",2,60.0,9.0,0,0.0,
2024-02-27 17:39:47,"Back And Bi",46m,"Lat Pulldown (Cable)",3,50.0,8.0,0,0.0,
2024-02-27 17:39:47,"Back And Bi",46m,"Seated Row (Cable)",1,70.0,10.0,0,0.0,
2024-02-27 17:39:47,"Back And Bi",46m,"Seated Row (Cable)",2,60.0,8.0,0,0.0,
2024-02-27 17:39:47,"Back And Bi",46m,"Seated Row (Cable)",3,50.0,10.0,0,0.0,
2024-02-28 12:24:53,"Legs",31m,"Squat (Barbell)",1,185.0,3.0,0,0.0,
2024-02-28 12:24:53,"Legs",31m,"Squat (Barbell)",2,165.0,6.0,0,0.0,
2024-02-28 12:24:53,"Legs",31m,"Squat (Barbell)",3,155.0,6.0,0,0.0,
2024-02-28 12:24:53,"Legs",31m,"Leg Extension (Machine)",1,190.0,9.0,0,0.0,
2024-02-28 12:24:53,"Legs",31m,"Leg Extension (Machine)",2,170.0,8.0,0,0.0,
2024-02-28 12:24:53,"Legs",31m,"Leg Extension (Machine)",3,150.0,8.0,0,0.0,
2024-02-28 12:24:53,"Legs",31m,"Seated Leg Curl (Machine)",1,180.0,8.0,0,0.0,
2024-02-28 12:24:53,"Legs",31m,"Seated Leg Curl (Machine)",2,160.0,8.0,0,0.0,
2024-02-28 12:24:53,"Legs",31m,"Seated Leg Curl (Machine)",3,140.0,8.0,0,0.0,
2024-02-29 16:40:06,"Push",52m,"Bench Press (Barbell)",1,175.0,4.0,0,0.0,
2024-02-29 16:40:06,"Push",52m,"Bench Press (Barbell)",2,165.0,5.0,0,0.0,
2024-02-29 16:40:06,"Push",52m,"Bench Press (Barbell)",3,155.0,6.0,0,0.0,
2024-02-29 16:40:06,"Push",52m,"Incline Bench Press (Dumbbell)",1,100.0,8.0,0,0.0,
2024-02-29 16:40:06,"Push",52m,"Incline Bench Press (Dumbbell)",2,90.0,9.0,0,0.0,
2024-02-29 16:40:06,"Push",52m,"Incline Bench Press (Dumbbell)",3,90.0,8.0,0,0.0,
2024-02-29 16:40:06,"Push",52m,"Lateral Raise (Dumbbell)",1,35.0,4.0,0,0.0,
2024-03-01 15:30:45,"Push",14s,"Bench Press (Barbell)",1,155.0,5.0,0,0.0,
2024-03-01 15:30:45,"Push",14s,"Bench Press (Barbell)",2,155.0,7.0,0,0.0,
2024-03-03 15:01:00,"Back And Bi",1h 24m,"Seated Row (Cable)",1,70.0,11.0,0,0.0,
2024-03-03 15:01:00,"Back And Bi",1h 24m,"Seated Row (Cable)",2,80.0,5.0,0,0.0,
2024-03-03 15:01:00,"Back And Bi",1h 24m,"Seated Row (Cable)",3,60.0,10.0,0,0.0,
2024-03-03 15:01:00,"Back And Bi",1h 24m,"Seated Row (Cable)",4,70.0,8.0,0,0.0,
2024-03-03 15:01:00,"Back And Bi",1h 24m,"Lat Pulldown (Cable)",1,70.0,8.0,0,0.0,
2024-03-03 15:01:00,"Back And Bi",1h 24m,"Lat Pulldown (Cable)",2,60.0,8.0,0,0.0,
2024-03-03 15:01:00,"Back And Bi",1h 24m,"Lat Pulldown (Cable)",3,50.0,10.0,0,0.0,
2024-03-03 15:01:00,"Back And Bi",1h 24m,"Bicep Curl (Machine)",1,110.0,12.0,0,0.0,
2024-03-03 15:01:00,"Back And Bi",1h 24m,"Bicep Curl (Machine)",2,130.0,5.0,0,0.0,
2024-03-03 15:01:00,"Back And Bi",1h 24m,"Bicep Curl (Machine)",3,100.0,8.0,0,0.0,
2024-03-03 15:01:00,"Back And Bi",1h 24m,"Hammer Curl (Cable)",1,62.5,6.0,0,0.0,
2024-03-03 15:01:00,"Back And Bi",1h 24m,"Hammer Curl (Cable)",2,52.5,7.0,0,0.0,
2024-03-03 15:01:00,"Back And Bi",1h 24m,"Hammer Curl (Cable)",3,52.5,7.0,0,0.0,
2024-03-04 12:24:06,"Legs",29m,"Squat (Barbell)",1,185.0,3.0,0,0.0,
2024-03-04 12:24:06,"Legs",29m,"Squat (Barbell)",2,165.0,6.0,0,0.0,
2024-03-04 12:24:06,"Legs",29m,"Squat (Barbell)",3,155.0,7.0,0,0.0,
2024-03-04 12:24:06,"Legs",29m,"Leg Extension (Machine)",1,185.0,8.0,0,0.0,
2024-03-04 12:24:06,"Legs",29m,"Seated Leg Curl (Machine)",1,185.0,8.0,0,0.0,
2024-03-04 12:24:06,"Legs",29m,"Seated Leg Curl (Machine)",2,180.0,8.0,0,0.0,
2024-03-04 12:24:06,"Legs",29m,"Seated Leg Curl (Machine)",3,170.0,7.0,0,0.0,
2024-03-04 12:24:06,"Legs",29m,"Seated Calf Raise (Plate Loaded)",1,90.0,10.0,0,0.0,
2024-03-04 12:24:06,"Legs",29m,"Seated Calf Raise (Plate Loaded)",2,90.0,10.0,0,0.0,
2024-03-05 16:43:46,"Push",58m,"Bench Press (Barbell)",1,165.0,9.0,0,0.0,
2024-03-05 16:43:46,"Push",58m,"Bench Press (Barbell)",2,155.0,6.0,0,0.0,
2024-03-05 16:43:46,"Push",58m,"Bench Press (Barbell)",3,145.0,6.0,0,0.0,
2024-03-05 16:43:46,"Push",58m,"Bench Press (Barbell)",4,135.0,7.0,0,0.0,
2024-03-05 16:43:46,"Push",58m,"Lateral Raise (Machine)",1,50.0,9.0,0,0.0,
2024-03-05 16:43:46,"Push",58m,"Lateral Raise (Machine)",2,40.0,8.0,0,0.0,
2024-03-05 16:43:46,"Push",58m,"Lateral Raise (Machine)",3,30.0,6.0,0,0.0,
2024-03-05 16:43:46,"Push",58m,"Shoulder Press (Machine)",1,60.0,10.0,0,0.0,
2024-03-06 14:29:37,"Legs",55m,"Squat (Barbell)",1,185.0,3.0,0,0.0,
2024-03-06 14:29:37,"Legs",55m,"Squat (Barbell)",2,155.0,7.0,0,0.0,
2024-03-06 14:29:37,"Legs",55m,"Squat (Barbell)",3,135.0,10.0,0,0.0,
2024-03-06 14:29:37,"Legs",55m,"Leg Extension (Machine)",1,200.0,8.0,0,0.0,
2024-03-06 14:29:37,"Legs",55m,"Leg Extension (Machine)",2,185.0,8.0,0,0.0,
2024-03-06 14:29:37,"Legs",55m,"Leg Extension (Machine)",3,165.0,7.0,0,0.0,
2024-03-06 14:29:37,"Legs",55m,"Seated Leg Curl (Machine)",1,185.0,8.0,0,0.0,
2024-03-06 14:29:37,"Legs",55m,"Seated Leg Curl (Machine)",2,175.0,8.0,0,0.0,
2024-03-06 14:29:37,"Legs",55m,"Seated Leg Curl (Machine)",3,165.0,7.0,0,0.0,
2024-03-07 16:37:09,"Back And Bi",38m,"Seated Row (Cable)",1,70.0,10.0,0,0.0,
2024-03-07 16:37:09,"Back And Bi",38m,"Seated Row (Cable)",2,60.0,10.0,0,0.0,
2024-03-07 16:37:09,"Back And Bi",38m,"Seated Row (Cable)",3,50.0,9.0,0,0.0,
2024-03-07 16:37:09,"Back And Bi",38m,"Lat Pulldown (Cable)",1,70.0,8.0,0,0.0,
2024-03-07 16:37:09,"Back And Bi",38m,"Lat Pulldown (Cable)",2,60.0,8.0,0,0.0,
2024-03-07 16:37:09,"Back And Bi",38m,"Bicep Curl (Dumbbell)",1,70.0,9.0,0,0.0,
2024-03-07 16:37:09,"Back And Bi",38m,"Bicep Curl (Dumbbell)",2,70.0,8.0,0,0.0,
2024-03-07 16:37:09,"Back And Bi",38m,"Bicep Curl (Dumbbell)",3,70.0,7.0,0,0.0,
2024-03-07 16:37:09,"Back And Bi",38m,"Hammer Curl (Dumbbell)",1,70.0,8.0,0,0.0,
2024-03-07 16:37:09,"Back And Bi",38m,"Hammer Curl (Dumbbell)",2,70.0,6.0,0,0.0,
2024-03-07 16:37:09,"Back And Bi",38m,"Pull Up",1,0.0,5.0,0,0.0,
2024-03-09 14:05:01,"Push",1h 1m,"Bench Press (Barbell)",1,175.0,5.0,0,0.0,
2024-03-09 14:05:01,"Push",1h 1m,"Bench Press (Barbell)",2,165.0,7.0,0,0.0,
2024-03-09 14:05:01,"Push",1h 1m,"Bench Press (Barbell)",3,145.0,6.0,0,0.0,
2024-03-09 14:05:01,"Push",1h 1m,"Bench Press (Barbell)",4,135.0,15.0,0,0.0,
2024-03-09 14:05:01,"Push",1h 1m,"Chest Press (Machine)",1,130.0,6.0,0,0.0,
2024-03-09 14:05:01,"Push",1h 1m,"Chest Press (Machine)",2,110.0,7.0,0,0.0,
2024-03-09 14:05:01,"Push",1h 1m,"Chest Press (Machine)",3,90.0,6.0,0,0.0,
2024-03-09 14:05:01,"Push",1h 1m,"Triceps Pushdown (Cable - Straight Bar)",1,65.0,8.0,0,0.0,
2024-03-09 14:05:01,"Push",1h 1m,"Triceps Pushdown (Cable - Straight Bar)",2,57.5,8.0,0,0.0,
2024-03-09 14:05:01,"Push",1h 1m,"Triceps Pushdown (Cable - Straight Bar)",3,50.0,8.0,0,0.0,
2024-03-09 14:05:01,"Push",1h 1m,"Triceps Extension (Cable)",1,42.5,7.0,0,0.0,
2024-03-09 14:05:01,"Push",1h 1m,"Triceps Extension (Cable)",2,35.0,6.0,0,0.0,
2024-03-09 14:05:01,"Push",1h 1m,"Lateral Raise (Machine)",1,40.0,12.0,0,0.0,
2024-03-09 14:05:01,"Push",1h 1m,"Lateral Raise (Machine)",2,30.0,10.0,0,0.0,
2024-03-09 14:05:01,"Push",1h 1m,"Lateral Raise (Machine)",3,20.0,10.0,0,0.0,
2024-03-09 14:05:01,"Push",1h 1m,"Chest Fly",1,115.0,10.0,0,0.0,
2024-03-10 16:34:19,"Back And Bi",30m,"Lat Pulldown (Cable)",1,70.0,10.0,0,0.0,
2024-03-10 16:34:19,"Back And Bi",30m,"Lat Pulldown (Cable)",2,60.0,9.0,0,0.0,
2024-03-10 16:34:19,"Back And Bi",30m,"Lat Pulldown (Cable)",3,55.0,8.0,0,0.0,
2024-03-10 16:34:19,"Back And Bi",30m,"Seated Row (Cable)",1,70.0,10.0,0,0.0,
2024-03-10 16:34:19,"Back And Bi",30m,"Seated Row (Cable)",2,60.0,7.0,0,0.0,
2024-03-10 16:34:19,"Back And Bi",30m,"Seated Row (Cable)",3,50.0,9.0,0,0.0,
2024-03-10 16:34:19,"Back And Bi",30m,"Bicep Curl (Dumbbell)",1,80.0,7.0,0,0.0,
2024-03-10 16:34:19,"Back And Bi",30m,"Bicep Curl (Dumbbell)",2,70.0,7.0,0,0.0,
2024-03-10 16:34:19,"Back And Bi",30m,"Bicep Curl (Dumbbell)",3,70.0,5.0,0,0.0,
2024-03-10 16:34:19,"Back And Bi",30m,"Hammer Curl (Dumbbell)",1,90.0,4.0,0,0.0,
2024-03-10 16:34:19,"Back And Bi",30m,"Hammer Curl (Dumbbell)",2,70.0,6.0,0,0.0,
2024-03-10 16:34:19,"Back And Bi",30m,"Pull Up",1,0.0,6.0,0,0.0,
2024-03-11 20:36:21,"Legs",9m,"Squat (Barbell)",1,175.0,6.0,0,0.0,
2024-03-11 20:36:21,"Legs",9m,"Squat (Barbell)",2,155.0,7.0,0,0.0,
2024-03-12 16:44:50,"Push",29m,"Bench Press (Dumbbell)",1,160.0,5.0,0,0.0,
2024-03-12 16:44:50,"Push",29m,"Bench Press (Dumbbell)",2,140.0,8.0,0,0.0,
2024-03-12 16:44:50,"Push",29m,"Bench Press (Dumbbell)",3,140.0,6.0,0,0.0,
2024-03-12 16:44:50,"Push",29m,"Triceps Pushdown (Cable - Straight Bar)",1,67.5,8.0,0,0.0,
2024-03-12 16:44:50,"Push",29m,"Triceps Pushdown (Cable - Straight Bar)",2,55.0,7.0,0,0.0,
2024-03-12 16:44:50,"Push",29m,"Dirty Thirties",1,12.0,7.0,0,0.0,
2024-03-12 16:44:50,"Push",29m,"Dirty Thirties",2,12.0,6.0,0,0.0,
2024-03-13 11:31:35,"Back And Bi",25m,"Bent Over Row (Barbell)",1,155.0,5.0,0,0.0,
2024-03-13 11:31:35,"Back And Bi",25m,"Bent Over Row (Barbell)",2,135.0,5.0,0,0.0,
2024-03-13 11:31:35,"Back And Bi",25m,"Bent Over Row (Barbell)",3,135.0,5.0,0,0.0,
2024-03-13 11:31:35,"Back And Bi",25m,"Lat Pulldown (Cable)",1,70.0,6.0,0,0.0,
2024-03-13 11:31:35,"Back And Bi",25m,"Lat Pulldown (Cable)",2,60.0,7.0,0,0.0,
2024-03-13 11:31:35,"Back And Bi",25m,"Bicep Curl (Dumbbell)",1,80.0,7.0,0,0.0,
2024-03-13 11:31:35,"Back And Bi",25m,"Bicep Curl (Dumbbell)",2,70.0,7.0,0,0.0,
2024-03-13 11:31:35,"Back And Bi",25m,"Hammer Curl (Dumbbell)",1,70.0,7.0,0,0.0,
2024-03-13 11:31:35,"Back And Bi",25m,"Hammer Curl (Dumbbell)",2,60.0,6.0,0,0.0,
2024-03-13 11:31:35,"Back And Bi",25m,"Pull Up",1,0.0,8.0,0,0.0,
2024-03-14 16:19:43,"Legs",51m,"Squat (Barbell)",1,185.0,4.0,0,0.0,
2024-03-14 16:19:43,"Legs",51m,"Squat (Barbell)",2,175.0,3.0,0,0.0,
2024-03-14 16:19:43,"Legs",51m,"Squat (Barbell)",3,155.0,7.0,0,0.0,
2024-03-14 16:19:43,"Legs",51m,"Romanian Deadlift (Barbell)",1,185.0,7.0,0,0.0,
2024-03-14 16:19:43,"Legs",51m,"Romanian Deadlift (Barbell)",2,185.0,6.0,0,0.0,
2024-03-14 16:19:43,"Legs",51m,"Leg Extension (Machine)",1,195.0,7.0,0,0.0,
2024-03-14 16:19:43,"Legs",51m,"Leg Extension (Machine)",2,185.0,6.0,0,0.0,
2024-03-14 16:19:43,"Legs",51m,"Leg Extension (Machine)",3,175.0,6.0,0,0.0,
2024-03-14 16:19:43,"Legs",51m,"Seated Leg Curl (Machine)",1,195.0,5.0,0,0.0,
2024-03-14 16:19:43,"Legs",51m,"Seated Leg Curl (Machine)",2,175.0,7.0,0,0.0,
2024-03-14 16:19:43,"Legs",51m,"Seated Leg Curl (Machine)",3,155.0,8.0,0,0.0,
2024-03-14 16:19:43,"Legs",51m,"Seated Calf Raise (Plate Loaded)",1,90.0,8.0,0,0.0,
2024-03-14 16:19:43,"Legs",51m,"Seated Calf Raise (Plate Loaded)",2,90.0,7.0,0,0.0,
2024-03-15 19:18:38,"Push",54m,"Bench Press (Barbell)",1,205.0,1.0,0,0.0,
2024-03-15 19:18:38,"Push",54m,"Bench Press (Barbell)",2,175.0,4.0,0,0.0,
2024-03-15 19:18:38,"Push",54m,"Bench Press (Barbell)",3,155.0,4.0,0,0.0,
2024-03-15 19:18:38,"Push",54m,"Iso-Lateral Chest Press (Machine)",1,90.0,9.0,0,0.0,
2024-03-15 19:18:38,"Push",54m,"Iso-Lateral Chest Press (Machine)",2,90.0,9.0,0,0.0,
2024-03-15 19:18:38,"Push",54m,"Iso-Lateral Chest Press (Machine)",3,90.0,8.0,0,0.0,
2024-03-15 19:18:38,"Push",54m,"Triceps Pushdown (Cable - Straight Bar)",1,65.0,8.0,0,0.0,
2024-03-15 19:18:38,"Push",54m,"Triceps Pushdown (Cable - Straight Bar)",2,57.5,7.0,0,0.0,
2024-03-15 19:18:38,"Push",54m,"Triceps Pushdown (Cable - Straight Bar)",3,50.0,7.0,0,0.0,
2024-03-15 19:18:38,"Push",54m,"Dirty Thirties",1,10.0,10.0,0,0.0,
2024-03-15 19:18:38,"Push",54m,"Dirty Thirties",2,10.0,10.0,0,0.0,
2024-03-15 19:18:38,"Push",54m,"Triceps Extension (Cable)",1,42.5,9.0,0,0.0,
2024-03-15 19:18:38,"Push",54m,"Triceps Extension (Cable)",2,35.0,6.0,0,0.0,
2024-03-15 19:18:38,"Push",54m,"Triceps Extension (Cable)",3,30.0,9.0,0,0.0,
2024-03-15 19:18:38,"Push",54m,"Lateral Raise (Machine)",1,40.0,11.0,0,0.0,
2024-03-15 19:18:38,"Push",54m,"Lateral Raise (Machine)",2,30.0,12.0,0,0.0,
2024-03-15 19:18:38,"Push",54m,"Chest Fly",1,105.0,8.0,0,0.0,
2024-03-16 18:34:54,"Back And Bi",48m,"Lat Pulldown (Cable)",1,70.0,9.0,0,0.0,
2024-03-16 18:34:54,"Back And Bi",48m,"Lat Pulldown (Cable)",2,65.0,8.0,0,0.0,
2024-03-16 18:34:54,"Back And Bi",48m,"Lat Pulldown (Cable)",3,60.0,8.0,0,0.0,
2024-03-16 18:34:54,"Back And Bi",48m,"Lat Pulldown (Cable)",4,60.0,8.0,0,0.0,
2024-03-16 18:34:54,"Back And Bi",48m,"Seated Row (Cable)",1,75.0,7.0,0,0.0,
2024-03-16 18:34:54,"Back And Bi",48m,"Seated Row (Cable)",2,65.0,6.0,0,0.0,
2024-03-16 18:34:54,"Back And Bi",48m,"Seated Row (Cable)",3,55.0,10.0,0,0.0,
2024-03-16 18:34:54,"Back And Bi",48m,"Straight Arm Pull-downs",1,50.0,10.0,0,0.0,
2024-03-16 18:34:54,"Back And Bi",48m,"Straight Arm Pull-downs",2,50.0,10.0,0,0.0,
2024-03-16 18:34:54,"Back And Bi",48m,"Straight Arm Pull-downs",3,50.0,10.0,0,0.0,
2024-03-16 18:34:54,"Back And Bi",48m,"Bicep Curl (Cable)",1,72.5,7.0,0,0.0,
2024-03-17 14:02:28,"Legs",41m,"Squat (Barbell)",1,185.0,3.0,0,0.0,
2024-03-17 14:02:28,"Legs",41m,"Squat (Barbell)",2,155.0,8.0,0,0.0,
2024-03-17 14:02:28,"Legs",41m,"Squat (Barbell)",3,135.0,6.0,0,0.0,
2024-03-17 14:02:28,"Legs",41m,"Leg Extension (Machine)",1,230.0,5.0,0,0.0,
2024-03-17 14:02:28,"Legs",41m,"Leg Extension (Machine)",2,190.0,5.0,0,0.0,
2024-03-17 14:02:28,"Legs",41m,"Seated Leg Curl (Machine)",1,198.0,8.0,0,0.0,
2024-03-17 14:02:28,"Legs",41m,"Seated Leg Curl (Machine)",2,170.0,9.0,0,0.0,
2024-03-17 14:02:28,"Legs",41m,"Seated Leg Curl (Machine)",3,150.0,2.0,0,0.0,
2024-03-19 16:33:34,"Back And Bi",41m,"Lat Pulldown (Cable)",1,70.0,10.0,0,0.0,
2024-03-19 16:33:34,"Back And Bi",41m,"Lat Pulldown (Cable)",2,65.0,9.0,0,0.0,
2024-03-19 16:33:34,"Back And Bi",41m,"Lat Pulldown (Cable)",3,55.0,8.0,0,0.0,
2024-03-19 16:33:34,"Back And Bi",41m,"Lat Pulldown (Cable)",4,50.0,8.0,0,0.0,
2024-03-19 16:33:34,"Back And Bi",41m,"Iso-Lateral Row (Machine)",1,180.0,8.0,0,0.0,
2024-03-19 16:33:34,"Back And Bi",41m,"Iso-Lateral Row (Machine)",2,230.0,5.0,0,0.0,
2024-03-19 16:33:34,"Back And Bi",41m,"Iso-Lateral Row (Machine)",3,180.0,8.0,0,0.0,
2024-03-19 16:33:34,"Back And Bi",41m,"Bicep Curl (Dumbbell)",1,80.0,7.0,0,0.0,
2024-03-19 16:33:34,"Back And Bi",41m,"Bicep Curl (Dumbbell)",2,70.0,8.0,0,0.0,
2024-03-19 16:33:34,"Back And Bi",41m,"Bicep Curl (Dumbbell)",3,70.0,7.0,0,0.0,
2024-03-19 16:33:34,"Back And Bi",41m,"Bicep Curl (Machine)",1,110.0,8.0,0,0.0,
2024-03-19 16:33:34,"Back And Bi",41m,"Bicep Curl (Machine)",2,90.0,9.0,0,0.0,
2024-03-19 16:33:34,"Back And Bi",41m,"Bicep Curl (Machine)",3,90.0,7.0,0,0.0,
2024-03-19 16:33:34,"Back And Bi",41m,"Bicep Curl (Cable)",1,62.5,5.0,0,0.0,
2024-03-19 16:33:34,"Back And Bi",41m,"Bicep Curl (Cable)",2,52.5,6.0,0,0.0,
2024-03-19 16:33:34,"Back And Bi",41m,"Bicep Curl (Cable)",3,42.5,6.0,0,0.0,
2024-03-22 13:23:50,"Push",1h,"Bench Press (Barbell)",1,175.0,4.0,0,0.0,
2024-03-22 13:23:50,"Push",1h,"Bench Press (Barbell)",2,155.0,6.0,0,0.0,
2024-03-22 13:23:50,"Push",1h,"Bench Press (Barbell)",3,145.0,8.0,0,0.0,
2024-03-22 13:23:50,"Push",1h,"Iso-Lateral Chest Press (Machine)",1,110.0,9.0,0,0.0,
2024-03-22 13:23:50,"Push",1h,"Iso-Lateral Chest Press (Machine)",2,140.0,5.0,0,0.0,
2024-03-22 13:23:50,"Push",1h,"Iso-Lateral Chest Press (Machine)",3,90.0,7.0,0,0.0,
2024-03-22 13:23:50,"Push",1h,"Triceps Pushdown (Cable - Straight Bar)",1,65.0,8.0,0,0.0,
2024-03-22 13:23:50,"Push",1h,"Triceps Pushdown (Cable - Straight Bar)",2,57.5,9.0,0,0.0,
2024-03-22 13:23:50,"Push",1h,"Triceps Pushdown (Cable - Straight Bar)",3,50.0,8.0,0,0.0,
2024-03-22 13:23:50,"Push",1h,"Triceps Extension (Cable)",1,42.5,5.0,0,0.0,
2024-03-22 13:23:50,"Push",1h,"Triceps Extension (Cable)",2,35.0,9.0,0,0.0,
2024-03-22 13:23:50,"Push",1h,"Triceps Extension (Cable)",3,35.0,9.0,0,0.0,
2024-03-22 13:23:50,"Push",1h,"Lateral Raise (Machine)",1,40.0,10.0,0,0.0,
2024-03-22 13:23:50,"Push",1h,"Lateral Raise (Machine)",2,30.0,8.0,0,0.0,
2024-03-22 13:23:50,"Push",1h,"Lateral Raise (Machine)",3,25.0,8.0,0,0.0,
2024-03-22 13:23:50,"Push",1h,"Dirty Thirties",1,12.5,5.0,0,0.0,
2024-03-22 13:23:50,"Push",1h,"Dirty Thirties",2,10.0,8.0,0,0.0,
2024-03-26 16:19:38,"Legs",26m,"Squat (Barbell)",1,185.0,2.0,0,0.0,
2024-03-26 16:19:38,"Legs",26m,"Squat (Barbell)",2,155.0,9.0,0,0.0,
2024-03-26 16:19:38,"Legs",26m,"Squat (Barbell)",3,135.0,8.0,0,0.0,
2024-03-26 16:19:38,"Legs",26m,"Leg Extension (Machine)",1,140.0,5.0,0,0.0,
2024-03-26 16:19:38,"Legs",26m,"Seated Leg Curl (Machine)",1,140.0,5.0,0,0.0,
2024-03-26 16:19:38,"Legs",26m,"Seated Leg Curl (Machine)",2,110.0,9.0,0,0.0,
2024-04-01 22:17:15,"Push",14m,"Incline Bench Press (Dumbbell)",1,90.0,11.0,0,0.0,
2024-04-01 22:17:15,"Push",14m,"Incline Bench Press (Dumbbell)",2,90.0,10.0,0,0.0,
2024-04-01 22:17:15,"Push",14m,"Incline Bench Press (Dumbbell)",3,90.0,9.0,0,0.0,
2024-04-01 22:17:15,"Push",14m,"Triceps Pushdown (Cable - Straight Bar)",1,65.0,8.0,0,0.0,
2024-04-01 22:17:15,"Push",14m,"Triceps Pushdown (Cable - Straight Bar)",2,57.5,9.0,0,0.0,
2024-04-01 22:17:15,"Push",14m,"Triceps Extension (Cable)",1,42.5,5.0,0,0.0,
2024-04-01 22:17:15,"Push",14m,"Triceps Extension (Cable)",2,35.0,9.0,0,0.0,
2024-04-02 12:09:37,"Back And Bi",57m,"Lat Pulldown (Cable)",1,140.0,10.0,0,0.0,
2024-04-02 12:09:37,"Back And Bi",57m,"Lat Pulldown (Cable)",2,160.0,7.0,0,0.0,
2024-04-02 12:09:37,"Back And Bi",57m,"Lat Pulldown (Cable)",3,120.0,10.0,0,0.0,
2024-04-02 12:09:37,"Back And Bi",57m,"Seated Row (Machine)",1,150.0,6.0,0,0.0,
2024-04-02 12:09:37,"Back And Bi",57m,"Seated Row (Machine)",2,130.0,6.0,0,0.0,
2024-04-02 12:09:37,"Back And Bi",57m,"Seated Row (Machine)",3,110.0,7.0,0,0.0,
2024-04-02 12:09:37,"Back And Bi",57m,"Bicep Curl (Dumbbell)",1,70.0,10.0,0,0.0,
2024-04-02 12:09:37,"Back And Bi",57m,"Bicep Curl (Dumbbell)",2,70.0,9.0,0,0.0,
2024-04-02 12:09:37,"Back And Bi",57m,"Bicep Curl (Dumbbell)",3,70.0,8.0,0,0.0,
2024-04-02 12:09:37,"Back And Bi",57m,"Bicep Curl (Machine)",1,110.0,8.0,0,0.0,
2024-04-02 12:09:37,"Back And Bi",57m,"Bicep Curl (Machine)",2,90.0,9.0,0,0.0,
2024-04-02 12:09:37,"Back And Bi",57m,"Bicep Curl (Machine)",3,70.0,10.0,0,0.0,
2024-04-02 12:09:37,"Back And Bi",57m,"Bicep Curl (Cable)",1,65.0,6.0,0,0.0,
2024-04-02 12:09:37,"Back And Bi",57m,"Bicep Curl (Cable)",2,57.5,9.0,0,0.0,
2024-04-02 12:09:37,"Back And Bi",57m,"Bicep Curl (Cable)",3,50.0,9.0,0,0.0,
2024-04-03 13:37:13,"Legs",52m,"Squat (Barbell)",1,175.0,6.0,0,0.0,
2024-04-03 13:37:13,"Legs",52m,"Squat (Barbell)",2,165.0,6.0,0,0.0,
2024-04-03 13:37:13,"Legs",52m,"Squat (Barbell)",3,135.0,11.0,0,0.0,
2024-04-03 13:37:13,"Legs",52m,"Leg Extension (Machine)",1,175.0,9.0,0,0.0,
2024-04-03 13:37:13,"Legs",52m,"Leg Extension (Machine)",2,160.0,8.0,0,0.0,
2024-04-03 13:37:13,"Legs",52m,"Seated Leg Curl (Machine)",1,185.0,8.0,0,0.0,
2024-04-03 13:37:13,"Legs",52m,"Seated Leg Curl (Machine)",2,175.0,6.0,0,0.0,
2024-04-03 13:37:13,"Legs",52m,"Seated Leg Curl (Machine)",3,155.0,7.0,0,0.0,
2024-04-03 13:37:13,"Legs",52m,"Seated Calf Raise (Plate Loaded)",1,90.0,8.0,0,0.0,
2024-04-03 13:37:13,"Legs",52m,"Seated Calf Raise (Plate Loaded)",2,90.0,7.0,0,0.0,
2024-04-03 13:37:13,"Legs",52m,"Shoulder Press (Machine)",1,70.0,11.0,0,0.0,
2024-04-03 13:37:13,"Legs",52m,"Shoulder Press (Machine)",2,80.0,8.0,0,0.0,
2024-04-03 13:37:13,"Legs",52m,"Dirty Thirties",1,10.0,8.0,0,0.0,
2024-04-03 13:37:13,"Legs",52m,"Dirty Thirties",2,10.0,6.0,0,0.0,
2024-04-04 14:53:15,"Push",50m,"Bench Press (Barbell)",1,155.0,10.0,0,0.0,
2024-04-04 14:53:15,"Push",50m,"Bench Press (Barbell)",2,155.0,8.0,0,0.0,
2024-04-04 14:53:15,"Push",50m,"Bench Press (Barbell)",3,155.0,5.0,0,0.0,
2024-04-04 14:53:15,"Push",50m,"Bench Press (Barbell)",4,135.0,10.0,0,0.0,
2024-04-04 14:53:15,"Push",50m,"Chest Press (Machine)",1,130.0,8.0,0,0.0,
2024-04-04 14:53:15,"Push",50m,"Chest Press (Machine)",2,110.0,8.0,0,0.0,
2024-04-04 14:53:15,"Push",50m,"Chest Press (Machine)",3,90.0,10.0,0,0.0,
2024-04-04 14:53:15,"Push",50m,"Chest Fly",1,115.0,8.0,0,0.0,
2024-04-04 14:53:15,"Push",50m,"Chest Fly",2,100.0,8.0,0,0.0,
2024-04-04 14:53:15,"Push",50m,"Triceps Pushdown (Cable - Straight Bar)",1,62.5,9.0,0,0.0,
2024-04-04 14:53:15,"Push",50m,"Triceps Pushdown (Cable - Straight Bar)",2,57.5,6.0,0,0.0,
2024-04-05 13:10:03,"Back And Bi",42m,"Bent Over Row (Barbell)",1,135.0,5.0,0,0.0,
2024-04-05 13:10:03,"Back And Bi",42m,"Bent Over Row (Barbell)",2,135.0,6.0,0,0.0,
2024-04-05 13:10:03,"Back And Bi",42m,"Bicep Curl (Dumbbell)",1,70.0,11.0,0,0.0,
2024-04-05 13:10:03,"Back And Bi",42m,"Bicep Curl (Dumbbell)",2,80.0,7.0,0,0.0,
2024-04-05 13:10:03,"Back And Bi",42m,"Bicep Curl (Dumbbell)",3,70.0,8.0,0,0.0,
2024-04-05 13:10:03,"Back And Bi",42m,"Hammer Curl (Dumbbell)",1,90.0,3.0,0,0.0,
2024-04-05 13:10:03,"Back And Bi",42m,"Hammer Curl (Dumbbell)",2,70.0,6.0,0,0.0,
2024-04-05 13:10:03,"Back And Bi",42m,"Hammer Curl (Dumbbell)",3,60.0,8.0,0,0.0,
2024-04-05 13:10:03,"Back And Bi",42m,"Pull Up",1,0.0,7.0,0,0.0,
2024-04-05 13:10:03,"Back And Bi",42m,"Pull Up",2,0.0,6.0,0,0.0,
2024-04-05 13:10:03,"Back And Bi",42m,"Pull Up",3,0.0,5.0,0,0.0,
2024-04-06 16:01:08,"Legs",53m,"Squat (Barbell)",1,165.0,9.0,0,0.0,
2024-04-06 16:01:08,"Legs",53m,"Squat (Barbell)",2,145.0,7.0,0,0.0,
2024-04-06 16:01:08,"Legs",53m,"Squat (Barbell)",3,145.0,7.0,0,0.0,
2024-04-06 16:01:08,"Legs",53m,"Seated Leg Curl (Machine)",1,170.0,2.0,0,0.0,
2024-04-06 16:01:08,"Legs",53m,"Seated Leg Curl (Machine)",2,130.0,9.0,0,0.0,
2024-04-06 16:01:08,"Legs",53m,"Standing Calf Raise (Dumbbell)",1,40.0,10.0,0,0.0,
2024-04-06 16:01:08,"Legs",53m,"Standing Calf Raise (Dumbbell)",2,40.0,10.0,0,0.0,
2024-04-08 16:17:07,"Push",1h 2m,"Bench Press (Barbell)",1,175.0,5.0,0,0.0,
2024-04-08 16:17:07,"Push",1h 2m,"Bench Press (Barbell)",2,155.0,10.0,0,0.0,
2024-04-08 16:17:07,"Push",1h 2m,"Bench Press (Barbell)",3,175.0,3.0,0,0.0,
2024-04-08 16:17:07,"Push",1h 2m,"Bench Press (Barbell)",4,185.0,1.0,0,0.0,
2024-04-08 16:17:07,"Push",1h 2m,"Iso-Lateral Chest Press (Machine)",1,130.0,9.0,0,0.0,
2024-04-08 16:17:07,"Push",1h 2m,"Iso-Lateral Chest Press (Machine)",2,110.0,5.0,0,0.0,
2024-04-08 16:17:07,"Push",1h 2m,"Iso-Lateral Chest Press (Machine)",3,90.0,7.0,0,0.0,
2024-04-08 16:17:07,"Push",1h 2m,"Iso-Lateral Chest Press (Machine)",4,90.0,8.0,0,0.0,
2024-04-08 16:17:07,"Push",1h 2m,"Triceps Pushdown (Cable - Straight Bar)",1,62.5,10.0,0,0.0,
2024-04-09 12:01:36,"Back And Bi",37m,"Lat Prayers",1,40.0,9.0,0,0.0,
2024-04-09 12:01:36,"Back And Bi",37m,"Lat Prayers",2,40.0,9.0,0,0.0,
2024-04-09 12:01:36,"Back And Bi",37m,"Lat Prayers",3,50.0,7.0,0,0.0,
2024-04-09 12:01:36,"Back And Bi",37m,"Lat Prayers",4,50.0,3.0,0,0.0,
2024-04-09 12:01:36,"Back And Bi",37m,"Seated Row (Cable)",1,60.0,10.0,0,0.0,
2024-04-09 12:01:36,"Back And Bi",37m,"Seated Row (Cable)",2,80.0,6.0,0,0.0,
2024-04-09 12:01:36,"Back And Bi",37m,"Seated Row (Cable)",3,75.0,7.0,0,0.0,
2024-04-09 12:01:36,"Back And Bi",37m,"Bicep Curl (Dumbbell)",1,70.0,9.0,0,0.0,
2024-04-09 12:01:36,"Back And Bi",37m,"Bicep Curl (Dumbbell)",2,70.0,8.0,0,0.0,
2024-04-09 12:01:36,"Back And Bi",37m,"Bicep Curl (Dumbbell)",3,70.0,5.0,0,0.0,
2024-04-09 12:01:36,"Back And Bi",37m,"Bicep Curl (Dumbbell)",4,60.0,5.0,0,0.0,
2024-04-09 12:01:36,"Back And Bi",37m,"Bicep Curl (Machine)",1,110.0,8.0,0,0.0,
2024-04-09 12:01:36,"Back And Bi",37m,"Bicep Curl (Machine)",2,90.0,8.0,0,0.0,
2024-04-09 12:01:36,"Back And Bi",37m,"Bicep Curl (Machine)",3,90.0,8.0,0,0.0,
2024-04-09 12:01:36,"Back And Bi",37m,"Bicep Curl (Cable)",1,57.5,6.0,0,0.0,
2024-04-09 12:01:36,"Back And Bi",37m,"Bicep Curl (Cable)",2,50.0,6.0,0,0.0,
2024-04-09 12:01:36,"Back And Bi",37m,"Bicep Curl (Cable)",3,42.5,6.0,0,0.0,
2024-04-15 13:16:57,"Push",41m,"Incline Bench Press (Barbell)",1,135.0,5.0,0,0.0,
2024-04-15 13:16:57,"Push",41m,"Incline Bench Press (Barbell)",2,115.0,8.0,0,0.0,
2024-04-15 13:16:57,"Push",41m,"Incline Bench Press (Barbell)",3,115.0,6.0,0,0.0,
2024-04-15 13:16:57,"Push",41m,"Bench Press (Barbell)",1,175.0,3.0,0,0.0,
2024-04-15 13:16:57,"Push",41m,"Bench Press (Barbell)",2,155.0,6.0,0,0.0,
2024-04-15 13:16:57,"Push",41m,"Bench Press (Barbell)",3,145.0,6.0,0,0.0,
2024-04-15 13:16:57,"Push",41m,"Triceps Pushdown (Cable - Straight Bar)",1,62.5,9.0,0,0.0,
2024-04-15 13:16:57,"Push",41m,"Triceps Pushdown (Cable - Straight Bar)",2,57.5,7.0,0,0.0,
2024-04-15 13:16:57,"Push",41m,"Triceps Pushdown (Cable - Straight Bar)",3,52.5,7.0,0,0.0,
2024-04-15 13:16:57,"Push",41m,"Triceps Extension (Cable)",1,47.5,7.0,0,0.0,
2024-04-15 13:16:57,"Push",41m,"Triceps Extension (Cable)",2,42.5,8.0,0,0.0,
2024-04-16 13:06:19,"Back And Bi",33m,"Lat Pulldown (Cable)",1,70.0,7.0,0,0.0,
2024-04-16 13:06:19,"Back And Bi",33m,"Bent Over Row (Barbell)",1,115.0,9.0,0,0.0,
2024-04-16 13:06:19,"Back And Bi",33m,"Bent Over Row (Barbell)",2,115.0,9.0,0,0.0,
2024-04-16 13:06:19,"Back And Bi",33m,"Bicep Curl (Dumbbell)",1,80.0,8.0,0,0.0,
2024-04-16 13:06:19,"Back And Bi",33m,"Bicep Curl (Dumbbell)",2,70.0,8.0,0,0.0,
2024-04-16 13:06:19,"Back And Bi",33m,"Bicep Curl (Dumbbell)",3,70.0,7.0,0,0.0,
2024-04-16 13:06:19,"Back And Bi",33m,"Hammer Curl (Dumbbell)",1,70.0,8.0,0,0.0,
2024-04-16 13:06:19,"Back And Bi",33m,"Hammer Curl (Dumbbell)",2,60.0,8.0,0,0.0,
2024-04-16 13:06:19,"Back And Bi",33m,"Seated Row (Cable)",1,80.0,5.0,0,0.0,
2024-04-16 13:06:19,"Back And Bi",33m,"Pull Up",1,0.0,7.0,0,0.0,
2024-04-16 13:06:19,"Back And Bi",33m,"Lat Prayers",1,42.5,8.0,0,0.0,
2024-04-16 13:06:19,"Back And Bi",33m,"Lat Prayers",2,42.5,8.0,0,0.0,
2024-04-17 19:24:48,"Legs",1h,"Squat (Barbell)",1,185.0,3.0,0,0.0,
2024-04-17 19:24:48,"Legs",1h,"Squat (Barbell)",2,165.0,8.0,0,0.0,
2024-04-17 19:24:48,"Legs",1h,"Squat (Barbell)",3,155.0,8.0,0,0.0,
2024-04-17 19:24:48,"Legs",1h,"Lying Leg Curl (Machine)",1,150.0,3.0,0,0.0,
2024-04-17 19:24:48,"Legs",1h,"Lying Leg Curl (Machine)",2,110.0,8.0,0,0.0,
2024-04-17 19:24:48,"Legs",1h,"Romanian Deadlift (Barbell)",1,205.0,8.0,0,0.0,
2024-04-17 19:24:48,"Legs",1h,"Romanian Deadlift (Barbell)",2,205.0,5.0,0,0.0,
2024-04-17 19:24:48,"Legs",1h,"Romanian Deadlift (Barbell)",3,205.0,4.0,0,0.0,
2024-04-18 16:46:49,"Push",1h 3m,"Bench Press (Barbell)",1,175.0,3.0,0,0.0,
2024-04-18 16:46:49,"Push",1h 3m,"Bench Press (Barbell)",2,165.0,6.0,0,0.0,
2024-04-18 16:46:49,"Push",1h 3m,"Bench Press (Barbell)",3,155.0,8.0,0,0.0,
2024-04-18 16:46:49,"Push",1h 3m,"Iso-Lateral Chest Press (Machine)",1,130.0,6.0,0,0.0,
2024-04-18 16:46:49,"Push",1h 3m,"Iso-Lateral Chest Press (Machine)",2,110.0,5.0,0,0.0,
2024-04-18 16:46:49,"Push",1h 3m,"Iso-Lateral Chest Press (Machine)",3,90.0,7.0,0,0.0,
2024-04-19 22:44:21,"Back And Bi",10m,"Lat Pulldown (Cable)",1,72.5,5.0,0,0.0,
2024-04-19 22:44:21,"Back And Bi",10m,"Bicep Curl (Dumbbell)",1,80.0,7.0,0,0.0,
2024-04-19 22:44:21,"Back And Bi",10m,"Bicep Curl (Dumbbell)",2,70.0,12.0,0,0.0,
2024-04-19 22:44:21,"Back And Bi",10m,"Bicep Curl (Dumbbell)",3,70.0,8.0,0,0.0,
2024-04-21 16:09:10,"Legs",31m,"Squat (Barbell)",1,205.0,1.0,0,0.0,
2024-04-21 16:09:10,"Legs",31m,"Squat (Barbell)",2,165.0,7.0,0,0.0,
2024-04-21 16:09:10,"Legs",31m,"Leg Extension (Machine)",1,190.0,8.0,0,0.0,
2024-04-21 16:09:10,"Legs",31m,"Leg Extension (Machine)",2,170.0,7.0,0,0.0,
2024-04-21 16:09:10,"Legs",31m,"Seated Leg Curl (Machine)",1,190.0,9.0,0,0.0,
2024-04-21 16:09:10,"Legs",31m,"Seated Leg Curl (Machine)",2,175.0,9.0,0,0.0,
2024-04-21 16:09:10,"Legs",31m,"Standing Calf Raise (Dumbbell)",1,70.0,10.0,0,0.0,
2024-04-21 16:09:10,"Legs",31m,"Standing Calf Raise (Dumbbell)",2,70.0,10.0,0,0.0,
2024-04-21 16:09:10,"Legs",31m,"Romanian Deadlift (Barbell)",1,185.0,6.0,0,0.0,
2024-04-22 13:13:43,"Push",44m,"Bench Press (Barbell)",1,165.0,4.0,0,0.0,
2024-04-22 13:13:43,"Push",44m,"Bench Press (Barbell)",2,145.0,8.0,0,0.0,
2024-04-22 13:13:43,"Push",44m,"Bench Press (Barbell)",3,135.0,8.0,0,0.0,
2024-04-22 13:13:43,"Push",44m,"Incline Bench Press (Barbell)",1,145.0,4.0,0,0.0,
2024-04-22 13:13:43,"Push",44m,"Incline Bench Press (Barbell)",2,115.0,10.0,0,0.0,
2024-04-22 13:13:43,"Push",44m,"Incline Bench Press (Barbell)",3,115.0,6.0,0,0.0,
2024-04-22 13:13:43,"Push",44m,"Triceps Pushdown (Cable - Straight Bar)",1,67.5,9.0,0,0.0,
2024-04-22 13:13:43,"Push",44m,"Triceps Pushdown (Cable - Straight Bar)",2,62.5,9.0,0,0.0,
2024-04-22 13:13:43,"Push",44m,"Triceps Pushdown (Cable - Straight Bar)",3,57.5,8.0,0,0.0,
2024-04-22 13:13:43,"Push",44m,"Triceps Extension (Cable)",1,47.5,9.0,0,0.0,
2024-04-22 13:13:43,"Push",44m,"Triceps Extension (Cable)",2,42.5,7.0,0,0.0,
2024-04-22 13:13:43,"Push",44m,"Lateral Raise (Dumbbell)",1,30.0,8.0,0,0.0,
2024-04-22 13:13:43,"Push",44m,"Lateral Raise (Dumbbell)",2,25.0,8.0,0,0.0,
2024-04-22 13:13:43,"Push",44m,"Lateral Raise (Dumbbell)",3,20.0,10.0,0,0.0,
2024-04-22 13:13:43,"Push",44m,"Seated Overhead Press (Dumbbell)",1,100.0,4.0,0,0.0,
2024-04-23 14:25:05,"Back And Bi",45m,"Lat Pulldown (Cable)",1,70.0,9.0,0,0.0,
2024-04-23 14:25:05,"Back And Bi",45m,"Lat Pulldown (Cable)",2,65.0,10.0,0,0.0,
2024-04-23 14:25:05,"Back And Bi",45m,"Lat Pulldown (Cable)",3,65.0,10.0,0,0.0,
2024-04-23 14:25:05,"Back And Bi",45m,"Iso-Lateral Row (Machine)",1,120.0,8.0,0,0.0,
2024-04-23 14:25:05,"Back And Bi",45m,"Iso-Lateral Row (Machine)",2,140.0,6.0,0,0.0,
2024-04-23 14:25:05,"Back And Bi",45m,"Iso-Lateral Row (Machine)",3,100.0,10.0,0,0.0,
2024-04-23 14:25:05,"Back And Bi",45m,"Lat Prayers",1,42.5,8.0,0,0.0,
2024-04-23 14:25:05,"Back And Bi",45m,"Lat Prayers",2,42.5,8.0,0,0.0,
2024-04-23 14:25:05,"Back And Bi",45m,"Bicep Curl (Dumbbell)",1,80.0,8.0,0,0.0,
2024-04-23 14:25:05,"Back And Bi",45m,"Bicep Curl (Dumbbell)",2,80.0,5.0,0,0.0,
2024-04-23 14:25:05,"Back And Bi",45m,"Bicep Curl (Dumbbell)",3,80.0,5.0,0,0.0,
2024-04-23 14:25:05,"Back And Bi",45m,"Bicep Curl (Machine)",1,110.0,8.0,0,0.0,
2024-04-23 14:25:05,"Back And Bi",45m,"Bicep Curl (Machine)",2,90.0,8.0,0,0.0,
2024-04-23 14:25:05,"Back And Bi",45m,"Bicep Curl (Machine)",3,90.0,6.0,0,0.0,
2024-04-24 13:10:04,"Legs",41m,"Squat (Barbell)",1,185.0,3.0,0,0.0,
2024-04-24 13:10:04,"Legs",41m,"Squat (Barbell)",2,165.0,6.0,0,0.0,
2024-04-24 13:10:04,"Legs",41m,"Squat (Barbell)",3,155.0,6.0,0,0.0,
2024-04-24 13:10:04,"Legs",41m,"Leg Extension (Machine)",1,190.0,7.0,0,0.0,
2024-04-24 13:10:04,"Legs",41m,"Leg Extension (Machine)",2,170.0,6.0,0,0.0,
2024-04-24 13:10:04,"Legs",41m,"Leg Extension (Machine)",3,150.0,7.0,0,0.0,
2024-04-24 13:10:04,"Legs",41m,"Seated Leg Curl (Machine)",1,190.0,8.0,0,0.0,
2024-04-24 13:10:04,"Legs",41m,"Seated Leg Curl (Machine)",2,170.0,8.0,0,0.0,
2024-04-24 13:10:04,"Legs",41m,"Seated Leg Curl (Machine)",3,150.0,5.0,0,0.0,
2024-04-24 13:10:04,"Legs",41m,"Seated Calf Raise (Plate Loaded)",1,90.0,7.0,0,0.0,
2024-04-24 13:10:04,"Legs",41m,"Seated Calf Raise (Plate Loaded)",2,90.0,7.0,0,0.0,
2024-04-24 13:10:04,"Legs",41m,"Seated Calf Raise (Plate Loaded)",3,90.0,7.0,0,0.0,
2024-04-25 13:41:23,"Push",1h 22m,"Bench Press (Barbell)",1,185.0,2.0,0,0.0,
2024-04-25 13:41:23,"Push",1h 22m,"Bench Press (Barbell)",2,165.0,6.0,0,0.0,
2024-04-25 13:41:23,"Push",1h 22m,"Bench Press (Barbell)",3,145.0,8.0,0,0.0,
2024-04-25 13:41:23,"Push",1h 22m,"Triceps Pushdown (Cable - Straight Bar)",1,72.5,8.0,0,0.0,
2024-04-25 13:41:23,"Push",1h 22m,"Triceps Pushdown (Cable - Straight Bar)",2,67.5,8.0,0,0.0,
2024-04-25 13:41:23,"Push",1h 22m,"Triceps Pushdown (Cable - Straight Bar)",3,62.5,8.0,0,0.0,
2024-04-26 19:29:29,"Back And Bi",19m,"Lat Pulldown (Cable)",1,80.0,7.0,0,0.0,
2024-04-26 19:29:29,"Back And Bi",19m,"Lat Pulldown (Cable)",2,70.0,8.0,0,0.0,
2024-04-26 19:29:29,"Back And Bi",19m,"Lat Pulldown (Cable)",3,60.0,8.0,0,0.0,
2024-04-26 19:29:29,"Back And Bi",19m,"Lat Prayers",1,50.0,8.0,0,0.0,
2024-04-26 19:29:29,"Back And Bi",19m,"Bicep Curl (Dumbbell)",1,80.0,8.0,0,0.0,
2024-04-26 19:29:29,"Back And Bi",19m,"Bicep Curl (Dumbbell)",2,70.0,8.0,0,0.0,
2024-04-26 19:29:29,"Back And Bi",19m,"Bicep Curl (Dumbbell)",3,70.0,4.0,0,0.0,
2024-04-26 19:29:29,"Back And Bi",19m,"Preacher Curl (Machine)",1,50.0,9.0,0,0.0,
2024-04-26 19:29:29,"Back And Bi",19m,"Preacher Curl (Machine)",2,50.0,8.0,0,0.0,
2024-04-26 19:29:29,"Back And Bi",19m,"Pull Up",1,0.0,14.0,0,0.0,
2024-04-27 14:12:50,"Legs",45m,"Leg Extension (Machine)",1,190.0,7.0,0,0.0,
2024-04-27 14:12:50,"Legs",45m,"Leg Extension (Machine)",2,170.0,6.0,0,0.0,
2024-04-27 14:12:50,"Legs",45m,"Leg Extension (Machine)",3,150.0,7.0,0,0.0,
2024-04-27 14:12:50,"Legs",45m,"Leg Extension (Machine)",4,150.0,8.0,0,0.0,
2024-04-27 14:12:50,"Legs",45m,"Lying Leg Curl (Machine)",1,170.0,5.0,0,0.0,
2024-04-27 14:12:50,"Legs",45m,"Lying Leg Curl (Machine)",2,150.0,6.0,0,0.0,
2024-04-27 14:12:50,"Legs",45m,"Lying Leg Curl (Machine)",3,130.0,8.0,0,0.0,
2024-04-29 12:02:29,"Push",48m,"Bench Press (Barbell)",1,175.0,3.0,0,0.0,
2024-04-29 12:02:29,"Push",48m,"Bench Press (Barbell)",2,155.0,7.0,0,0.0,
2024-04-29 12:02:29,"Push",48m,"Bench Press (Barbell)",3,145.0,6.0,0,0.0,
2024-04-29 12:02:29,"Push",48m,"Incline Bench Press (Dumbbell)",1,100.0,9.0,0,0.0,
2024-04-29 12:02:29,"Push",48m,"Incline Bench Press (Dumbbell)",2,100.0,8.0,0,0.0,
2024-04-29 12:02:29,"Push",48m,"Incline Bench Press (Dumbbell)",3,100.0,6.0,0,0.0,
2024-04-29 12:02:29,"Push",48m,"Triceps Pushdown (Cable - Straight Bar)",1,72.5,7.0,0,0.0,
2024-04-29 12:02:29,"Push",48m,"Triceps Pushdown (Cable - Straight Bar)",2,65.0,7.0,0,0.0,
2024-04-29 12:02:29,"Push",48m,"Triceps Pushdown (Cable - Straight Bar)",3,52.2,8.0,0,0.0,
2024-04-29 12:02:29,"Push",48m,"Triceps Extension (Cable)",1,50.0,8.0,0,0.0,
2024-04-29 12:02:29,"Push",48m,"Triceps Extension (Cable)",2,42.5,6.0,0,0.0,
2024-04-29 12:02:29,"Push",48m,"Lateral Raise (Dumbbell)",1,30.0,6.0,0,0.0,
2024-04-29 12:02:29,"Push",48m,"Lateral Raise (Dumbbell)",2,25.0,8.0,0,0.0,
2024-04-30 12:00:21,"Back And Bi",41m,"Lat Pulldown (Cable)",1,80.0,7.0,0,0.0,
2024-04-30 12:00:21,"Back And Bi",41m,"Lat Pulldown (Cable)",2,70.0,7.0,0,0.0,
2024-04-30 12:00:21,"Back And Bi",41m,"Lat Pulldown (Cable)",3,55.0,8.0,0,0.0,
2024-04-30 12:00:21,"Back And Bi",41m,"Iso-Lateral Row (Machine)",1,130.0,7.0,0,0.0,
2024-04-30 12:00:21,"Back And Bi",41m,"Iso-Lateral Row (Machine)",2,120.0,7.0,0,0.0,
2024-04-30 12:00:21,"Back And Bi",41m,"Iso-Lateral Row (Machine)",3,110.0,8.0,0,0.0,
2024-04-30 12:00:21,"Back And Bi",41m,"Lat Prayers",1,52.5,7.0,0,0.0,
2024-04-30 12:00:21,"Back And Bi",41m,"Lat Prayers",2,47.5,9.0,0,0.0,
2024-04-30 12:00:21,"Back And Bi",41m,"Lat Prayers",3,47.5,6.0,0,0.0,
2024-04-30 12:00:21,"Back And Bi",41m,"Bicep Curl (Dumbbell)",1,80.0,7.0,0,0.0,
2024-04-30 12:00:21,"Back And Bi",41m,"Bicep Curl (Dumbbell)",2,80.0,6.0,0,0.0,
2024-04-30 12:00:21,"Back And Bi",41m,"Bicep Curl (Dumbbell)",3,60.0,8.0,0,0.0,
2024-04-30 12:00:21,"Back And Bi",41m,"Bicep Curl (Machine)",1,90.0,8.0,0,0.0,
2024-04-30 12:00:21,"Back And Bi",41m,"Bicep Curl (Machine)",2,90.0,7.0,0,0.0,
2024-04-30 12:00:21,"Back And Bi",41m,"Bicep Curl (Machine)",3,90.0,6.0,0,0.0,
2024-04-30 12:00:21,"Back And Bi",41m,"Preacher Curl (Machine)",1,70.0,9.0,0,0.0,
2024-04-30 12:00:21,"Back And Bi",41m,"Preacher Curl (Machine)",2,70.0,8.0,0,0.0,
2024-05-01 20:29:02,"Legs",51m,"Squat (Barbell)",1,185.0,2.0,0,0.0,
2024-05-01 20:29:02,"Legs",51m,"Squat (Barbell)",2,155.0,8.0,0,0.0,
2024-05-01 20:29:02,"Legs",51m,"Squat (Barbell)",3,155.0,8.0,0,0.0,
2024-05-02 13:28:37,"Push",1h 4m,"Bench Press (Barbell)",1,185.0,1.0,0,0.0,
2024-05-02 13:28:37,"Push",1h 4m,"Bench Press (Barbell)",2,155.0,9.0,0,0.0,
2024-05-02 13:28:37,"Push",1h 4m,"Bench Press (Barbell)",3,155.0,8.0,0,0.0,
2024-05-02 13:28:37,"Push",1h 4m,"Bench Press (Barbell)",4,135.0,5.0,0,0.0,
2024-05-02 13:28:37,"Push",1h 4m,"Chest Press (Machine)",1,130.0,8.0,0,0.0,
2024-05-02 13:28:37,"Push",1h 4m,"Chest Press (Machine)",2,110.0,8.0,0,0.0,
2024-05-02 13:28:37,"Push",1h 4m,"Chest Press (Machine)",3,90.0,10.0,0,0.0,
2024-05-02 13:28:37,"Push",1h 4m,"Triceps Pushdown (Cable - Straight Bar)",1,77.5,5.0,0,0.0,
2024-05-02 13:28:37,"Push",1h 4m,"Triceps Pushdown (Cable - Straight Bar)",2,72.5,6.0,0,0.0,
2024-05-02 13:28:37,"Push",1h 4m,"Triceps Pushdown (Cable - Straight Bar)",3,62.5,5.0,0,0.0,
2024-05-02 13:28:37,"Push",1h 4m,"Triceps Extension (Cable)",1,47.5,10.0,0,0.0,
2024-05-02 13:28:37,"Push",1h 4m,"Chest Fly",1,115.0,8.0,0,0.0,
2024-05-02 13:28:37,"Push",1h 4m,"Chest Fly",2,100.0,6.0,0,0.0,
2024-05-03 15:31:12,"Back And Bi",23m,"Seated Row (Cable)",1,70.0,10.0,0,0.0,
2024-05-03 15:31:12,"Back And Bi",23m,"Seated Row (Cable)",2,70.0,10.0,0,0.0,
2024-05-03 15:31:12,"Back And Bi",23m,"Bicep Curl (Dumbbell)",1,80.0,8.0,0,0.0,
2024-05-03 15:31:12,"Back And Bi",23m,"Bicep Curl (Dumbbell)",2,70.0,7.0,0,0.0,
2024-05-03 15:31:12,"Back And Bi",23m,"Bicep Curl (Dumbbell)",3,70.0,9.0,0,0.0,
2024-05-03 15:31:12,"Back And Bi",23m,"Hammer Curl (Dumbbell)",1,70.0,10.0,0,0.0,
2024-05-03 15:31:12,"Back And Bi",23m,"Hammer Curl (Dumbbell)",2,70.0,8.0,0,0.0,
2024-05-03 15:31:12,"Back And Bi",23m,"Hammer Curl (Dumbbell)",3,70.0,7.0,0,0.0,
2024-05-03 15:31:12,"Back And Bi",23m,"Pull Up",1,0.0,9.0,0,0.0,
2024-05-04 08:24:42,"Legs",7m,"Squat (Barbell)",1,185.0,1.0,0,0.0,
2024-05-04 08:24:42,"Legs",7m,"Squat (Barbell)",2,165.0,6.0,0,0.0,
2024-05-04 08:24:42,"Legs",7m,"Squat (Barbell)",3,165.0,5.0,0,0.0,
2024-05-04 08:24:42,"Legs",7m,"Lying Leg Curl (Machine)",1,120.0,10.0,0,0.0,
2024-05-06 20:34:30,"Push",1h 46m,"Incline Bench Press (Barbell)",1,135.0,7.0,0,0.0,
2024-05-06 20:34:30,"Push",1h 46m,"Incline Bench Press (Barbell)",2,135.0,3.0,0,0.0,
2024-05-06 20:34:30,"Push",1h 46m,"Incline Bench Press (Barbell)",3,115.0,8.0,0,0.0,
2024-05-06 20:34:30,"Push",1h 46m,"Triceps Pushdown (Cable - Straight Bar)",1,72.5,7.0,0,0.0,
2024-05-06 20:34:30,"Push",1h 46m,"Triceps Pushdown (Cable - Straight Bar)",2,67.5,5.0,0,0.0,
2024-05-07 17:54:16,"Back And Bi",1h 49m,"Lat Pulldown (Cable)",1,75.0,8.0,0,0.0,
2024-05-07 17:54:16,"Back And Bi",1h 49m,"Lat Pulldown (Cable)",2,75.0,7.0,0,0.0,
2024-05-07 17:54:16,"Back And Bi",1h 49m,"Lat Pulldown (Cable)",3,65.0,8.0,0,0.0,
2024-05-07 17:54:16,"Back And Bi",1h 49m,"Iso-Lateral Row (Machine)",1,130.0,8.0,0,0.0,
2024-05-07 17:54:16,"Back And Bi",1h 49m,"Iso-Lateral Row (Machine)",2,110.0,10.0,0,0.0,
2024-05-07 17:54:16,"Back And Bi",1h 49m,"Iso-Lateral Row (Machine)",3,110.0,8.0,0,0.0,
2024-05-07 17:54:16,"Back And Bi",1h 49m,"Bicep Curl (Dumbbell)",1,80.0,6.0,0,0.0,
2024-05-07 17:54:16,"Back And Bi",1h 49m,"Bicep Curl (Dumbbell)",2,60.0,12.0,0,0.0,
2024-05-07 17:54:16,"Back And Bi",1h 49m,"Bicep Curl (Dumbbell)",3,60.0,8.0,0,0.0,
2024-05-07 17:54:16,"Back And Bi",1h 49m,"Bicep Curl (Machine)",1,130.0,6.0,0,0.0,
2024-05-07 17:54:16,"Back And Bi",1h 49m,"Bicep Curl (Machine)",2,110.0,8.0,0,0.0,
2024-05-07 17:54:16,"Back And Bi",1h 49m,"Bicep Curl (Machine)",3,90.0,8.0,0,0.0,
2024-05-08 13:14:49,"Legs",38m,"Squat (Barbell)",1,175.0,6.0,0,0.0,
2024-05-08 13:14:49,"Legs",38m,"Squat (Barbell)",2,165.0,8.0,0,0.0,
2024-05-08 13:14:49,"Legs",38m,"Leg Extension (Machine)",1,190.0,7.0,0,0.0,
2024-05-08 13:14:49,"Legs",38m,"Leg Extension (Machine)",2,170.0,9.0,0,0.0,
2024-05-08 13:14:49,"Legs",38m,"Leg Extension (Machine)",3,150.0,10.0,0,0.0,
2024-05-08 13:14:49,"Legs",38m,"Lying Leg Curl (Machine)",1,130.0,8.0,0,0.0,
2024-05-08 13:14:49,"Legs",38m,"Lying Leg Curl (Machine)",2,120.0,8.0,0,0.0,
2024-05-08 13:14:49,"Legs",38m,"Lying Leg Curl (Machine)",3,110.0,8.0,0,0.0,
2024-05-08 13:14:49,"Legs",38m,"Seated Calf Raise (Plate Loaded)",1,90.0,9.0,0,0.0,
2024-05-08 13:14:49,"Legs",38m,"Seated Calf Raise (Plate Loaded)",2,90.0,9.0,0,0.0,
2024-05-09 14:15:31,"Push",50m,"Bench Press (Barbell)",1,175.0,7.0,0,0.0,
2024-05-09 14:15:31,"Push",50m,"Bench Press (Barbell)",2,165.0,7.0,0,0.0,
2024-05-09 14:15:31,"Push",50m,"Bench Press (Barbell)",3,155.0,6.0,0,0.0,
2024-05-09 14:15:31,"Push",50m,"Chest Fly",1,115.0,5.0,0,0.0,
2024-05-09 14:15:31,"Push",50m,"Chest Fly",2,100.0,8.0,0,0.0,
2024-05-09 14:15:31,"Push",50m,"Chest Fly",3,100.0,8.0,0,0.0,
2024-05-09 14:15:31,"Push",50m,"Chest Press (Machine)",1,130.0,8.0,0,0.0,
2024-05-09 14:15:31,"Push",50m,"Chest Press (Machine)",2,110.0,8.0,0,0.0,
2024-05-09 14:15:31,"Push",50m,"Chest Press (Machine)",3,110.0,5.0,0,0.0,
2024-05-09 14:15:31,"Push",50m,"Triceps Pushdown (Cable - Straight Bar)",1,72.5,5.0,0,0.0,
2024-05-09 14:15:31,"Push",50m,"Triceps Pushdown (Cable - Straight Bar)",2,62.5,8.0,0,0.0,
2024-05-09 14:15:31,"Push",50m,"Triceps Pushdown (Cable - Straight Bar)",3,57.5,8.0,0,0.0,
2024-05-10 15:48:18,"Back And Bi",37m,"Lat Pulldown (Cable)",1,80.0,8.0,0,0.0,
2024-05-10 15:48:18,"Back And Bi",37m,"Lat Pulldown (Cable)",2,75.0,8.0,0,0.0,
2024-05-10 15:48:18,"Back And Bi",37m,"Lat Pulldown (Cable)",3,70.0,7.0,0,0.0,
2024-05-10 15:48:18,"Back And Bi",37m,"Seated Row (Cable)",1,80.0,7.0,0,0.0,
2024-05-10 15:48:18,"Back And Bi",37m,"Seated Row (Cable)",2,75.0,6.0,0,0.0,
2024-05-10 15:48:18,"Back And Bi",37m,"Seated Row (Cable)",3,65.0,10.0,0,0.0,
2024-05-10 15:48:18,"Back And Bi",37m,"Bicep Curl (Dumbbell)",1,80.0,8.0,0,0.0,
2024-05-10 15:48:18,"Back And Bi",37m,"Bicep Curl (Dumbbell)",2,70.0,10.0,0,0.0,
2024-05-10 15:48:18,"Back And Bi",37m,"Bicep Curl (Dumbbell)",3,70.0,8.0,0,0.0,
2024-05-10 15:48:18,"Back And Bi",37m,"Preacher Curl (Machine)",1,80.0,8.0,0,0.0,
2024-05-10 15:48:18,"Back And Bi",37m,"Preacher Curl (Machine)",2,70.0,8.0,0,0.0,
2024-05-13 20:01:31,"Push",1h 14m,"Incline Bench Press (Barbell)",1,115.0,8.0,0,0.0,
2024-05-13 20:01:31,"Push",1h 14m,"Incline Bench Press (Barbell)",2,135.0,5.0,0,0.0,
2024-05-13 20:01:31,"Push",1h 14m,"Incline Bench Press (Barbell)",3,135.0,5.0,0,0.0,
2024-05-13 20:01:31,"Push",1h 14m,"Bench Press (Barbell)",1,185.0,2.0,0,0.0,
2024-05-13 20:01:31,"Push",1h 14m,"Bench Press (Barbell)",2,175.0,2.0,0,0.0,
2024-05-13 20:01:31,"Push",1h 14m,"Bench Press (Barbell)",3,155.0,6.0,0,0.0,
2024-05-13 20:01:31,"Push",1h 14m,"Chest Press (Machine)",1,150.0,8.0,0,0.0,
2024-05-13 20:01:31,"Push",1h 14m,"Chest Press (Machine)",2,130.0,8.0,0,0.0,
2024-05-13 20:01:31,"Push",1h 14m,"Chest Press (Machine)",3,110.0,6.0,0,0.0,
2024-05-13 20:01:31,"Push",1h 14m,"Chest Press (Machine)",4,130.0,6.0,0,0.0,
2024-05-13 20:01:31,"Push",1h 14m,"Triceps Pushdown (Cable - Straight Bar)",1,72.5,5.0,0,0.0,
2024-05-13 20:01:31,"Push",1h 14m,"Triceps Pushdown (Cable - Straight Bar)",2,62.5,8.0,0,0.0,
2024-05-13 20:01:31,"Push",1h 14m,"Triceps Pushdown (Cable - Straight Bar)",3,57.5,8.0,0,0.0,
2024-05-13 20:01:31,"Push",1h 14m,"Chest Fly",1,115.0,8.0,0,0.0,
2024-05-13 20:01:31,"Push",1h 14m,"Chest Fly",2,100.0,8.0,0,0.0,
2024-05-13 20:01:31,"Push",1h 14m,"Chest Fly",3,100.0,8.0,0,0.0,
2024-05-15 20:15:14,"Legs",17m,"Squat (Barbell)",1,175.0,5.0,0,0.0,
2024-05-15 20:15:14,"Legs",17m,"Squat (Barbell)",2,165.0,8.0,0,0.0,
2024-05-15 20:15:14,"Legs",17m,"Deadlift (Barbell)",1,225.0,10.0,0,0.0,
2024-05-15 20:15:14,"Legs",17m,"Deadlift (Barbell)",2,275.0,1.0,0,0.0,
2024-05-15 20:15:14,"Legs",17m,"Deadlift (Barbell)",3,225.0,2.0,0,0.0,
2024-05-17 19:35:46,"Back And Bi",31m,"Lat Pulldown (Cable)",1,85.0,5.0,0,0.0,
2024-05-17 19:35:46,"Back And Bi",31m,"Lat Pulldown (Cable)",2,70.0,8.0,0,0.0,
2024-05-17 19:35:46,"Back And Bi",31m,"Lat Pulldown (Cable)",3,70.0,7.0,0,0.0,
2024-05-17 19:35:46,"Back And Bi",31m,"Bent Over Row (Barbell)",1,115.0,6.0,0,0.0,
2024-05-17 19:35:46,"Back And Bi",31m,"Bent Over Row (Barbell)",2,115.0,6.0,0,0.0,
2024-05-17 19:35:46,"Back And Bi",31m,"Incline Curl (Dumbbell)",1,70.0,8.0,0,0.0,
2024-05-17 19:35:46,"Back And Bi",31m,"Incline Curl (Dumbbell)",2,70.0,6.0,0,0.0,
2024-05-17 19:35:46,"Back And Bi",31m,"Incline Curl (Dumbbell)",3,60.0,8.0,0,0.0,
2024-05-17 19:35:46,"Back And Bi",31m,"Hammer Curl (Dumbbell)",1,80.0,8.0,0,0.0,
2024-05-17 19:35:46,"Back And Bi",31m,"Hammer Curl (Dumbbell)",2,70.0,8.0,0,0.0,
2024-05-18 17:00:26,"Legs",49m,"Squat (Barbell)",1,175.0,8.0,0,0.0,
2024-05-18 17:00:26,"Legs",49m,"Squat (Barbell)",2,165.0,6.0,0,0.0,
2024-05-18 17:00:26,"Legs",49m,"Deadlift (Barbell)",1,205.0,10.0,0,0.0,
2024-05-18 17:00:26,"Legs",49m,"Seated Leg Curl (Machine)",1,190.0,6.0,0,0.0,
2024-05-18 17:00:26,"Legs",49m,"Seated Leg Curl (Machine)",2,170.0,8.0,0,0.0,
2024-05-18 17:00:26,"Legs",49m,"Seated Leg Curl (Machine)",3,150.0,6.0,0,0.0,
2024-05-18 17:00:26,"Legs",49m,"Leg Extension (Machine)",1,180.0,9.0,0,0.0,
2024-05-18 17:00:26,"Legs",49m,"Leg Extension (Machine)",2,170.0,8.0,0,0.0,
2024-05-18 17:00:26,"Legs",49m,"Leg Extension (Machine)",3,160.0,10.0,0,0.0,
2024-05-18 17:00:26,"Legs",49m,"Lateral Raise (Dumbbell)",1,30.0,10.0,0,0.0,
2024-05-18 17:00:26,"Legs",49m,"Lateral Raise (Dumbbell)",2,25.0,8.0,0,0.0,
2024-05-18 17:00:26,"Legs",49m,"Lateral Raise (Dumbbell)",3,25.0,8.0,0,0.0,
2024-05-20 20:20:20,"Push",1h 25m,"Bench Press (Barbell)",1,175.0,6.0,0,0.0,
2024-05-20 20:20:20,"Push",1h 25m,"Bench Press (Barbell)",2,155.0,8.0,0,0.0,
2024-05-20 20:20:20,"Push",1h 25m,"Bench Press (Barbell)",3,155.0,8.0,0,0.0,
2024-05-20 20:20:20,"Push",1h 25m,"Chest Fly",1,160.0,8.0,0,0.0,
2024-05-20 20:20:20,"Push",1h 25m,"Chest Fly",2,140.0,8.0,0,0.0,
2024-05-20 20:20:20,"Push",1h 25m,"Chest Fly",3,120.0,8.0,0,0.0,
2024-05-20 20:20:20,"Push",1h 25m,"Triceps Pushdown (Cable - Straight Bar)",1,77.5,3.0,0,0.0,
2024-05-20 20:20:20,"Push",1h 25m,"Triceps Pushdown (Cable - Straight Bar)",2,67.5,8.0,0,0.0,
2024-05-20 20:20:20,"Push",1h 25m,"Triceps Pushdown (Cable - Straight Bar)",3,62.5,8.0,0,0.0,
2024-05-20 20:20:20,"Push",1h 25m,"Triceps Extension (Cable)",1,52.5,11.0,0,0.0,
2024-05-20 20:20:20,"Push",1h 25m,"Triceps Extension (Cable)",2,47.5,5.0,0,0.0,
2024-05-21 14:57:23,"Back And Bi",48m,"Seated Row (Cable)",1,80.0,7.0,0,0.0,
2024-05-21 14:57:23,"Back And Bi",48m,"Seated Row (Cable)",2,70.0,8.0,0,0.0,
2024-05-21 14:57:23,"Back And Bi",48m,"Seated Row (Cable)",3,70.0,8.0,0,0.0,
2024-05-21 14:57:23,"Back And Bi",48m,"Lat Pulldown (Cable)",1,80.0,5.0,0,0.0,
2024-05-21 14:57:23,"Back And Bi",48m,"Lat Pulldown (Cable)",2,70.0,8.0,0,0.0,
2024-05-21 14:57:23,"Back And Bi",48m,"Lat Pulldown (Cable)",3,60.0,8.0,0,0.0,
2024-05-21 14:57:23,"Back And Bi",48m,"Lat Prayers",1,52.5,7.0,0,0.0,
2024-05-21 14:57:23,"Back And Bi",48m,"Lat Prayers",2,47.5,8.0,0,0.0,
2024-05-21 14:57:23,"Back And Bi",48m,"Lat Prayers",3,52.5,6.0,0,0.0,
2024-05-21 14:57:23,"Back And Bi",48m,"Lat Prayers",4,47.5,8.0,0,0.0,
2024-05-21 14:57:23,"Back And Bi",48m,"Bicep Curl (Dumbbell)",1,90.0,4.0,0,0.0,
2024-05-21 14:57:23,"Back And Bi",48m,"Bicep Curl (Dumbbell)",2,70.0,8.0,0,0.0,
2024-05-21 14:57:23,"Back And Bi",48m,"Bicep Curl (Dumbbell)",3,70.0,8.0,0,0.0,
2024-05-21 14:57:23,"Back And Bi",48m,"Bicep Curl (Machine)",1,130.0,5.0,0,0.0,
2024-05-21 14:57:23,"Back And Bi",48m,"Bicep Curl (Machine)",2,110.0,10.0,0,0.0,
2024-05-21 14:57:23,"Back And Bi",48m,"Bicep Curl (Machine)",3,90.0,8.0,0,0.0,
2024-05-21 14:57:23,"Back And Bi",48m,"Bicep Curl (Cable)",1,45.0,10.0,0,0.0,
2024-05-21 14:57:23,"Back And Bi",48m,"Bicep Curl (Cable)",2,45.0,8.0,0,0.0,
2024-05-21 14:57:23,"Back And Bi",48m,"Bicep Curl (Cable)",3,45.0,6.0,0,0.0,
2024-05-22 18:44:29,"Legs",23m,"Squat (Barbell)",1,175.0,7.0,0,0.0,
2024-05-22 18:44:29,"Legs",23m,"Squat (Barbell)",2,165.0,5.0,0,0.0,
2024-05-22 18:44:29,"Legs",23m,"Squat (Barbell)",3,155.0,10.0,0,0.0,
2024-05-22 18:44:29,"Legs",23m,"Leg Extension (Machine)",1,190.0,8.0,0,0.0,
2024-05-22 18:44:29,"Legs",23m,"Leg Extension (Machine)",2,175.0,8.0,0,0.0,
2024-05-22 18:44:29,"Legs",23m,"Leg Extension (Machine)",3,160.0,8.0,0,0.0,
2024-05-23 14:10:56,"Push",40m,"Chest Press (Machine)",1,130.0,8.0,0,0.0,
2024-05-23 14:10:56,"Push",40m,"Chest Press (Machine)",2,130.0,8.0,0,0.0,
2024-05-23 14:10:56,"Push",40m,"Chest Press (Machine)",3,110.0,8.0,0,0.0,
2024-05-23 14:10:56,"Push",40m,"Chest Press (Machine)",4,110.0,8.0,0,0.0,
2024-05-23 14:10:56,"Push",40m,"Bench Press (Barbell)",1,175.0,7.0,0,0.0,
2024-05-23 14:10:56,"Push",40m,"Bench Press (Barbell)",2,165.0,7.0,0,0.0,
2024-05-23 14:10:56,"Push",40m,"Bench Press (Barbell)",3,155.0,8.0,0,0.0,
2024-05-24 19:33:18,"Back And Bi",30m,"Bicep Curl (Dumbbell)",1,90.0,5.0,0,0.0,
2024-05-24 19:33:18,"Back And Bi",30m,"Bicep Curl (Dumbbell)",2,80.0,8.0,0,0.0,
2024-05-24 19:33:18,"Back And Bi",30m,"Incline Curl (Dumbbell)",1,70.0,8.0,0,0.0,
2024-05-24 19:33:18,"Back And Bi",30m,"Incline Curl (Dumbbell)",2,70.0,7.0,0,0.0,
2024-05-24 19:33:18,"Back And Bi",30m,"Pull Up",1,0.0,8.0,0,0.0,
2024-05-25 14:41:54,"Legs",58m,"Squat (Barbell)",1,185.0,5.0,0,0.0,
2024-05-25 14:41:54,"Legs",58m,"Squat (Barbell)",2,175.0,5.0,0,0.0,
2024-05-25 14:41:54,"Legs",58m,"Squat (Barbell)",3,175.0,5.0,0,0.0,
2024-05-25 14:41:54,"Legs",58m,"Seated Leg Curl (Machine)",1,190.0,7.0,0,0.0,
2024-05-25 14:41:54,"Legs",58m,"Seated Leg Curl (Machine)",2,170.0,7.0,0,0.0,
2024-05-25 14:41:54,"Legs",58m,"Seated Leg Curl (Machine)",3,150.0,5.0,0,0.0,
2024-05-25 14:41:54,"Legs",58m,"Leg Extension (Machine)",1,205.0,10.0,0,0.0,
2024-05-25 14:41:54,"Legs",58m,"Leg Extension (Machine)",2,250.0,10.0,0,0.0,
2024-05-25 14:41:54,"Legs",58m,"Leg Extension (Machine)",3,250.0,10.0,0,0.0,
2024-05-27 15:39:58,"Push",51m,"Incline Bench Press (Barbell)",1,125.0,6.0,0,0.0,
2024-05-27 15:39:58,"Push",51m,"Bench Press (Barbell)",1,185.0,2.0,0,0.0,
2024-05-27 15:39:58,"Push",51m,"Bench Press (Barbell)",2,155.0,9.0,0,0.0,
2024-05-27 15:39:58,"Push",51m,"Bench Press (Barbell)",3,155.0,8.0,0,0.0,
2024-05-27 15:39:58,"Push",51m,"Bench Press (Barbell)",4,135.0,14.0,0,0.0,
2024-05-28 15:21:52,"Back And Bi",3h 49m,"Lat Pulldown (Cable)",1,70.0,6.0,0,0.0,
2024-05-28 15:21:52,"Back And Bi",3h 49m,"Lat Pulldown (Cable)",2,60.0,10.0,0,0.0,
2024-05-28 15:21:52,"Back And Bi",3h 49m,"Lat Pulldown (Cable)",3,60.0,8.0,0,0.0,
2024-05-28 15:21:52,"Back And Bi",3h 49m,"Lat Pulldown (Cable)",4,60.0,6.0,0,0.0,
2024-05-28 15:21:52,"Back And Bi",3h 49m,"Seated Row (Cable)",1,80.0,6.0,0,0.0,
2024-05-28 15:21:52,"Back And Bi",3h 49m,"Seated Row (Cable)",2,70.0,7.0,0,0.0,
2024-05-28 15:21:52,"Back And Bi",3h 49m,"Seated Row (Cable)",3,60.0,9.0,0,0.0,
2024-05-28 15:21:52,"Back And Bi",3h 49m,"Lat Prayers",1,52.5,10.0,0,0.0,
2024-05-28 15:21:52,"Back And Bi",3h 49m,"Lat Prayers",2,52.5,8.0,0,0.0,
2024-05-28 15:21:52,"Back And Bi",3h 49m,"Lat Prayers",3,47.5,9.0,0,0.0,
2024-05-28 15:21:52,"Back And Bi",3h 49m,"Lat Prayers",4,42.5,10.0,0,0.0,
2024-05-28 15:21:52,"Back And Bi",3h 49m,"Bicep Curl (Dumbbell)",1,90.0,4.0,0,0.0,
2024-05-28 15:21:52,"Back And Bi",3h 49m,"Bicep Curl (Dumbbell)",2,80.0,8.0,0,0.0,
2024-05-29 19:26:18,"Legs",12m,"Squat (Barbell)",1,185.0,5.0,0,0.0,
2024-05-29 19:26:18,"Legs",12m,"Squat (Barbell)",2,175.0,5.0,0,0.0,
2024-05-29 19:26:18,"Legs",12m,"Deadlift (Barbell)",1,205.0,10.0,0,0.0,
2024-05-29 19:26:18,"Legs",12m,"Deadlift (Barbell)",2,205.0,6.0,0,0.0,
2024-05-31 15:04:15,"Back And Bi",39m,"Lat Pulldown (Cable)",1,70.0,8.0,0,0.0,
2024-05-31 15:04:15,"Back And Bi",39m,"Lat Pulldown (Cable)",2,70.0,7.0,0,0.0,
2024-05-31 15:04:15,"Back And Bi",39m,"Lat Pulldown (Cable)",3,60.0,10.0,0,0.0,
2024-05-31 15:04:15,"Back And Bi",39m,"Seated Row (Machine)",1,150.0,6.0,0,0.0,
2024-05-31 15:04:15,"Back And Bi",39m,"Seated Row (Machine)",2,130.0,8.0,0,0.0,
2024-05-31 15:04:15,"Back And Bi",39m,"Seated Row (Machine)",3,110.0,9.0,0,0.0,
2024-05-31 15:04:15,"Back And Bi",39m,"Bicep Curl (Dumbbell)",1,70.0,5.0,0,0.0,
2024-05-31 15:04:15,"Back And Bi",39m,"Bicep Curl (Dumbbell)",2,70.0,5.0,0,0.0,
2024-05-31 15:04:15,"Back And Bi",39m,"Bicep Curl (Dumbbell)",3,60.0,8.0,0,0.0,
2024-06-02 15:28:24,"Legs",44m,"Squat (Barbell)",1,205.0,1.0,0,0.0,
2024-06-02 15:28:24,"Legs",44m,"Squat (Barbell)",2,185.0,5.0,0,0.0,
2024-06-02 15:28:24,"Legs",44m,"Squat (Barbell)",3,155.0,6.0,0,0.0,
2024-06-02 15:28:24,"Legs",44m,"Leg Extension (Machine)",1,250.0,8.0,0,0.0,
2024-06-02 15:28:24,"Legs",44m,"Leg Extension (Machine)",2,230.0,8.0,0,0.0,
2024-06-02 15:28:24,"Legs",44m,"Seated Leg Curl (Machine)",1,210.0,3.0,0,0.0,
2024-06-02 15:28:24,"Legs",44m,"Seated Leg Curl (Machine)",2,180.0,7.0,0,0.0,
2024-06-02 15:28:24,"Legs",44m,"Seated Leg Curl (Machine)",3,160.0,6.0,0,0.0,
2024-06-03 20:13:58,"Push",33m,"Incline Bench Press (Barbell)",1,135.0,7.0,0,0.0,
2024-06-03 20:13:58,"Push",33m,"Incline Bench Press (Barbell)",2,125.0,9.0,0,0.0,
2024-06-03 20:13:58,"Push",33m,"Bench Press (Barbell)",1,155.0,6.0,0,0.0,
2024-06-03 20:13:58,"Push",33m,"Bench Press (Barbell)",2,145.0,7.0,0,0.0,
2024-06-03 20:13:58,"Push",33m,"Bench Press (Barbell)",3,145.0,6.0,0,0.0,
2024-06-03 20:13:58,"Push",33m,"Triceps Pushdown (Cable - Straight Bar)",1,62.5,6.0,0,0.0,
2024-06-03 20:13:58,"Push",33m,"Triceps Pushdown (Cable - Straight Bar)",2,57.5,8.0,0,0.0,
2024-06-03 20:13:58,"Push",33m,"Triceps Pushdown (Cable - Straight Bar)",3,52.5,9.0,0,0.0,
2024-06-03 20:13:58,"Push",33m,"Triceps Extension (Cable)",1,52.5,6.0,0,0.0,
2024-06-03 20:13:58,"Push",33m,"Triceps Extension (Cable)",2,42.5,10.0,0,0.0,
2024-06-03 20:13:58,"Push",33m,"Triceps Extension (Cable)",3,37.5,8.0,0,0.0,
2024-06-03 20:13:58,"Push",33m,"Chest Fly",1,180.0,6.0,0,0.0,
2024-06-04 13:52:48,"Back And Bi",58m,"Lat Pulldown (Cable)",1,70.0,9.0,0,0.0,
2024-06-04 13:52:48,"Back And Bi",58m,"Lat Pulldown (Cable)",2,60.0,9.0,0,0.0,
2024-06-04 13:52:48,"Back And Bi",58m,"Lat Pulldown (Cable)",3,60.0,9.0,0,0.0,
2024-06-04 13:52:48,"Back And Bi",58m,"Seated Row (Cable)",1,80.0,7.0,0,0.0,
2024-06-04 13:52:48,"Back And Bi",58m,"Seated Row (Cable)",2,70.0,8.0,0,0.0,
2024-06-04 13:52:48,"Back And Bi",58m,"Seated Row (Cable)",3,60.0,6.0,0,0.0,
2024-06-04 13:52:48,"Back And Bi",58m,"Lat Prayers",1,50.0,8.0,0,0.0,
2024-06-05 19:14:29,"Legs",1h,"Squat (Barbell)",1,185.0,6.0,0,0.0,
2024-06-05 19:14:29,"Legs",1h,"Squat (Barbell)",2,155.0,9.0,0,0.0,
2024-06-05 19:14:29,"Legs",1h,"Squat (Barbell)",3,155.0,9.0,0,0.0,
2024-06-05 19:14:29,"Legs",1h,"Leg Extension (Machine)",1,250.0,8.0,0,0.0,
2024-06-05 19:14:29,"Legs",1h,"Leg Extension (Machine)",2,230.0,6.0,0,0.0,
2024-06-05 19:14:29,"Legs",1h,"Leg Extension (Machine)",3,210.0,8.0,0,0.0,
2024-06-05 19:14:29,"Legs",1h,"Seated Leg Curl (Machine)",1,190.0,6.0,0,0.0,
2024-06-05 19:14:29,"Legs",1h,"Seated Leg Curl (Machine)",2,170.0,8.0,0,0.0,
2024-06-05 19:14:29,"Legs",1h,"Seated Leg Curl (Machine)",3,150.0,8.0,0,0.0,
2024-06-05 19:14:29,"Legs",1h,"Seated Overhead Press (Barbell)",1,115.0,5.0,0,0.0,
2024-06-05 19:14:29,"Legs",1h,"Seated Overhead Press (Barbell)",2,95.0,8.0,0,0.0,
2024-06-05 19:14:29,"Legs",1h,"Seated Overhead Press (Barbell)",3,95.0,6.0,0,0.0,
2024-06-05 19:14:29,"Legs",1h,"Lateral Raise (Dumbbell)",1,30.0,8.0,0,0.0,
2024-06-05 19:14:29,"Legs",1h,"Lateral Raise (Dumbbell)",2,30.0,7.0,0,0.0,
2024-06-05 19:14:29,"Legs",1h,"Lateral Raise (Dumbbell)",3,25.0,10.0,0,0.0,
2024-06-06 17:02:17,"Push",1h 6m,"Bench Press (Barbell)",1,185.0,3.0,0,0.0,
2024-06-06 17:02:17,"Push",1h 6m,"Bench Press (Barbell)",2,175.0,8.0,0,0.0,
2024-06-06 17:02:17,"Push",1h 6m,"Bench Press (Barbell)",3,155.0,9.0,0,0.0,
2024-06-06 17:02:17,"Push",1h 6m,"Bench Press (Barbell)",4,135.0,10.0,0,0.0,
2024-06-07 15:42:39,"Back And Bi",14m,"Pull Up",1,0,13.0,0,0.0,
2024-06-07 15:42:39,"Back And Bi",14m,"Pull Up",2,0,8.0,0,0.0,
2024-06-07 15:42:39,"Back And Bi",14m,"Bicep Curl (Dumbbell)",1,80.0,8.0,0,0.0,
2024-06-07 15:42:39,"Back And Bi",14m,"Bicep Curl (Dumbbell)",2,70.0,8.0,0,0.0,
2024-06-08 15:17:29,"Legs",37m,"Squat (Barbell)",1,185.0,3.0,0,0.0,
2024-06-08 15:17:29,"Legs",37m,"Squat (Barbell)",2,155.0,10.0,0,0.0,
2024-06-08 15:17:29,"Legs",37m,"Squat (Barbell)",3,155.0,10.0,0,0.0,
2024-06-08 15:17:29,"Legs",37m,"Leg Extension (Machine)",1,250.0,7.0,0,0.0,
2024-06-08 15:17:29,"Legs",37m,"Leg Extension (Machine)",2,230.0,7.0,0,0.0,
2024-06-08 15:17:29,"Legs",37m,"Leg Extension (Machine)",3,210.0,6.0,0,0.0,
2024-06-08 15:17:29,"Legs",37m,"Seated Leg Curl (Machine)",1,210.0,3.0,0,0.0,
2024-06-08 15:17:29,"Legs",37m,"Seated Leg Curl (Machine)",2,170.0,7.0,0,0.0,
2024-06-08 15:17:29,"Legs",37m,"Seated Leg Curl (Machine)",3,150.0,7.0,0,0.0,
2024-06-10 16:17:22,"Push",42m,"Incline Bench Press (Barbell)",1,135.0,5.0,0,0.0,
2024-06-10 16:17:22,"Push",42m,"Incline Bench Press (Barbell)",2,125.0,10.0,0,0.0,
2024-06-10 16:17:22,"Push",42m,"Incline Bench Press (Barbell)",3,125.0,8.0,0,0.0,
2024-06-10 16:17:22,"Push",42m,"Bench Press (Barbell)",1,185.0,2.0,0,0.0,
2024-06-10 16:17:22,"Push",42m,"Bench Press (Barbell)",2,165.0,7.0,0,0.0,
2024-06-10 16:17:22,"Push",42m,"Bench Press (Barbell)",3,155.0,10.0,0,0.0,
2024-06-10 16:17:22,"Push",42m,"Bench Press (Barbell)",4,135.0,15.0,0,0.0,
2024-06-11 13:40:32,"Back And Bi",24m,"Lat Pulldown (Cable)",1,62.5,6.0,0,0.0,
2024-06-11 13:40:32,"Back And Bi",24m,"Lat Pulldown (Cable)",2,57.5,7.0,0,0.0,
2024-06-11 13:40:32,"Back And Bi",24m,"Lat Pulldown (Cable)",3,57.5,7.0,0,0.0,
2024-06-11 13:40:32,"Back And Bi",24m,"Lat Pulldown (Cable)",4,50.0,8.0,0,0.0,
2024-06-12 13:59:14,"Legs",27m,"Squat (Barbell)",1,185.0,3.0,0,0.0,
2024-06-12 13:59:14,"Legs",27m,"Squat (Barbell)",2,165.0,8.0,0,0.0,
2024-06-12 13:59:14,"Legs",27m,"Squat (Barbell)",3,165.0,5.0,0,0.0,
2024-06-12 13:59:14,"Legs",27m,"Leg Extension (Machine)",1,250.0,6.0,0,0.0,
2024-06-12 13:59:14,"Legs",27m,"Leg Extension (Machine)",2,205.0,8.0,0,0.0,
2024-06-12 13:59:14,"Legs",27m,"Seated Leg Curl (Machine)",1,190.0,6.0,0,0.0,
2024-06-12 13:59:14,"Legs",27m,"Seated Leg Curl (Machine)",2,170.0,6.0,0,0.0,
2024-06-12 13:59:14,"Legs",27m,"Seated Leg Curl (Machine)",3,150.0,6.0,0,0.0,
2024-06-13 14:06:18,"Push",47m,"Incline Chest Press (Machine)",1,180.0,8.0,0,0.0,
2024-06-13 14:06:18,"Push",47m,"Incline Chest Press (Machine)",2,180.0,6.0,0,0.0,
2024-06-13 14:06:18,"Push",47m,"Incline Chest Press (Machine)",3,160.0,8.0,0,0.0,
2024-06-13 14:06:18,"Push",47m,"Incline Chest Press (Machine)",4,160.0,7.0,0,0.0,
2024-06-13 14:06:18,"Push",47m,"Bench Press (Barbell)",1,165.0,8.0,0,0.0,
2024-06-13 14:06:18,"Push",47m,"Bench Press (Barbell)",2,155.0,9.0,0,0.0,
2024-06-13 14:06:18,"Push",47m,"Chest Fly",1,170.0,6.0,0,0.0,
2024-06-13 14:06:18,"Push",47m,"Chest Fly",2,150.0,7.0,0,0.0,
2024-06-13 14:06:18,"Push",47m,"Chest Fly",3,130.0,7.0,0,0.0,
2024-06-13 14:06:18,"Push",47m,"Triceps Pushdown (Cable - Straight Bar)",1,70.0,8.0,0,0.0,
2024-06-13 14:06:18,"Push",47m,"Triceps Pushdown (Cable - Straight Bar)",2,80.0,5.0,0,0.0,
2024-06-13 14:06:18,"Push",47m,"Triceps Pushdown (Cable - Straight Bar)",3,62.5,8.0,0,0.0,
2024-06-13 14:06:18,"Push",47m,"Triceps Pushdown (Cable - Straight Bar)",4,57.5,9.0,0,0.0,
2024-06-13 14:06:18,"Push",47m,"Triceps Extension (Cable)",1,42.5,8.0,0,0.0,
2024-06-13 14:06:18,"Push",47m,"Triceps Extension (Cable)",2,42.5,7.0,0,0.0,
2024-06-18 15:28:29,"Push",11m,"Incline Chest Press (Machine)",1,140.0,6.0,0,0.0,
2024-06-18 15:28:29,"Push",11m,"Incline Chest Press (Machine)",2,140.0,5.0,0,0.0,
2024-06-18 15:28:29,"Push",11m,"Bench Press (Barbell)",1,175.0,3.0,0,0.0,
2024-06-18 15:28:29,"Push",11m,"Bench Press (Barbell)",2,155.0,6.0,0,0.0,
2024-06-18 15:28:29,"Push",11m,"Triceps Pushdown (Cable - Straight Bar)",1,70.0,3.0,0,0.0,
2024-06-19 11:09:59,"Back And Bi",28m,"Lat Pulldown (Cable)",1,65.0,6.0,0,0.0,
2024-06-19 11:09:59,"Back And Bi",28m,"Lat Pulldown (Cable)",2,57.5,8.0,0,0.0,
2024-06-19 11:09:59,"Back And Bi",28m,"Lat Pulldown (Cable)",3,50.0,8.0,0,0.0,
2024-06-19 11:09:59,"Back And Bi",28m,"Seated Row (Cable)",1,120.0,8.0,0,0.0,
2024-06-19 11:09:59,"Back And Bi",28m,"Seated Row (Cable)",2,140.0,6.0,0,0.0,
2024-06-19 11:09:59,"Back And Bi",28m,"Seated Row (Cable)",3,100.0,10.0,0,0.0,
2024-06-19 11:09:59,"Back And Bi",28m,"Incline Curl (Dumbbell)",1,70.0,6.0,0,0.0,
2024-06-19 11:09:59,"Back And Bi",28m,"Incline Curl (Dumbbell)",2,60.0,10.0,0,0.0,
2024-06-19 11:09:59,"Back And Bi",28m,"Incline Curl (Dumbbell)",3,60.0,8.0,0,0.0,
2024-06-20 08:12:49,"Legs And Shoulders",46m,"Squat (Barbell)",1,175.0,4.0,0,0.0,
2024-06-20 08:12:49,"Legs And Shoulders",46m,"Squat (Barbell)",2,165.0,6.0,0,0.0,
2024-06-20 08:12:49,"Legs And Shoulders",46m,"Hack Squat",1,185.0,10.0,0,0.0,
2024-06-20 08:12:49,"Legs And Shoulders",46m,"Leg Extension (Machine)",1,170.0,5.0,0,0.0,
2024-06-20 08:12:49,"Legs And Shoulders",46m,"Leg Extension (Machine)",2,150.0,5.0,0,0.0,
2024-06-20 08:12:49,"Legs And Shoulders",46m,"Leg Extension (Machine)",3,130.0,5.0,0,0.0,
2024-06-20 08:12:49,"Legs And Shoulders",46m,"Seated Leg Curl (Machine)",1,120.0,6.0,0,0.0,
2024-06-20 08:12:49,"Legs And Shoulders",46m,"Seated Leg Curl (Machine)",2,100.0,7.0,0,0.0,
2024-06-20 08:12:49,"Legs And Shoulders",46m,"Standing Calf Raise (Machine)",1,100.0,10.0,0,0.0,
2024-06-20 08:12:49,"Legs And Shoulders",46m,"Standing Calf Raise (Machine)",2,90.0,9.0,0,0.0,
2024-06-23 09:24:11,"Push",47m,"Incline Chest Press (Machine)",1,140.0,6.0,0,0.0,
2024-06-23 09:24:11,"Push",47m,"Incline Chest Press (Machine)",2,140.0,5.0,0,0.0,
2024-06-23 09:24:11,"Push",47m,"Incline Chest Press (Machine)",3,90.0,5.0,0,0.0,
2024-06-23 09:24:11,"Push",47m,"Bench Press (Barbell)",1,165.0,5.0,0,0.0,
2024-06-23 09:24:11,"Push",47m,"Bench Press (Barbell)",2,155.0,7.0,0,0.0,
2024-06-23 09:24:11,"Push",47m,"Bench Press (Barbell)",3,145.0,9.0,0,0.0,
2024-06-23 09:24:11,"Push",47m,"Chest Fly",1,140.0,7.0,0,0.0,
2024-06-23 09:24:11,"Push",47m,"Triceps Pushdown (Cable - Straight Bar)",1,67.5,8.0,0,0.0,
2024-06-23 09:24:11,"Push",47m,"Triceps Pushdown (Cable - Straight Bar)",2,50.0,10.0,0,0.0,
2024-06-23 09:24:11,"Push",47m,"Triceps Pushdown (Cable - Straight Bar)",3,42.5,7.0,0,0.0,
2024-06-23 09:24:11,"Push",47m,"Triceps Extension (Cable)",1,35.0,8.0,0,0.0,
2024-06-23 09:24:11,"Push",47m,"Triceps Extension (Cable)",2,30.0,8.0,0,0.0,
2024-06-23 09:24:11,"Push",47m,"Triceps Extension (Cable)",3,25.0,10.0,0,0.0,
2024-06-24 11:21:44,"Back And Bi",1h 20m,"Lat Pulldown (Cable)",1,65.0,8.0,0,0.0,
2024-06-24 11:21:44,"Back And Bi",1h 20m,"Lat Pulldown (Cable)",2,60.0,7.0,0,0.0,
2024-06-24 11:21:44,"Back And Bi",1h 20m,"Lat Pulldown (Cable)",3,55.0,10.0,0,0.0,
2024-06-24 11:21:44,"Back And Bi",1h 20m,"Seated Row (Cable)",1,145.0,7.0,0,0.0,
2024-06-24 11:21:44,"Back And Bi",1h 20m,"Seated Row (Cable)",2,130.0,8.0,0,0.0,
2024-06-24 11:21:44,"Back And Bi",1h 20m,"Seated Row (Cable)",3,115.0,8.0,0,0.0,
2024-06-24 11:21:44,"Back And Bi",1h 20m,"Bent Over Row - Underhand (Barbell)",1,135.0,6.0,0,0.0,
2024-06-24 11:21:44,"Back And Bi",1h 20m,"Bent Over Row - Underhand (Barbell)",2,165.0,2.0,0,0.0,
2024-06-24 11:21:44,"Back And Bi",1h 20m,"Bent Over Row - Underhand (Barbell)",3,145.0,6.0,0,0.0,
2024-06-24 11:21:44,"Back And Bi",1h 20m,"Incline Curl (Dumbbell)",1,70.0,8.0,0,0.0,
2024-06-24 11:21:44,"Back And Bi",1h 20m,"Incline Curl (Dumbbell)",2,55.0,10.0,0,0.0,
2024-06-24 11:21:44,"Back And Bi",1h 20m,"Incline Curl (Dumbbell)",3,50.0,7.0,0,0.0,
2024-06-24 11:21:44,"Back And Bi",1h 20m,"Hammer Curl (Cable)",1,52.5,8.0,0,0.0,
2024-06-24 11:21:44,"Back And Bi",1h 20m,"Hammer Curl (Cable)",2,52.5,8.0,0,0.0,
2024-06-24 11:21:44,"Back And Bi",1h 20m,"Hammer Curl (Cable)",3,47.5,8.0,0,0.0,
2024-06-26 10:51:46,"Legs",35m,"Hack Squat",1,225.0,5.0,0,0.0,
2024-06-26 10:51:46,"Legs",35m,"Hack Squat",2,205.0,8.0,0,0.0,
2024-06-26 10:51:46,"Legs",35m,"Hack Squat",3,185.0,7.0,0,0.0,
2024-06-26 10:51:46,"Legs",35m,"Seated Leg Curl (Machine)",1,120.0,4.0,0,0.0,
2024-06-26 10:51:46,"Legs",35m,"Seated Leg Curl (Machine)",2,100.0,3.0,0,0.0,
2024-06-28 10:26:56,"Back And Bi",43m,"Lat Pulldown (Cable)",1,60.0,10.0,0,0.0,
2024-06-28 10:26:56,"Back And Bi",43m,"Lat Pulldown (Cable)",2,60.0,8.0,0,0.0,
2024-06-28 10:26:56,"Back And Bi",43m,"Lat Pulldown (Cable)",3,55.0,8.0,0,0.0,
2024-06-28 10:26:56,"Back And Bi",43m,"Incline Row T Bar",1,70.0,7.0,0,0.0,
2024-06-28 10:26:56,"Back And Bi",43m,"Incline Row T Bar",2,50.0,9.0,0,0.0,
2024-06-28 10:26:56,"Back And Bi",43m,"Incline Row T Bar",3,45.0,8.0,0,0.0,
2024-06-28 10:26:56,"Back And Bi",43m,"Incline Curl (Dumbbell)",1,60.0,8.0,0,0.0,
2024-06-28 10:26:56,"Back And Bi",43m,"Incline Curl (Dumbbell)",2,60.0,8.0,0,0.0,
2024-06-28 10:26:56,"Back And Bi",43m,"Incline Curl (Dumbbell)",3,55.0,8.0,0,0.0,
2024-06-28 10:26:56,"Back And Bi",43m,"Hammer Curl (Cable)",1,67.5,7.0,0,0.0,
2024-06-28 10:26:56,"Back And Bi",43m,"Hammer Curl (Cable)",2,57.5,8.0,0,0.0,
2024-06-28 10:26:56,"Back And Bi",43m,"Hammer Curl (Cable)",3,52.5,7.0,0,0.0,
2024-06-28 10:26:56,"Back And Bi",43m,"Pull Up",1,0.0,7.0,0,0.0,
2024-06-28 10:26:56,"Back And Bi",43m,"Pull Up",2,0.0,5.0,0,0.0,
2024-07-03 13:07:08,"Push",3m,"Incline Bench Press (Dumbbell)",1,80.0,10.0,0,0.0,
2024-07-03 13:07:08,"Push",3m,"Incline Bench Press (Dumbbell)",2,100.0,10.0,0,0.0,
2024-07-12 15:44:30,"Push",35m,"Incline Bench Press (Dumbbell)",1,100.0,11.0,0,0.0,
2024-07-12 15:44:30,"Push",35m,"Incline Bench Press (Dumbbell)",2,110.0,8.0,0,0.0,
2024-07-12 15:44:30,"Push",35m,"Incline Bench Press (Dumbbell)",3,110.0,7.0,0,0.0,
2024-07-12 15:44:30,"Push",35m,"Bench Press (Barbell)",1,155.0,7.0,0,0.0,
2024-07-12 15:44:30,"Push",35m,"Bench Press (Barbell)",2,155.0,4.0,0,0.0,
2024-07-12 15:44:30,"Push",35m,"Bench Press (Barbell)",3,135.0,7.0,0,0.0,
2024-07-12 15:44:30,"Push",35m,"Chest Dip",1,0,9.0,0,0.0,
2024-07-12 15:44:30,"Push",35m,"Chest Dip",2,0,8.0,0,0.0,
2024-07-12 15:44:30,"Push",35m,"Chest Dip",3,0,7.0,0,0.0,
2024-07-12 15:44:30,"Push",35m,"Triceps Extension (Cable)",1,35.0,9.0,0,0.0,
2024-07-12 15:44:30,"Push",35m,"Triceps Extension (Cable)",2,35.0,6.0,0,0.0,
2024-07-12 15:44:30,"Push",35m,"Triceps Extension (Cable)",3,25.0,12.0,0,0.0,
2024-07-24 13:05:46,"Back And Bi",10m,"Lat Pulldown (Cable)",1,60.0,10.0,0,0.0,
2024-07-24 13:05:46,"Back And Bi",10m,"Lat Pulldown (Cable)",2,70.0,7.0,0,0.0,
2024-07-24 13:05:46,"Back And Bi",10m,"Lat Pulldown (Cable)",3,60.0,8.0,0,0.0,
2024-07-24 13:05:46,"Back And Bi",10m,"Incline Curl (Dumbbell)",1,60.0,8.0,0,0.0,
2024-07-24 13:05:46,"Back And Bi",10m,"Incline Curl (Dumbbell)",2,60.0,8.0,0,0.0,
2024-07-24 13:05:46,"Back And Bi",10m,"Incline Curl (Dumbbell)",3,60.0,8.0,0,0.0,
2024-08-06 16:49:10,"Push",57m,"Incline Bench Press (Dumbbell)",1,110.0,8.0,0,0.0,
2024-08-06 16:49:10,"Push",57m,"Incline Bench Press (Dumbbell)",2,110.0,8.0,0,0.0,
2024-08-06 16:49:10,"Push",57m,"Incline Bench Press (Dumbbell)",3,100.0,7.0,0,0.0,
2024-08-06 16:49:10,"Push",57m,"Bench Press (Barbell)",1,135.0,8.0,0,0.0,
2024-08-06 16:49:10,"Push",57m,"Bench Press (Barbell)",2,135.0,6.0,0,0.0,
2024-08-06 16:49:10,"Push",57m,"Bench Press (Barbell)",3,115.0,5.0,0,0.0,
2024-08-06 16:49:10,"Push",57m,"Triceps Pushdown (Cable - Straight Bar)",1,42.5,9.0,0,0.0,
2024-08-06 16:49:10,"Push",57m,"Triceps Pushdown (Cable - Straight Bar)",2,42.5,8.0,0,0.0,
2024-08-06 16:49:10,"Push",57m,"Triceps Pushdown (Cable - Straight Bar)",3,37.5,8.0,0,0.0,
2024-08-06 16:49:10,"Push",57m,"Triceps Extension (Cable)",1,32.5,7.0,0,0.0,
2024-08-06 16:49:10,"Push",57m,"Triceps Extension (Cable)",2,32.5,7.0,0,0.0,
2024-08-06 16:49:10,"Push",57m,"Triceps Extension (Cable)",3,27.5,7.0,0,0.0,
2024-08-06 16:49:10,"Push",57m,"Lateral Raise (Machine)",1,30.0,15.0,0,0.0,
2024-08-06 16:49:10,"Push",57m,"Lateral Raise (Machine)",2,30.0,7.0,0,0.0,
2024-08-06 16:49:10,"Push",57m,"Lateral Raise (Machine)",3,25.0,10.0,0,0.0,
2024-08-06 16:49:10,"Push",57m,"Seated Overhead Press (Dumbbell)",1,70.0,8.0,0,0.0,
2024-08-06 16:49:10,"Push",57m,"Seated Overhead Press (Dumbbell)",2,70.0,7.0,0,0.0,
2024-08-06 16:49:10,"Push",57m,"Seated Overhead Press (Dumbbell)",3,70.0,6.0,0,0.0,
2024-08-06 16:49:10,"Push",57m,"Reverse Fly (Machine)",1,55.0,8.0,0,0.0,
2024-08-06 16:49:10,"Push",57m,"Reverse Fly (Machine)",2,55.0,8.0,0,0.0,
2024-08-06 16:49:10,"Push",57m,"Chest Fly",1,55.0,10.0,0,0.0,
2024-08-06 16:49:10,"Push",57m,"Chest Fly",2,70.0,9.0,0,0.0,
2024-08-07 13:03:40,"Back And Bi",29m,"Lat Pulldown (Cable)",1,50.0,11.0,0,0.0,
2024-08-07 13:03:40,"Back And Bi",29m,"Lat Pulldown (Cable)",2,57.5,8.0,0,0.0,
2024-08-07 13:03:40,"Back And Bi",29m,"Lat Pulldown (Cable)",3,42.5,14.0,0,0.0,
2024-08-07 13:03:40,"Back And Bi",29m,"Seated Row (Cable)",1,60.0,8.0,0,0.0,
2024-08-07 13:03:40,"Back And Bi",29m,"Seated Row (Cable)",2,60.0,6.0,0,0.0,
2024-08-07 13:03:40,"Back And Bi",29m,"Seated Row (Cable)",3,50.0,9.0,0,0.0,
2024-08-07 13:03:40,"Back And Bi",29m,"Incline Curl (Dumbbell)",1,50.0,10.0,0,0.0,
2024-08-07 13:03:40,"Back And Bi",29m,"Incline Curl (Dumbbell)",2,50.0,9.0,0,0.0,
2024-08-07 13:03:40,"Back And Bi",29m,"Incline Curl (Dumbbell)",3,50.0,6.0,0,0.0,
2024-08-07 13:03:40,"Back And Bi",29m,"Preacher Curl (Machine)",1,70.0,7.0,0,0.0,
2024-08-07 13:03:40,"Back And Bi",29m,"Preacher Curl (Machine)",2,55.0,6.0,0,0.0,
2024-08-07 13:03:40,"Back And Bi",29m,"Preacher Curl (Machine)",3,55.0,7.0,0,0.0,
2024-08-08 13:12:17,"Legs",31m,"Squat (Barbell)",1,155.0,6.0,0,0.0,
2024-08-08 13:12:17,"Legs",31m,"Hack Squat",1,185.0,8.0,0,0.0,
2024-08-08 13:12:17,"Legs",31m,"Hack Squat",2,155.0,7.0,0,0.0,
2024-08-08 13:12:17,"Legs",31m,"Leg Extension (Machine)",1,120.0,6.0,0,0.0,
2024-08-08 13:12:17,"Legs",31m,"Leg Extension (Machine)",2,100.0,6.0,0,0.0,
2024-08-08 13:12:17,"Legs",31m,"Seated Leg Curl (Machine)",1,160.0,8.0,0,0.0,
2024-08-08 13:12:17,"Legs",31m,"Seated Leg Curl (Machine)",2,140.0,7.0,0,0.0,
2024-08-08 13:12:17,"Legs",31m,"Seated Leg Curl (Machine)",3,100.0,8.0,0,0.0,
2024-08-08 13:12:17,"Legs",31m,"Seated Calf Raise (Plate Loaded)",1,70.0,10.0,0,0.0,
2024-08-08 13:12:17,"Legs",31m,"Seated Calf Raise (Plate Loaded)",2,70.0,10.0,0,0.0,
2024-08-08 13:12:17,"Legs",31m,"Seated Calf Raise (Plate Loaded)",3,70.0,8.0,0,0.0,
2024-08-10 15:05:08,"Push",38m,"Bench Press (Barbell)",1,155.0,6.0,0,0.0,
2024-08-10 15:05:08,"Push",38m,"Bench Press (Barbell)",2,145.0,7.0,0,0.0,
2024-08-10 15:05:08,"Push",38m,"Bench Press (Barbell)",3,135.0,8.0,0,0.0,
2024-08-10 15:05:08,"Push",38m,"Seated Overhead Press (Dumbbell)",1,90.0,8.0,0,0.0,
2024-08-10 15:05:08,"Push",38m,"Seated Overhead Press (Dumbbell)",2,90.0,7.0,0,0.0,
2024-08-10 15:05:08,"Push",38m,"Seated Overhead Press (Dumbbell)",3,90.0,6.0,0,0.0,
2024-08-10 15:05:08,"Push",38m,"Triceps Pushdown (Cable - Straight Bar)",1,47.5,10.0,0,0.0,
2024-08-10 15:05:08,"Push",38m,"Triceps Pushdown (Cable - Straight Bar)",2,42.5,8.0,0,0.0,
2024-08-10 15:05:08,"Push",38m,"Triceps Pushdown (Cable - Straight Bar)",3,37.5,7.0,0,0.0,
2024-08-10 15:05:08,"Push",38m,"Lateral Raise (Machine)",1,30.0,16.0,0,0.0,
2024-08-10 15:05:08,"Push",38m,"Lateral Raise (Machine)",2,30.0,13.0,0,0.0,
2024-08-12 12:05:50,"Push",50m,"Bench Press (Barbell)",1,155.0,6.0,0,0.0,
2024-08-12 12:05:50,"Push",50m,"Bench Press (Barbell)",2,145.0,7.0,0,0.0,
2024-08-12 12:05:50,"Push",50m,"Bench Press (Barbell)",3,135.0,7.0,0,0.0,
2024-08-12 12:05:50,"Push",50m,"Shoulder Press (Machine)",1,70.0,7.0,0,0.0,
2024-08-12 12:05:50,"Push",50m,"Shoulder Press (Machine)",2,60.0,7.0,0,0.0,
2024-08-12 12:05:50,"Push",50m,"Shoulder Press (Machine)",3,50.0,7.0,0,0.0,
2024-08-12 12:05:50,"Push",50m,"Triceps Pushdown (Cable - Straight Bar)",1,47.5,11.0,0,0.0,
2024-08-12 12:05:50,"Push",50m,"Triceps Pushdown (Cable - Straight Bar)",2,47.5,8.0,0,0.0,
2024-08-12 12:05:50,"Push",50m,"Triceps Pushdown (Cable - Straight Bar)",3,42.5,7.0,0,0.0,
2024-08-12 12:05:50,"Push",50m,"Triceps Extension (Cable)",1,37.5,5.0,0,0.0,
2024-08-12 12:05:50,"Push",50m,"Triceps Extension (Cable)",2,32.5,6.0,0,0.0,
2024-08-12 12:05:50,"Push",50m,"Triceps Extension (Cable)",3,27.5,8.0,0,0.0,
2024-08-12 12:05:50,"Push",50m,"Lateral Raise (Machine)",1,30.0,16.0,0,0.0,
2024-08-12 12:05:50,"Push",50m,"Lateral Raise (Machine)",2,35.0,14.0,0,0.0,
2024-08-12 12:05:50,"Push",50m,"Lateral Raise (Machine)",3,30.0,9.0,0,0.0,
2024-08-12 12:05:50,"Push",50m,"Incline Bench Press (Dumbbell)",1,100.0,7.0,0,0.0,
2024-08-12 12:05:50,"Push",50m,"Incline Bench Press (Dumbbell)",2,100.0,6.0,0,0.0,
2024-08-13 12:39:28,"Back And Bi",26m,"Lat Pulldown (Cable)",1,60.0,9.0,0,0.0,
2024-08-13 12:39:28,"Back And Bi",26m,"Lat Pulldown (Cable)",2,50.0,13.0,0,0.0,
2024-08-13 12:39:28,"Back And Bi",26m,"Lat Pulldown (Cable)",3,50.0,10.0,0,0.0,
2024-08-13 12:39:28,"Back And Bi",26m,"Seated Row (Cable)",1,57.5,7.0,0,0.0,
2024-08-13 12:39:28,"Back And Bi",26m,"Seated Row (Cable)",2,57.5,6.0,0,0.0,
2024-08-13 12:39:28,"Back And Bi",26m,"Incline Curl (Dumbbell)",1,60.0,10.0,0,0.0,
2024-08-13 12:39:28,"Back And Bi",26m,"Incline Curl (Dumbbell)",2,50.0,8.0,0,0.0,
2024-08-13 12:39:28,"Back And Bi",26m,"Incline Curl (Dumbbell)",3,50.0,7.0,0,0.0,
2024-08-13 12:39:28,"Back And Bi",26m,"Hammer Curl (Cable)",1,57.5,6.0,0,0.0,
2024-08-13 12:39:28,"Back And Bi",26m,"Hammer Curl (Cable)",2,50.0,6.0,0,0.0,
2024-08-15 12:09:48,"Legs",20m,"Hack Squat",1,175.0,11.0,0,0.0,
2024-08-15 12:09:48,"Legs",20m,"Hack Squat",2,175.0,7.0,0,0.0,
2024-08-15 12:09:48,"Legs",20m,"Leg Extension (Machine)",1,120.0,10.0,0,0.0,
2024-08-15 12:09:48,"Legs",20m,"Leg Extension (Machine)",2,115.0,11.0,0,0.0,
2024-08-15 12:09:48,"Legs",20m,"Leg Extension (Machine)",3,115.0,10.0,0,0.0,
2024-08-15 12:09:48,"Legs",20m,"Seated Leg Curl (Machine)",1,110.0,6.0,0,0.0,
2024-08-15 12:09:48,"Legs",20m,"Seated Leg Curl (Machine)",2,100.0,8.0,0,0.0,
2024-08-15 12:09:48,"Legs",20m,"Seated Leg Curl (Machine)",3,100.0,6.0,0,0.0,
2024-08-15 12:09:48,"Legs",20m,"Seated Calf Raise (Plate Loaded)",1,70.0,10.0,0,0.0,
2024-08-17 13:12:36,"Afternoon Workout",11s,"Shoulder Press (Machine)",1,70.0,7.0,0,0.0,
2024-08-17 13:12:36,"Afternoon Workout",11s,"Shoulder Press (Machine)",2,60.0,7.0,0,0.0,
2024-08-17 13:12:36,"Afternoon Workout",11s,"Shoulder Press (Machine)",3,50.0,7.0,0,0.0,
2024-08-19 10:02:25,"Push",57m,"Bench Press (Barbell)",1,155.0,7.0,0,0.0,
2024-08-19 10:02:25,"Push",57m,"Bench Press (Barbell)",2,145.0,7.0,0,0.0,
2024-08-19 10:02:25,"Push",57m,"Bench Press (Barbell)",3,135.0,9.0,0,0.0,
2024-08-19 10:02:25,"Push",57m,"Shoulder Press (Machine)",1,75.0,7.0,0,0.0,
2024-08-19 10:02:25,"Push",57m,"Shoulder Press (Machine)",2,65.0,9.0,0,0.0,
2024-08-19 10:02:25,"Push",57m,"Shoulder Press (Machine)",3,60.0,6.0,0,0.0,
2024-08-19 10:02:25,"Push",57m,"Lateral Raise (Machine)",1,35.0,15.0,0,0.0,
2024-08-19 10:02:25,"Push",57m,"Lateral Raise (Machine)",2,30.0,14.0,0,0.0,
2024-08-19 10:02:25,"Push",57m,"Lateral Raise (Machine)",3,25.0,12.0,0,0.0,
2024-08-19 10:02:25,"Push",57m,"Triceps Pushdown (Cable - Straight Bar)",1,47.5,10.0,0,0.0,
2024-08-19 10:02:25,"Push",57m,"Triceps Pushdown (Cable - Straight Bar)",2,50.0,9.0,0,0.0,
2024-08-19 10:02:25,"Push",57m,"Triceps Pushdown (Cable - Straight Bar)",3,42.5,9.0,0,0.0,
2024-08-19 10:02:25,"Push",57m,"Incline Bench Press (Dumbbell)",1,100.0,8.0,0,0.0,
2024-08-19 10:02:25,"Push",57m,"Incline Bench Press (Dumbbell)",2,100.0,6.0,0,0.0,
2024-08-19 10:02:25,"Push",57m,"Incline Bench Press (Dumbbell)",3,90.0,7.0,0,0.0,
2024-08-19 10:02:25,"Push",57m,"Triceps Extension (Cable)",1,30.0,13.0,0,0.0,
2024-08-19 10:02:25,"Push",57m,"Triceps Extension (Cable)",2,30.0,8.0,0,0.0,
2024-08-19 10:02:25,"Push",57m,"Triceps Extension (Cable)",3,20.0,10.0,0,0.0,
2024-08-20 11:44:24,"Back And Bi",38m,"Lat Pulldown (Cable)",1,65.0,9.0,0,0.0,
2024-08-20 11:44:24,"Back And Bi",38m,"Lat Pulldown (Cable)",2,65.0,9.0,0,0.0,
2024-08-20 11:44:24,"Back And Bi",38m,"Lat Pulldown (Cable)",3,60.0,6.0,0,0.0,
2024-08-20 11:44:24,"Back And Bi",38m,"Lat Pulldown (Cable)",4,50.0,8.0,0,0.0,
2024-08-20 11:44:24,"Back And Bi",38m,"Incline Row T Bar",1,70.0,8.0,0,0.0,
2024-08-20 11:44:24,"Back And Bi",38m,"Incline Row T Bar",2,55.0,8.0,0,0.0,
2024-08-20 11:44:24,"Back And Bi",38m,"Incline Row T Bar",3,45.0,9.0,0,0.0,
2024-08-20 11:44:24,"Back And Bi",38m,"Incline Curl (Dumbbell)",1,60.0,7.0,0,0.0,
2024-08-20 11:44:24,"Back And Bi",38m,"Incline Curl (Dumbbell)",2,60.0,5.0,0,0.0,
2024-08-20 11:44:24,"Back And Bi",38m,"Incline Curl (Dumbbell)",3,50.0,7.0,0,0.0,
2024-08-20 11:44:24,"Back And Bi",38m,"Incline Curl (Dumbbell)",4,50.0,8.0,0,0.0,
2024-08-20 11:44:24,"Back And Bi",38m,"Pull Up",1,0.0,8.0,0,0.0,
2024-08-20 11:44:24,"Back And Bi",38m,"Hammer Curl (Cable)",1,57.5,7.0,0,0.0,
2024-08-20 11:44:24,"Back And Bi",38m,"Hammer Curl (Cable)",2,50.0,5.0,0,0.0,
2024-08-20 11:44:24,"Back And Bi",38m,"Hammer Curl (Cable)",3,35.0,7.0,0,0.0,
2024-08-20 11:44:24,"Back And Bi",38m,"Hammer Curl (Cable)",4,25.0,7.0,0,0.0,
2024-08-21 13:04:35,"Legs",26m,"Hack Squat",1,175.0,10.0,0,0.0,
2024-08-21 13:04:35,"Legs",26m,"Hack Squat",2,165.0,6.0,0,0.0,
2024-08-21 13:04:35,"Legs",26m,"Hack Squat",3,155.0,5.0,0,0.0,
2024-08-21 13:04:35,"Legs",26m,"Leg Extension (Machine)",1,130.0,7.0,0,0.0,
2024-08-21 13:04:35,"Legs",26m,"Leg Extension (Machine)",2,115.0,7.0,0,0.0,
2024-08-21 13:04:35,"Legs",26m,"Leg Extension (Machine)",3,100.0,6.0,0,0.0,
2024-08-21 13:04:35,"Legs",26m,"Seated Leg Curl (Machine)",1,110.0,7.0,0,0.0,
2024-08-21 13:04:35,"Legs",26m,"Seated Leg Curl (Machine)",2,100.0,9.0,0,0.0,
2024-08-21 13:04:35,"Legs",26m,"Seated Leg Curl (Machine)",3,100.0,6.0,0,0.0,
2024-08-22 08:13:16,"Push",42m,"Bench Press (Barbell)",1,155.0,8.0,0,0.0,
2024-08-22 08:13:16,"Push",42m,"Bench Press (Barbell)",2,145.0,7.0,0,0.0,
2024-08-22 08:13:16,"Push",42m,"Bench Press (Barbell)",3,135.0,7.0,0,0.0,
2024-08-22 08:13:16,"Push",42m,"Incline Bench Press (Dumbbell)",1,100.0,8.0,0,0.0,
2024-08-22 08:13:16,"Push",42m,"Incline Bench Press (Dumbbell)",2,100.0,8.0,0,0.0,
2024-08-22 08:13:16,"Push",42m,"Incline Bench Press (Dumbbell)",3,90.0,7.0,0,0.0,
2024-08-22 08:13:16,"Push",42m,"Lateral Raise (Machine)",1,40.0,10.0,0,0.0,
2024-08-22 08:13:16,"Push",42m,"Lateral Raise (Machine)",2,35.0,10.0,0,0.0,
2024-08-22 08:13:16,"Push",42m,"Lateral Raise (Machine)",3,25.0,15.0,0,0.0,
2024-08-22 08:13:16,"Push",42m,"Lateral Raise (Machine)",4,30.0,6.0,0,0.0,
2024-08-22 08:13:16,"Push",42m,"Triceps Pushdown (Cable - Straight Bar)",1,50.0,8.0,0,0.0,
2024-08-22 08:13:16,"Push",42m,"Triceps Pushdown (Cable - Straight Bar)",2,50.0,8.0,0,0.0,
2024-08-22 08:13:16,"Push",42m,"Triceps Pushdown (Cable - Straight Bar)",3,42.5,11.0,0,0.0,
2024-08-23 12:28:45,"Back And Bi",40m,"Incline Curl (Dumbbell)",1,60.0,9.0,0,0.0,
2024-08-23 12:28:45,"Back And Bi",40m,"Incline Curl (Dumbbell)",2,60.0,7.0,0,0.0,
2024-08-23 12:28:45,"Back And Bi",40m,"Incline Curl (Dumbbell)",3,55.0,8.0,0,0.0,
2024-08-23 12:28:45,"Back And Bi",40m,"Lat Pulldown (Cable)",1,70.0,6.0,0,0.0,
2024-08-23 12:28:45,"Back And Bi",40m,"Lat Pulldown (Cable)",2,60.0,7.0,0,0.0,
2024-08-23 12:28:45,"Back And Bi",40m,"Lat Pulldown (Cable)",3,50.0,10.0,0,0.0,
2024-08-23 12:28:45,"Back And Bi",40m,"Lat Pulldown (Cable)",4,50.0,8.0,0,0.0,
2024-08-23 12:28:45,"Back And Bi",40m,"Incline Row T Bar",1,45.0,8.0,0,0.0,
2024-08-23 12:28:45,"Back And Bi",40m,"Incline Row T Bar",2,45.0,7.0,0,0.0,
2024-08-23 12:28:45,"Back And Bi",40m,"Incline Row T Bar",3,35.0,8.0,0,0.0,
2024-08-23 12:28:45,"Back And Bi",40m,"Preacher Curl (Machine)",1,55.0,8.0,0,0.0,
2024-08-23 12:28:45,"Back And Bi",40m,"Preacher Curl (Machine)",2,55.0,8.0,0,0.0,
2024-08-23 12:28:45,"Back And Bi",40m,"Preacher Curl (Machine)",3,45.0,6.0,0,0.0,
2024-08-23 12:28:45,"Back And Bi",40m,"Hammer Curl (Cable)",1,50.0,8.0,0,0.0,
2024-08-23 12:28:45,"Back And Bi",40m,"Lat Prayers",1,50.0,8.0,0,0.0,
2024-08-24 15:14:15,"Legs",19m,"Hack Squat",1,185.0,9.0,0,0.0,
2024-08-24 15:14:15,"Legs",19m,"Hack Squat",2,165.0,7.0,0,0.0,
2024-08-24 15:14:15,"Legs",19m,"Hack Squat",3,145.0,8.0,0,0.0,
2024-08-24 15:14:15,"Legs",19m,"Seated Leg Curl (Machine)",1,120.0,7.0,0,0.0,
2024-08-24 15:14:15,"Legs",19m,"Seated Leg Curl (Machine)",2,110.0,7.0,0,0.0,
2024-08-24 15:14:15,"Legs",19m,"Seated Leg Curl (Machine)",3,100.0,6.0,0,0.0,
2024-08-24 15:14:15,"Legs",19m,"Seated Calf Raise (Plate Loaded)",1,40.0,10.0,0,0.0,
2024-08-24 15:14:15,"Legs",19m,"Seated Calf Raise (Plate Loaded)",2,40.0,10.0,0,0.0,
2024-08-26 08:18:15,"Push",1h 5m,"Bench Press (Barbell)",1,165.0,5.0,0,0.0,
2024-08-26 08:18:15,"Push",1h 5m,"Bench Press (Barbell)",2,155.0,8.0,0,0.0,
2024-08-26 08:18:15,"Push",1h 5m,"Bench Press (Barbell)",3,145.0,8.0,0,0.0,
2024-08-26 08:18:15,"Push",1h 5m,"Incline Bench Press (Dumbbell)",1,100.0,10.0,0,0.0,
2024-08-26 08:18:15,"Push",1h 5m,"Incline Bench Press (Dumbbell)",2,90.0,9.0,0,0.0,
2024-08-26 08:18:15,"Push",1h 5m,"Incline Bench Press (Dumbbell)",3,90.0,11.0,0,0.0,
2024-08-26 08:18:15,"Push",1h 5m,"Triceps Pushdown (Cable - Straight Bar)",1,52.5,8.0,0,0.0,
2024-08-26 08:18:15,"Push",1h 5m,"Triceps Pushdown (Cable - Straight Bar)",2,47.5,8.0,0,0.0,
2024-08-26 08:18:15,"Push",1h 5m,"Triceps Pushdown (Cable - Straight Bar)",3,42.5,8.0,0,0.0,
2024-08-26 08:18:15,"Push",1h 5m,"Triceps Pushdown (Cable - Straight Bar)",4,37.5,7.0,0,0.0,
2024-08-26 08:18:15,"Push",1h 5m,"Triceps Extension (Cable)",1,32.5,9.0,0,0.0,
2024-08-26 08:18:15,"Push",1h 5m,"Triceps Extension (Cable)",2,27.5,9.0,0,0.0,
2024-08-26 08:18:15,"Push",1h 5m,"Triceps Extension (Cable)",3,27.5,8.0,0,0.0,
2024-08-26 08:18:15,"Push",1h 5m,"Triceps Extension (Cable)",4,27.5,10.0,0,0.0,
2024-08-26 08:18:15,"Push",1h 5m,"Lateral Raise (Dumbbell)",1,30.0,8.0,0,0.0,
2024-08-26 08:18:15,"Push",1h 5m,"Lateral Raise (Dumbbell)",2,25.0,8.0,0,0.0,
2024-08-26 08:18:15,"Push",1h 5m,"Lateral Raise (Dumbbell)",3,25.0,8.0,0,0.0,
2024-08-26 08:18:15,"Push",1h 5m,"Lateral Raise (Dumbbell)",4,25.0,6.0,0,0.0,
2024-08-26 08:18:15,"Push",1h 5m,"Seated Overhead Press (Dumbbell)",1,100.0,3.0,0,0.0,
2024-08-26 08:18:15,"Push",1h 5m,"Shoulder Press (Machine)",1,80.0,6.0,0,0.0,
2024-08-26 08:18:15,"Push",1h 5m,"Shoulder Press (Machine)",2,75.0,6.0,0,0.0,
2024-08-26 08:18:15,"Push",1h 5m,"Face Pull (Cable)",1,40.0,10.0,0,0.0,
2024-08-26 08:18:15,"Push",1h 5m,"Face Pull (Cable)",2,40.0,10.0,0,0.0,
2024-08-26 08:18:15,"Push",1h 5m,"Face Pull (Cable)",3,40.0,10.0,0,0.0,
2024-08-27 15:18:58,"Back And Bi",26m,"Lat Pulldown (Single Arm)",1,65.0,7.0,0,0.0,
2024-08-27 15:18:58,"Back And Bi",26m,"Lat Pulldown (Single Arm)",2,62.5,6.0,0,0.0,
2024-08-27 15:18:58,"Back And Bi",26m,"Lat Pulldown (Single Arm)",3,57.5,6.0,0,0.0,
2024-08-27 15:18:58,"Back And Bi",26m,"Seated Row (Cable)",1,57.5,8.0,0,0.0,
2024-08-27 15:18:58,"Back And Bi",26m,"Seated Row (Cable)",2,57.5,8.0,0,0.0,
2024-08-27 15:18:58,"Back And Bi",26m,"Seated Row (Cable)",3,50.0,9.0,0,0.0,
2024-08-27 15:18:58,"Back And Bi",26m,"Preacher Curl (Machine)",1,60.0,8.0,0,0.0,
2024-08-27 15:18:58,"Back And Bi",26m,"Preacher Curl (Machine)",2,60.0,4.0,0,0.0,
2024-08-27 15:18:58,"Back And Bi",26m,"Preacher Curl (Machine)",3,60.0,7.0,0,0.0,
2024-08-27 15:18:58,"Back And Bi",26m,"Preacher Curl (Machine)",4,60.0,7.0,0,0.0,
2024-08-27 15:18:58,"Back And Bi",26m,"Hammer Curl (Cable)",1,57.5,7.0,0,0.0,
2024-08-27 15:18:58,"Back And Bi",26m,"Hammer Curl (Cable)",2,50.0,8.0,0,0.0,
2024-08-28 10:46:34,"Legs",50m,"Squat (Barbell)",1,165.0,5.0,0,0.0,
2024-08-28 10:46:34,"Legs",50m,"Squat (Barbell)",2,155.0,9.0,0,0.0,
2024-08-28 10:46:34,"Legs",50m,"Squat (Barbell)",3,155.0,3.0,0,0.0,
2024-08-28 10:46:34,"Legs",50m,"Romanian Deadlift (Barbell)",1,175.0,10.0,0,0.0,
2024-08-28 10:46:34,"Legs",50m,"Romanian Deadlift (Barbell)",2,175.0,8.0,0,0.0,
2024-08-28 10:46:34,"Legs",50m,"Leg Extension (Machine)",1,135.0,9.0,0,0.0,
2024-08-28 10:46:34,"Legs",50m,"Leg Extension (Machine)",2,130.0,7.0,0,0.0,
2024-08-28 10:46:34,"Legs",50m,"Leg Extension (Machine)",3,120.0,7.0,0,0.0,
2024-08-28 10:46:34,"Legs",50m,"Seated Leg Curl (Machine)",1,110.0,6.0,0,0.0,
2024-08-28 10:46:34,"Legs",50m,"Seated Leg Curl (Machine)",2,100.0,7.0,0,0.0,
2024-08-28 10:46:34,"Legs",50m,"Seated Leg Curl (Machine)",3,100.0,7.0,0,0.0,
2024-08-28 10:46:34,"Legs",50m,"Seated Leg Curl (Machine)",4,100.0,7.0,0,0.0,
2024-08-28 10:46:34,"Legs",50m,"Seated Calf Raise (Plate Loaded)",1,80.0,8.0,0,0.0,
2024-08-28 10:46:34,"Legs",50m,"Seated Calf Raise (Plate Loaded)",2,80.0,10.0,0,0.0,
2024-08-29 13:37:37,"Push",30m,"Bench Press (Barbell)",1,165.0,6.0,0,0.0,
2024-08-29 13:37:37,"Push",30m,"Bench Press (Barbell)",2,155.0,6.0,0,0.0,
2024-08-29 13:37:37,"Push",30m,"Bench Press (Barbell)",3,145.0,6.0,0,0.0,
2024-08-29 13:37:37,"Push",30m,"Bench Press (Barbell)",4,135.0,7.0,0,0.0,
2024-08-29 13:37:37,"Push",30m,"Incline Bench Press (Dumbbell)",1,100.0,11.0,0,0.0,
2024-08-29 13:37:37,"Push",30m,"Incline Bench Press (Dumbbell)",2,100.0,9.0,0,0.0,
2024-08-29 13:37:37,"Push",30m,"Incline Bench Press (Dumbbell)",3,100.0,9.0,0,0.0,
2024-08-30 13:18:42,"Back And Bi",27m,"Bent Over One Arm Row (Dumbbell)",1,45.0,10.0,0,0.0,
2024-08-30 13:18:42,"Back And Bi",27m,"Bent Over One Arm Row (Dumbbell)",2,45.0,10.0,0,0.0,
2024-08-30 13:18:42,"Back And Bi",27m,"Bent Over One Arm Row (Dumbbell)",3,45.0,10.0,0,0.0,
2024-08-30 13:18:42,"Back And Bi",27m,"Bicep Curl (Dumbbell)",1,70.0,10.0,0,0.0,
2024-08-30 13:18:42,"Back And Bi",27m,"Bicep Curl (Dumbbell)",2,70.0,8.0,0,0.0,
2024-08-30 13:18:42,"Back And Bi",27m,"Bicep Curl (Dumbbell)",3,70.0,7.0,0,0.0,
2024-08-30 13:18:42,"Back And Bi",27m,"Hammer Curl (Dumbbell)",1,70.0,11.0,0,0.0,
2024-08-30 13:18:42,"Back And Bi",27m,"Hammer Curl (Dumbbell)",2,70.0,6.0,0,0.0,
2024-08-30 13:18:42,"Back And Bi",27m,"Hammer Curl (Dumbbell)",3,70.0,10.0,0,0.0,
2024-09-01 09:29:22,"Legs",39m,"Squat (Barbell)",1,155.0,8.0,0,0.0,
2024-09-01 09:29:22,"Legs",39m,"Squat (Barbell)",2,135.0,10.0,0,0.0,
2024-09-01 09:29:22,"Legs",39m,"Squat (Barbell)",3,135.0,10.0,0,0.0,
2024-09-01 09:29:22,"Legs",39m,"Lying Leg Curl (Machine)",1,110.0,13.0,0,0.0,
2024-09-01 09:29:22,"Legs",39m,"Lying Leg Curl (Machine)",2,100.0,9.0,0,0.0,
2024-09-01 09:29:22,"Legs",39m,"Lying Leg Curl (Machine)",3,90.0,9.0,0,0.0,
2024-09-01 09:29:22,"Legs",39m,"Seated Calf Raise (Plate Loaded)",1,90.0,12.0,0,0.0,
2024-09-01 09:29:22,"Legs",39m,"Seated Calf Raise (Plate Loaded)",2,90.0,12.0,0,0.0,
2024-09-01 09:29:22,"Legs",39m,"Seated Calf Raise (Plate Loaded)",3,90.0,8.0,0,0.0,
2024-09-02 09:42:50,"Push",57m,"Incline Bench Press (Dumbbell)",1,100.0,14.0,0,0.0,
2024-09-02 09:42:50,"Push",57m,"Incline Bench Press (Dumbbell)",2,100.0,12.0,0,0.0,
2024-09-02 09:42:50,"Push",57m,"Incline Bench Press (Dumbbell)",3,100.0,11.0,0,0.0,
2024-09-02 09:42:50,"Push",57m,"Triceps Pushdown (Cable - Straight Bar)",1,57.5,12.0,0,0.0,
2024-09-02 09:42:50,"Push",57m,"Triceps Pushdown (Cable - Straight Bar)",2,57.5,9.0,0,0.0,
2024-09-02 09:42:50,"Push",57m,"Triceps Pushdown (Cable - Straight Bar)",3,52.5,8.0,0,0.0,
2024-09-02 09:42:50,"Push",57m,"Triceps Extension (Cable)",1,37.5,7.0,0,0.0,
2024-09-02 09:42:50,"Push",57m,"Triceps Extension (Cable)",2,27.5,10.0,0,0.0,
2024-09-02 09:42:50,"Push",57m,"Triceps Extension (Cable)",3,22.5,13.0,0,0.0,
2024-09-02 09:42:50,"Push",57m,"Triceps Extension (Cable)",4,22.5,12.0,0,0.0,
2024-09-02 09:42:50,"Push",57m,"Bench Press (Barbell)",1,135.0,11.0,0,0.0,
2024-09-02 09:42:50,"Push",57m,"Bench Press (Barbell)",2,135.0,8.0,0,0.0,
2024-09-02 09:42:50,"Push",57m,"Bench Press (Barbell)",3,115.0,12.0,0,0.0,
2024-09-02 09:42:50,"Push",57m,"Shoulder Press (Machine)",1,70.0,12.0,0,0.0,
2024-09-02 09:42:50,"Push",57m,"Shoulder Press (Machine)",2,65.0,9.0,0,0.0,
2024-09-02 09:42:50,"Push",57m,"Lateral Raise (Machine)",1,40.0,15.0,0,0.0,
2024-09-02 09:42:50,"Push",57m,"Lateral Raise (Machine)",2,30.0,11.0,0,0.0,
2024-09-02 09:42:50,"Push",57m,"Lateral Raise (Machine)",3,30.0,8.0,0,0.0,
2024-09-02 09:42:50,"Push",57m,"Lateral Raise (Machine)",4,25.0,6.0,0,0.0,
2024-09-03 14:57:53,"Back And Bi",38m,"Lat Pulldown (Cable)",1,120.0,13.0,0,0.0,
2024-09-03 14:57:53,"Back And Bi",38m,"Lat Pulldown (Cable)",2,120.0,8.0,0,0.0,
2024-09-03 14:57:53,"Back And Bi",38m,"Lat Pulldown (Cable)",3,100.0,10.0,0,0.0,
2024-09-03 14:57:53,"Back And Bi",38m,"Seated Row (Cable)",1,65.0,8.0,0,0.0,
2024-09-03 14:57:53,"Back And Bi",38m,"Seated Row (Cable)",2,57.5,8.0,0,0.0,
2024-09-03 14:57:53,"Back And Bi",38m,"Seated Row (Cable)",3,50.0,13.0,0,0.0,
2024-09-03 14:57:53,"Back And Bi",38m,"Incline Curl (Dumbbell)",1,60.0,7.0,0,0.0,
2024-09-03 14:57:53,"Back And Bi",38m,"Incline Curl (Dumbbell)",2,55.0,9.0,0,0.0,
2024-09-03 14:57:53,"Back And Bi",38m,"Incline Curl (Dumbbell)",3,55.0,8.0,0,0.0,
2024-09-03 14:57:53,"Back And Bi",38m,"Incline Curl (Dumbbell)",4,55.0,6.0,0,0.0,
2024-09-03 14:57:53,"Back And Bi",38m,"Hammer Curl (Cable)",1,52.5,6.0,0,0.0,
2024-09-03 14:57:53,"Back And Bi",38m,"Hammer Curl (Cable)",2,42.5,8.0,0,0.0,
2024-09-03 14:57:53,"Back And Bi",38m,"Hammer Curl (Cable)",3,37.5,9.0,0,0.0,
2024-09-03 14:57:53,"Back And Bi",38m,"Pull Up",1,0.0,8.0,0,0.0,
2024-09-03 14:57:53,"Back And Bi",38m,"Pull Up",2,0.0,4.0,0,0.0,
2024-09-03 14:57:53,"Back And Bi",38m,"Pull Up",3,0.0,2.0,0,0.0,
2024-09-07 09:28:20,"Legs",26m,"Squat (Barbell)",1,155.0,11.0,0,0.0,
2024-09-07 09:28:20,"Legs",26m,"Squat (Barbell)",2,165.0,6.0,0,0.0,
2024-09-07 09:28:20,"Legs",26m,"Squat (Barbell)",3,155.0,9.0,0,0.0,
2024-09-07 09:28:20,"Legs",26m,"Leg Extension (Machine)",1,135.0,9.0,0,0.0,
2024-09-07 09:28:20,"Legs",26m,"Leg Extension (Machine)",2,130.0,9.0,0,0.0,
2024-09-07 09:28:20,"Legs",26m,"Leg Extension (Machine)",3,125.0,8.0,0,0.0,
2024-09-09 13:12:59,"Push",14m,"Incline Bench Press (Barbell)",1,135.0,4.0,0,0.0,
2024-09-09 13:12:59,"Push",14m,"Incline Bench Press (Barbell)",2,125.0,5.0,0,0.0,
2024-09-09 13:12:59,"Push",14m,"Seated Overhead Press (Barbell)",1,95.0,5.0,0,0.0,
2024-09-09 13:12:59,"Push",14m,"Seated Overhead Press (Barbell)",2,65.0,9.0,0,0.0,
2024-09-09 13:12:59,"Push",14m,"Triceps Pushdown (Cable - Straight Bar)",1,57.5,10.0,0,0.0,
2024-09-09 13:12:59,"Push",14m,"Triceps Pushdown (Cable - Straight Bar)",2,57.5,9.0,0,0.0,
2024-09-13 11:36:25,"Back And Bi",33m,"Pull Up",1,0.0,11.0,0,0.0,
2024-09-13 11:36:25,"Back And Bi",33m,"Pull Up",2,5.0,5.0,0,0.0,
2024-09-13 11:36:25,"Back And Bi",33m,"Pull Up",3,0.0,2.0,0,0.0,
2024-09-13 11:36:25,"Back And Bi",33m,"Pull Up",4,0.0,6.0,0,0.0,
2024-09-13 11:36:25,"Back And Bi",33m,"Incline Row T Bar",1,45.0,9.0,0,0.0,
2024-09-13 11:36:25,"Back And Bi",33m,"Incline Row T Bar",2,45.0,9.0,0,0.0,
2024-09-13 11:36:25,"Back And Bi",33m,"Incline Row T Bar",3,45.0,8.0,0,0.0,
2024-09-13 11:36:25,"Back And Bi",33m,"Incline Curl (Dumbbell)",1,60.0,7.0,0,0.0,
2024-09-13 11:36:25,"Back And Bi",33m,"Incline Curl (Dumbbell)",2,55.0,8.0,0,0.0,
2024-09-13 11:36:25,"Back And Bi",33m,"Incline Curl (Dumbbell)",3,55.0,9.0,0,0.0,
2024-09-13 11:36:25,"Back And Bi",33m,"Hammer Curl (Dumbbell)",1,70.0,10.0,0,0.0,
2024-09-13 11:36:25,"Back And Bi",33m,"Hammer Curl (Dumbbell)",2,70.0,8.0,0,0.0,
2024-09-13 11:36:25,"Back And Bi",33m,"Hammer Curl (Dumbbell)",3,60.0,12.0,0,0.0,
2024-09-14 06:49:17,"Legs",25m,"Hack Squat",1,185.0,9.0,0,0.0,
2024-09-14 06:49:17,"Legs",25m,"Hack Squat",2,185.0,6.0,0,0.0,
2024-09-14 06:49:17,"Legs",25m,"Hack Squat",3,155.0,6.0,0,0.0,
2024-09-14 06:49:17,"Legs",25m,"Lying Leg Curl (Machine)",1,120.0,8.0,0,0.0,
2024-09-14 06:49:17,"Legs",25m,"Lying Leg Curl (Machine)",2,110.0,7.0,0,0.0,
2024-09-14 06:49:17,"Legs",25m,"Lying Leg Curl (Machine)",3,90.0,2.0,0,0.0,
2024-09-14 06:49:17,"Legs",25m,"Leg Extension (Machine)",1,135.0,5.0,0,0.0,
2024-09-14 06:49:17,"Legs",25m,"Leg Extension (Machine)",2,120.0,8.0,0,0.0,
2024-09-14 06:49:17,"Legs",25m,"Seated Calf Raise (Plate Loaded)",1,45.0,10.0,0,0.0,
2024-09-14 06:49:17,"Legs",25m,"Seated Calf Raise (Plate Loaded)",2,45.0,12.0,0,0.0,
2024-09-15 07:35:20,"Push",26m,"Bench Press (Barbell)",1,185.0,1.0,0,0.0,
2024-09-15 07:35:20,"Push",26m,"Bench Press (Barbell)",2,155.0,6.0,0,0.0,
2024-09-15 07:35:20,"Push",26m,"Bench Press (Barbell)",3,155.0,5.0,0,0.0,
2024-09-15 07:35:20,"Push",26m,"Chest Fly",1,55.0,10.0,0,0.0,
2024-09-15 07:35:20,"Push",26m,"Chest Fly",2,70.0,10.0,0,0.0,
2024-09-15 07:35:20,"Push",26m,"Seated Overhead Press (Dumbbell)",1,70.0,10.0,0,0.0,
2024-09-15 07:35:20,"Push",26m,"Triceps Pushdown (Cable - Straight Bar)",1,52.5,10.0,0,0.0,
2024-09-15 07:35:20,"Push",26m,"Triceps Pushdown (Cable - Straight Bar)",2,52.5,6.0,0,0.0,
2024-09-15 07:35:20,"Push",26m,"Triceps Extension (Cable)",1,32.5,10.0,0,0.0,
2024-09-25 08:45:03,"Push",57m,"Iso-Lateral Chest Press (Machine)",1,132.28,9.0,0,0.0,
2024-09-25 08:45:03,"Push",57m,"Iso-Lateral Chest Press (Machine)",2,132.28,9.0,0,0.0,
2024-09-25 08:45:03,"Push",57m,"Iso-Lateral Chest Press (Machine)",3,132.28,9.0,0,0.0,
2024-09-25 08:45:03,"Push",57m,"Bench Press (Barbell)",1,154.32,10.0,0,0.0,
2024-09-25 08:45:03,"Push",57m,"Bench Press (Barbell)",2,154.32,8.0,0,0.0,
2024-09-25 08:45:03,"Push",57m,"Bench Press (Barbell)",3,132.28,8.0,0,0.0,
2024-09-25 08:45:03,"Push",57m,"Incline Bench Press (Dumbbell)",1,97.0,14.0,0,0.0,
2024-09-25 08:45:03,"Push",57m,"Incline Bench Press (Dumbbell)",2,97.0,11.0,0,0.0,
2024-09-25 08:45:03,"Push",57m,"Incline Bench Press (Dumbbell)",3,97.0,8.0,0,0.0,
2024-09-25 08:45:03,"Push",57m,"Chest Dip (Assisted)",1,0.0,7.0,0,0.0,
2024-09-25 08:45:03,"Push",57m,"Chest Dip (Assisted)",2,15.0,10.0,0,0.0,
2024-09-25 08:45:03,"Push",57m,"Chest Dip (Assisted)",3,0.0,10.0,0,0.0,
2024-09-25 08:45:03,"Push",57m,"Triceps Pushdown (Cable - Straight Bar)",1,49.6,7.0,0,0.0,
2024-09-25 08:45:03,"Push",57m,"Triceps Pushdown (Cable - Straight Bar)",2,49.6,7.0,0,0.0,
2024-09-25 08:45:03,"Push",57m,"Triceps Pushdown (Cable - Straight Bar)",3,44.09,9.0,0,0.0,
2024-09-26 10:03:38,"Back And Bi",54m,"Lat Pulldown (Cable)",1,125.66,8.0,0,0.0,
2024-09-26 10:03:38,"Back And Bi",54m,"Lat Pulldown (Cable)",2,138.89,8.0,0,0.0,
2024-09-26 10:03:38,"Back And Bi",54m,"Lat Pulldown (Cable)",3,110.23,9.0,0,0.0,
2024-09-26 10:03:38,"Back And Bi",54m,"Lat Pulldown (Cable)",4,110.23,8.0,0,0.0,
2024-09-26 10:03:38,"Back And Bi",54m,"Seated Row (Cable)",1,79.37,10.0,0,0.0,
2024-09-26 10:03:38,"Back And Bi",54m,"Seated Row (Cable)",2,79.37,10.0,0,0.0,
2024-09-26 10:03:38,"Back And Bi",54m,"Seated Row (Cable)",3,79.37,9.0,0,0.0,
2024-09-26 10:03:38,"Back And Bi",54m,"Reverse Fly (Machine)",1,99.21,6.0,0,0.0,
2024-09-26 10:03:38,"Back And Bi",54m,"Reverse Fly (Machine)",2,85.98,7.0,0,0.0,
2024-09-26 10:03:38,"Back And Bi",54m,"Reverse Fly (Machine)",3,66.14,5.0,0,0.0,
2024-09-26 10:03:38,"Back And Bi",54m,"Hammer Curl (Cable)",1,35.27,9.0,0,0.0,
2024-09-26 10:03:38,"Back And Bi",54m,"Hammer Curl (Cable)",2,35.27,8.0,0,0.0,
2024-09-26 10:03:38,"Back And Bi",54m,"Hammer Curl (Cable)",3,35.27,7.0,0,0.0,
2024-09-26 10:03:38,"Back And Bi",54m,"Lateral Raise (Cable)",1,5.0,10.0,0,0.0,
2024-09-26 10:03:38,"Back And Bi",54m,"Lateral Raise (Cable)",2,5.0,10.0,0,0.0,
2024-09-26 10:03:38,"Back And Bi",54m,"Lateral Raise (Cable)",3,5.0,10.0,0,0.0,
2024-09-28 10:09:25,"Legs",43m,"Hack Squat",1,132.28,10.0,0,0.0,
2024-09-28 10:09:25,"Legs",43m,"Hack Squat",2,132.28,10.0,0,0.0,
2024-09-28 10:09:25,"Legs",43m,"Leg Extension (Machine)",1,138.89,8.0,0,0.0,
2024-09-28 10:09:25,"Legs",43m,"Leg Extension (Machine)",2,125.66,10.0,0,0.0,
2024-09-28 10:09:25,"Legs",43m,"Leg Extension (Machine)",3,110.23,9.0,0,0.0,
2024-09-28 10:09:25,"Legs",43m,"Incline Curl (Dumbbell)",1,61.73,8.0,0,0.0,
2024-09-28 10:09:25,"Legs",43m,"Incline Curl (Dumbbell)",2,61.73,7.0,0,0.0,
2024-09-28 10:09:25,"Legs",43m,"Incline Curl (Dumbbell)",3,61.73,7.0,0,0.0,
2024-09-28 10:09:25,"Legs",43m,"Preacher Curl (Machine)",1,110.23,12.0,0,0.0,
2024-09-28 10:09:25,"Legs",43m,"Preacher Curl (Machine)",2,125.66,6.0,0,0.0,
2024-09-28 10:09:25,"Legs",43m,"Preacher Curl (Machine)",3,110.23,8.0,0,0.0,
2024-09-29 07:49:37,"Push",49m,"Incline Bench Press (Dumbbell)",1,105.82,13.0,0,0.0,
2024-09-29 07:49:37,"Push",49m,"Incline Bench Press (Dumbbell)",2,114.64,7.0,0,0.0,
2024-09-29 07:49:37,"Push",49m,"Incline Bench Press (Dumbbell)",3,97.0,10.0,0,0.0,
2024-09-29 07:49:37,"Push",49m,"Bench Press (Barbell)",1,154.32,8.0,0,0.0,
2024-09-29 07:49:37,"Push",49m,"Bench Press (Barbell)",2,143.3,8.0,0,0.0,
2024-09-29 07:49:37,"Push",49m,"Bench Press (Barbell)",3,132.28,8.0,0,0.0,
2024-09-29 07:49:37,"Push",49m,"Chest Fly",1,33.07,10.0,0,0.0,
2024-09-29 07:49:37,"Push",49m,"Chest Fly",2,33.07,10.0,0,0.0,
2024-09-29 07:49:37,"Push",49m,"Triceps Pushdown (Cable - Straight Bar)",1,49.6,10.0,0,0.0,
2024-09-29 07:49:37,"Push",49m,"Triceps Pushdown (Cable - Straight Bar)",2,54.67,8.0,0,0.0,
2024-09-29 07:49:37,"Push",49m,"Triceps Pushdown (Cable - Straight Bar)",3,49.6,8.0,0,0.0,
2024-09-29 07:49:37,"Push",49m,"Triceps Extension (Cable)",1,34.83,9.0,0,0.0,
2024-09-29 07:49:37,"Push",49m,"Triceps Extension (Cable)",2,29.76,9.0,0,0.0,
2024-09-29 07:49:37,"Push",49m,"Triceps Extension (Cable)",3,25.35,9.0,0,0.0,
2024-09-29 07:49:37,"Push",49m,"Shoulder Press (Plate Loaded)",1,88.18,6.0,0,0.0,
2024-09-29 07:49:37,"Push",49m,"Shoulder Press (Plate Loaded)",2,88.18,6.0,0,0.0,
2024-09-30 09:35:58,"Back, Bi, And Shoulders",53m,"Pull Up",1,0,10.0,0,0.0,
2024-09-30 09:35:58,"Back, Bi, And Shoulders",53m,"Pull Up",2,0,8.0,0,0.0,
2024-09-30 09:35:58,"Back, Bi, And Shoulders",53m,"Pull Up",3,0,7.0,0,0.0,
2024-09-30 09:35:58,"Back, Bi, And Shoulders",53m,"Seated Row (Machine)",1,88.18,10.0,0,0.0,
2024-09-30 09:35:58,"Back, Bi, And Shoulders",53m,"Seated Row (Machine)",2,99.21,8.0,0,0.0,
2024-09-30 09:35:58,"Back, Bi, And Shoulders",53m,"Seated Row (Machine)",3,99.21,8.0,0,0.0,
2024-09-30 09:35:58,"Back, Bi, And Shoulders",53m,"Incline Curl (Dumbbell)",1,61.73,10.0,0,0.0,
2024-09-30 09:35:58,"Back, Bi, And Shoulders",53m,"Incline Curl (Dumbbell)",2,70.55,5.0,0,0.0,
2024-09-30 09:35:58,"Back, Bi, And Shoulders",53m,"Incline Curl (Dumbbell)",3,61.73,8.0,0,0.0,
2024-09-30 09:35:58,"Back, Bi, And Shoulders",53m,"Hammer Curl (Cable)",1,39.68,11.0,0,0.0,
2024-09-30 09:35:58,"Back, Bi, And Shoulders",53m,"Hammer Curl (Cable)",2,49.6,10.0,0,0.0,
2024-09-30 09:35:58,"Back, Bi, And Shoulders",53m,"Hammer Curl (Cable)",3,49.6,6.0,0,0.0,
2024-09-30 09:35:58,"Back, Bi, And Shoulders",53m,"Shoulder Press (Plate Loaded)",1,66.14,8.0,0,0.0,
2024-09-30 09:35:58,"Back, Bi, And Shoulders",53m,"Shoulder Press (Plate Loaded)",2,66.14,10.0,0,0.0,
2024-09-30 09:35:58,"Back, Bi, And Shoulders",53m,"Shoulder Press (Plate Loaded)",3,66.14,8.0,0,0.0,
2024-09-30 09:35:58,"Back, Bi, And Shoulders",53m,"Lateral Raise (Dumbbell)",1,30.86,8.0,0,0.0,
2024-09-30 09:35:58,"Back, Bi, And Shoulders",53m,"Lateral Raise (Dumbbell)",2,30.86,8.0,0,0.0,
2024-09-30 09:35:58,"Back, Bi, And Shoulders",53m,"Lateral Raise (Dumbbell)",3,22.05,10.0,0,0.0,
2024-10-03 08:18:32,"Legs",47m,"Squat (Smith Machine)",1,99.21,8.0,0,0.0,
2024-10-03 08:18:32,"Legs",47m,"Squat (Smith Machine)",2,99.21,8.0,0,0.0,
2024-10-03 08:18:32,"Legs",47m,"Squat (Smith Machine)",3,99.21,4.0,0,0.0,
2024-10-03 08:18:32,"Legs",47m,"Romanian Deadlift (Barbell)",1,154.32,10.0,0,0.0,
2024-10-03 08:18:32,"Legs",47m,"Romanian Deadlift (Barbell)",2,154.32,10.0,0,0.0,
2024-10-03 08:18:32,"Legs",47m,"Leg Extension (Machine)",1,138.89,9.0,0,0.0,
2024-10-03 08:18:32,"Legs",47m,"Leg Extension (Machine)",2,138.89,11.0,0,0.0,
2024-10-03 08:18:32,"Legs",47m,"Leg Extension (Machine)",3,138.89,9.0,0,0.0,
2024-10-03 08:18:32,"Legs",47m,"Seated Leg Curl (Machine)",1,154.32,11.0,0,0.0,
2024-10-03 08:18:32,"Legs",47m,"Seated Leg Curl (Machine)",2,169.76,6.0,0,0.0,
2024-10-03 08:18:32,"Legs",47m,"Seated Leg Curl (Machine)",3,154.32,7.0,0,0.0,
2024-10-06 10:44:02,"Push",1h 17m,"Bench Press (Barbell)",1,165.35,6.0,0,0.0,
2024-10-06 10:44:02,"Push",1h 17m,"Bench Press (Barbell)",2,154.32,7.0,0,0.0,
2024-10-06 10:44:02,"Push",1h 17m,"Bench Press (Barbell)",3,143.3,8.0,0,0.0,
2024-10-06 10:44:02,"Push",1h 17m,"Bench Press (Barbell)",4,88.18,11.0,0,0.0,
2024-10-06 10:44:02,"Push",1h 17m,"Incline Bench Press (Dumbbell)",1,114.64,6.0,0,0.0,
2024-10-06 10:44:02,"Push",1h 17m,"Incline Bench Press (Dumbbell)",2,105.82,8.0,0,0.0,
2024-10-06 10:44:02,"Push",1h 17m,"Incline Bench Press (Dumbbell)",3,88.18,14.0,0,0.0,
2024-10-06 10:44:02,"Push",1h 17m,"Incline Bench Press (Dumbbell)",4,70.55,12.0,0,0.0,
2024-10-06 10:44:02,"Push",1h 17m,"Triceps Pushdown (Cable - Straight Bar)",1,74.52,6.0,0,0.0,
2024-10-06 10:44:02,"Push",1h 17m,"Triceps Pushdown (Cable - Straight Bar)",2,64.6,9.0,0,0.0,
2024-10-06 10:44:02,"Push",1h 17m,"Triceps Pushdown (Cable - Straight Bar)",3,54.01,8.0,0,0.0,
2024-10-06 10:44:02,"Push",1h 17m,"Triceps Extension (Cable)",1,29.76,10.0,0,0.0,
2024-10-06 10:44:02,"Push",1h 17m,"Triceps Extension (Cable)",2,29.76,9.0,0,0.0,
2024-10-06 10:44:02,"Push",1h 17m,"Triceps Extension (Cable)",3,25.35,14.0,0,0.0,
2024-10-06 10:44:02,"Push",1h 17m,"Lateral Raise (Dumbbell)",1,22.05,10.0,0,0.0,
2024-10-06 10:44:02,"Push",1h 17m,"Lateral Raise (Dumbbell)",2,22.05,8.0,0,0.0,
2024-10-06 10:44:02,"Push",1h 17m,"Lateral Raise (Dumbbell)",3,17.64,8.0,0,0.0,
2024-10-06 10:44:02,"Push",1h 17m,"Lateral Raise (Dumbbell)",4,17.64,6.0,0,0.0,
2024-10-06 10:44:02,"Push",1h 17m,"Shoulder Press (Plate Loaded)",1,77.16,8.0,0,0.0,
2024-10-06 10:44:02,"Push",1h 17m,"Shoulder Press (Plate Loaded)",2,66.14,8.0,0,0.0,
2024-10-06 10:44:02,"Push",1h 17m,"Shoulder Press (Plate Loaded)",3,44.09,12.0,0,0.0,
2024-10-06 10:44:02,"Push",1h 17m,"Chest Fly",1,39.68,12.0,0,0.0,
2024-10-07 08:15:40,"Back And Bi",48m,"Lat Pulldown (Cable)",1,138.89,6.0,0,0.0,
2024-10-07 08:15:40,"Back And Bi",48m,"Lat Pulldown (Cable)",2,125.66,11.0,0,0.0,
2024-10-07 08:15:40,"Back And Bi",48m,"Lat Pulldown (Cable)",3,125.66,8.0,0,0.0,
2024-10-07 08:15:40,"Back And Bi",48m,"Pull Up",1,0,8.0,0,0.0,
2024-10-07 08:15:40,"Back And Bi",48m,"Pull Up",2,0,8.0,0,0.0,
2024-10-07 08:15:40,"Back And Bi",48m,"Pull Up",3,0,6.0,0,0.0,
2024-10-07 08:15:40,"Back And Bi",48m,"Bent Over Row (Barbell)",1,88.18,11.0,0,0.0,
2024-10-07 08:15:40,"Back And Bi",48m,"Bent Over Row (Barbell)",2,88.18,9.0,0,0.0,
2024-10-07 08:15:40,"Back And Bi",48m,"Bent Over Row (Barbell)",3,88.18,8.0,0,0.0,
2024-10-07 08:15:40,"Back And Bi",48m,"Incline Curl (Dumbbell)",1,52.91,10.0,0,0.0,
2024-10-07 08:15:40,"Back And Bi",48m,"Incline Curl (Dumbbell)",2,52.91,9.0,0,0.0,
2024-10-07 08:15:40,"Back And Bi",48m,"Incline Curl (Dumbbell)",3,52.91,10.0,0,0.0,
2024-10-07 08:15:40,"Back And Bi",48m,"Preacher Curl (Machine)",1,79.37,7.0,0,0.0,
2024-10-07 08:15:40,"Back And Bi",48m,"Preacher Curl (Machine)",2,63.93,8.0,0,0.0,
2024-10-07 08:15:40,"Back And Bi",48m,"Preacher Curl (Machine)",3,63.93,10.0,0,0.0,
2024-10-09 08:59:30,"Legs",33m,"Squat (Smith Machine)",1,110.23,7.0,0,0.0,
2024-10-09 08:59:30,"Legs",33m,"Squat (Smith Machine)",2,99.21,9.0,0,0.0,
2024-10-09 08:59:30,"Legs",33m,"Squat (Smith Machine)",3,99.21,6.0,0,0.0,
2024-10-09 08:59:30,"Legs",33m,"Leg Extension (Machine)",1,154.32,6.0,0,0.0,
2024-10-09 08:59:30,"Legs",33m,"Leg Extension (Machine)",2,132.28,10.0,0,0.0,
2024-10-09 08:59:30,"Legs",33m,"Leg Extension (Machine)",3,154.32,12.0,0,0.0,
2024-10-09 08:59:30,"Legs",33m,"Seated Leg Curl (Machine)",1,169.76,11.0,0,0.0,
2024-10-09 08:59:30,"Legs",33m,"Seated Leg Curl (Machine)",2,154.32,10.0,0,0.0,
2024-10-09 08:59:30,"Legs",33m,"Seated Leg Curl (Machine)",3,154.32,8.0,0,0.0,
2024-10-10 08:44:12,"Push",28m,"Bench Press (Barbell)",1,165.35,5.0,0,0.0,
2024-10-10 08:44:12,"Push",28m,"Bench Press (Barbell)",2,154.32,8.0,0,0.0,
2024-10-10 08:44:12,"Push",28m,"Bench Press (Barbell)",3,143.3,8.0,0,0.0,
2024-10-10 08:44:12,"Push",28m,"Bench Press (Barbell)",4,132.28,9.0,0,0.0,
2024-10-10 08:44:12,"Push",28m,"Triceps Pushdown (Cable - Straight Bar)",1,74.52,8.0,0,0.0,
2024-10-14 10:50:50,"Push",43m,"Bench Press (Barbell)",1,165.35,4.0,0,0.0,
2024-10-14 10:50:50,"Push",43m,"Bench Press (Barbell)",2,154.32,8.0,0,0.0,
2024-10-14 10:50:50,"Push",43m,"Bench Press (Barbell)",3,143.3,9.0,0,0.0,
2024-10-14 10:50:50,"Push",43m,"Shoulder Press (Plate Loaded)",1,88.18,10.0,0,0.0,
2024-10-14 10:50:50,"Push",43m,"Shoulder Press (Plate Loaded)",2,88.18,11.0,0,0.0,
2024-10-14 10:50:50,"Push",43m,"Shoulder Press (Plate Loaded)",3,88.18,8.0,0,0.0,
2024-10-14 10:50:50,"Push",43m,"Lateral Raise (Dumbbell)",1,26.46,8.0,0,0.0,
2024-10-14 10:50:50,"Push",43m,"Lateral Raise (Dumbbell)",2,17.64,10.0,0,0.0,
2024-10-14 10:50:50,"Push",43m,"Lateral Raise (Dumbbell)",3,17.64,9.0,0,0.0,
2024-10-14 10:50:50,"Push",43m,"Lateral Raise (Dumbbell)",4,17.64,10.0,0,0.0,
2024-10-14 10:50:50,"Push",43m,"Triceps Pushdown (Cable - Straight Bar)",1,59.52,8.0,0,0.0,
2024-10-14 10:50:50,"Push",43m,"Triceps Pushdown (Cable - Straight Bar)",2,49.6,10.0,0,0.0,
2024-10-14 10:50:50,"Push",43m,"Triceps Pushdown (Cable - Straight Bar)",3,49.6,8.0,0,0.0,
2024-10-14 10:50:50,"Push",43m,"Triceps Dip",1,0,9.0,0,0.0,
2024-10-14 10:50:50,"Push",43m,"Triceps Dip",2,0,7.0,0,0.0,
2024-10-14 10:50:50,"Push",43m,"Triceps Dip",3,0,6.0,0,0.0,
2024-10-15 10:53:42,"Back And Bi",1h 1m,"Pull Up",1,0,8.0,0,0.0,
2024-10-15 10:53:42,"Back And Bi",1h 1m,"Pull Up",2,0,7.0,0,0.0,
2024-10-15 10:53:42,"Back And Bi",1h 1m,"Pull Up",3,0,6.0,0,0.0,
2024-10-15 10:53:42,"Back And Bi",1h 1m,"Seated Row (Cable)",1,94.8,10.0,0,0.0,
2024-10-15 10:53:42,"Back And Bi",1h 1m,"Seated Row (Cable)",2,110.23,5.0,0,0.0,
2024-10-15 10:53:42,"Back And Bi",1h 1m,"Seated Row (Cable)",3,94.8,9.0,0,0.0,
2024-10-15 10:53:42,"Back And Bi",1h 1m,"Lat Pulldown (Cable)",1,125.66,8.0,0,0.0,
2024-10-15 10:53:42,"Back And Bi",1h 1m,"Lat Pulldown (Cable)",2,110.23,10.0,0,0.0,
2024-10-15 10:53:42,"Back And Bi",1h 1m,"Lat Pulldown (Cable)",3,94.8,13.0,0,0.0,
2024-10-15 10:53:42,"Back And Bi",1h 1m,"Bicep Curl (Dumbbell)",1,70.55,10.0,0,0.0,
2024-10-15 10:53:42,"Back And Bi",1h 1m,"Bicep Curl (Dumbbell)",2,70.55,8.0,0,0.0,
2024-10-15 10:53:42,"Back And Bi",1h 1m,"Bicep Curl (Dumbbell)",3,70.55,7.0,0,0.0,
2024-10-15 10:53:42,"Back And Bi",1h 1m,"Preacher Curl (Machine)",1,94.8,9.0,0,0.0,
2024-10-15 10:53:42,"Back And Bi",1h 1m,"Preacher Curl (Machine)",2,79.37,9.0,0,0.0,
2024-10-15 10:53:42,"Back And Bi",1h 1m,"Preacher Curl (Machine)",3,79.37,8.0,0,0.0,
2024-10-15 10:53:42,"Back And Bi",1h 1m,"Hammer Curl (Dumbbell)",1,70.55,11.0,0,0.0,
2024-10-15 10:53:42,"Back And Bi",1h 1m,"Hammer Curl (Dumbbell)",2,70.55,9.0,0,0.0,
2024-10-15 10:53:42,"Back And Bi",1h 1m,"Hammer Curl (Dumbbell)",3,61.73,8.0,0,0.0,
2024-10-17 02:14:28,"Legs",31m,"Squat (Barbell)",1,165.35,8.0,0,0.0,
2024-10-17 02:14:28,"Legs",31m,"Squat (Barbell)",2,159.84,9.0,0,0.0,
2024-10-17 02:14:28,"Legs",31m,"Squat (Barbell)",3,154.32,7.0,0,0.0,
2024-10-17 02:14:28,"Legs",31m,"Lying Leg Curl (Machine)",1,119.05,8.0,0,0.0,
2024-10-17 02:14:28,"Legs",31m,"Lying Leg Curl (Machine)",2,110.23,8.0,0,0.0,
2024-10-17 02:14:28,"Legs",31m,"Lying Leg Curl (Machine)",3,99.21,7.0,0,0.0,
2024-10-18 06:04:08,"Push",58m,"Bench Press (Barbell)",1,165.35,4.0,0,0.0,
2024-10-18 06:04:08,"Push",58m,"Bench Press (Barbell)",2,159.84,7.0,0,0.0,
2024-10-18 06:04:08,"Push",58m,"Bench Press (Barbell)",3,154.32,7.0,0,0.0,
2024-10-18 06:04:08,"Push",58m,"Incline Bench Press (Dumbbell)",1,123.46,7.0,0,0.0,
2024-10-18 06:04:08,"Push",58m,"Incline Bench Press (Dumbbell)",2,105.82,8.0,0,0.0,
2024-10-18 06:04:08,"Push",58m,"Incline Bench Press (Dumbbell)",3,105.82,9.0,0,0.0,
2024-10-18 06:04:08,"Push",58m,"Triceps Pushdown (Cable - Straight Bar)",1,59.52,8.0,0,0.0,
2024-10-18 06:04:08,"Push",58m,"Triceps Pushdown (Cable - Straight Bar)",2,59.52,9.0,0,0.0,
2024-10-18 06:04:08,"Push",58m,"Triceps Pushdown (Cable - Straight Bar)",3,59.52,8.0,0,0.0,
2024-10-18 06:04:08,"Push",58m,"Triceps Extension (Cable)",1,29.76,10.0,0,0.0,
2024-10-18 06:04:08,"Push",58m,"Triceps Extension (Cable)",2,29.76,9.0,0,0.0,
2024-10-19 08:54:08,"Back And Bi",40m,"Lat Pulldown (Cable)",1,125.66,10.0,0,0.0,
2024-10-19 08:54:08,"Back And Bi",40m,"Lat Pulldown (Cable)",2,110.23,13.0,0,0.0,
2024-10-19 08:54:08,"Back And Bi",40m,"Lat Pulldown (Cable)",3,110.23,10.0,0,0.0,
2024-10-19 08:54:08,"Back And Bi",40m,"Seated Row (Cable)",1,110.23,10.0,0,0.0,
2024-10-19 08:54:08,"Back And Bi",40m,"Seated Row (Cable)",2,94.8,10.0,0,0.0,
2024-10-19 08:54:08,"Back And Bi",40m,"Seated Row (Cable)",3,94.8,10.0,0,0.0,
2024-10-19 08:54:08,"Back And Bi",40m,"Bicep Curl (Dumbbell)",1,70.55,10.0,0,0.0,
2024-10-19 08:54:08,"Back And Bi",40m,"Bicep Curl (Dumbbell)",2,70.55,10.0,0,0.0,
2024-10-19 08:54:08,"Back And Bi",40m,"Bicep Curl (Dumbbell)",3,70.55,10.0,0,0.0,
2024-10-19 08:54:08,"Back And Bi",40m,"Pull Up",1,0,10.0,0,0.0,
2024-10-19 08:54:08,"Back And Bi",40m,"Pull Up",2,0,8.0,0,0.0,
2024-10-19 08:54:08,"Back And Bi",40m,"Pull Up",3,0,7.0,0,0.0,
2024-10-20 04:48:01,"Legs",2h 13m,"Hack Squat",1,132.28,11.0,0,0.0,
2024-10-20 04:48:01,"Legs",2h 13m,"Hack Squat",2,154.32,7.0,0,0.0,
2024-10-20 04:48:01,"Legs",2h 13m,"Hack Squat",3,132.28,10.0,0,0.0,
2024-10-20 04:48:01,"Legs",2h 13m,"Leg Extension (Machine)",1,169.76,9.0,0,0.0,
2024-10-20 04:48:01,"Legs",2h 13m,"Leg Extension (Machine)",2,154.32,9.0,0,0.0,
2024-10-20 04:48:01,"Legs",2h 13m,"Leg Extension (Machine)",3,154.32,9.0,0,0.0,
2024-10-20 04:48:01,"Legs",2h 13m,"Seated Leg Curl (Machine)",1,169.76,9.0,0,0.0,
2024-10-20 04:48:01,"Legs",2h 13m,"Seated Leg Curl (Machine)",2,154.32,7.0,0,0.0,
2024-10-20 04:48:01,"Legs",2h 13m,"Seated Leg Curl (Machine)",3,138.89,7.0,0,0.0,
2024-10-20 04:48:01,"Legs",2h 13m,"Lateral Raise (Dumbbell)",1,26.46,9.0,0,0.0,
2024-10-20 04:48:01,"Legs",2h 13m,"Lateral Raise (Dumbbell)",2,26.46,9.0,0,0.0,
2024-10-20 04:48:01,"Legs",2h 13m,"Lateral Raise (Dumbbell)",3,26.46,7.0,0,0.0,
2024-10-22 01:33:21,"Push",1h 30m,"Bench Press (Barbell)",1,165.35,6.0,0,0.0,
2024-10-22 01:33:21,"Push",1h 30m,"Bench Press (Barbell)",2,154.32,8.0,0,0.0,
2024-10-22 01:33:21,"Push",1h 30m,"Bench Press (Barbell)",3,143.3,10.0,0,0.0,
2024-10-22 01:33:21,"Push",1h 30m,"Incline Bench Press (Dumbbell)",1,114.64,8.0,0,0.0,
2024-10-22 01:33:21,"Push",1h 30m,"Incline Bench Press (Dumbbell)",2,105.82,10.0,0,0.0,
2024-10-22 01:33:21,"Push",1h 30m,"Incline Bench Press (Dumbbell)",3,105.82,9.0,0,0.0,
2024-10-22 01:33:21,"Push",1h 30m,"Triceps Pushdown (Cable - Straight Bar)",1,59.52,8.0,0,0.0,
2024-10-22 01:33:21,"Push",1h 30m,"Triceps Pushdown (Cable - Straight Bar)",2,54.67,10.0,0,0.0,
2024-10-22 01:33:21,"Push",1h 30m,"Triceps Pushdown (Cable - Straight Bar)",3,54.67,10.0,0,0.0,
2024-10-22 01:33:21,"Push",1h 30m,"Triceps Extension (Cable)",1,34.83,10.0,0,0.0,
2024-10-22 01:33:21,"Push",1h 30m,"Triceps Extension (Cable)",2,34.83,10.0,0,0.0,
2024-10-24 11:50:51,"Back And Bi",46m,"Lat Pulldown (Cable)",1,138.89,5.0,0,0.0,
2024-10-24 11:50:51,"Back And Bi",46m,"Lat Pulldown (Cable)",2,125.66,7.0,0,0.0,
2024-10-24 11:50:51,"Back And Bi",46m,"Lat Pulldown (Cable)",3,110.23,7.0,0,0.0,
2024-10-24 11:50:51,"Back And Bi",46m,"Seated Row (Cable)",1,110.23,11.0,0,0.0,
2024-10-24 11:50:51,"Back And Bi",46m,"Seated Row (Cable)",2,110.23,8.0,0,0.0,
2024-10-24 11:50:51,"Back And Bi",46m,"Seated Row (Cable)",3,94.8,11.0,0,0.0,
2024-10-24 11:50:51,"Back And Bi",46m,"Incline Curl (Dumbbell)",1,52.91,11.0,0,0.0,
2024-10-24 11:50:51,"Back And Bi",46m,"Incline Curl (Dumbbell)",2,52.91,10.0,0,0.0,
2024-10-24 11:50:51,"Back And Bi",46m,"Incline Curl (Dumbbell)",3,52.91,10.0,0,0.0,
2024-10-24 11:50:51,"Back And Bi",46m,"Preacher Curl (Machine)",1,110.23,8.0,0,0.0,
2024-10-24 11:50:51,"Back And Bi",46m,"Preacher Curl (Machine)",2,94.8,8.0,0,0.0,
2024-10-24 11:50:51,"Back And Bi",46m,"Preacher Curl (Machine)",3,79.37,10.0,0,0.0,
2024-10-24 11:50:51,"Back And Bi",46m,"Pull Up",1,0,9.0,0,0.0,
2024-10-24 11:50:51,"Back And Bi",46m,"Pull Up",2,0,7.0,0,0.0,
2024-10-24 11:50:51,"Back And Bi",46m,"Pull Up",3,0,6.0,0,0.0,
2024-10-25 04:45:31,"Legs",25m,"Squat (Smith Machine)",1,110.23,9.0,0,0.0,
2024-10-25 04:45:31,"Legs",25m,"Squat (Smith Machine)",2,110.23,9.0,0,0.0,
2024-10-25 04:45:31,"Legs",25m,"Squat (Smith Machine)",3,99.21,6.0,0,0.0,
2024-10-25 04:45:31,"Legs",25m,"Lateral Raise (Dumbbell)",1,26.46,9.0,0,0.0,
2024-10-25 04:45:31,"Legs",25m,"Lateral Raise (Dumbbell)",2,26.46,9.0,0,0.0,
2024-10-25 04:45:31,"Legs",25m,"Lateral Raise (Dumbbell)",3,26.46,7.0,0,0.0,
2024-10-28 11:38:43,"Push",53m,"Bench Press (Barbell)",1,176.37,2.0,0,0.0,
2024-10-28 11:38:43,"Push",53m,"Bench Press (Barbell)",2,165.35,5.0,0,0.0,
2024-10-28 11:38:43,"Push",53m,"Bench Press (Barbell)",3,154.32,9.0,0,0.0,
2024-10-28 11:38:43,"Push",53m,"Incline Chest Press (Machine)",1,110.23,9.0,0,0.0,
2024-10-28 11:38:43,"Push",53m,"Incline Chest Press (Machine)",2,94.8,12.0,0,0.0,
2024-10-28 11:38:43,"Push",53m,"Incline Chest Press (Machine)",3,110.23,9.0,0,0.0,
2024-10-28 11:38:43,"Push",53m,"Shoulder Press (Plate Loaded)",1,88.18,8.0,0,0.0,
2024-10-28 11:38:43,"Push",53m,"Shoulder Press (Plate Loaded)",2,66.14,12.0,0,0.0,
2024-10-28 11:38:43,"Push",53m,"Lateral Raise (Dumbbell)",1,26.46,10.0,0,0.0,
2024-10-28 11:38:43,"Push",53m,"Lateral Raise (Dumbbell)",2,26.46,10.0,0,0.0,
2024-10-28 11:38:43,"Push",53m,"Chest Dip",1,22.05,9.0,0,0.0,
2024-10-28 11:38:43,"Push",53m,"Chest Dip",2,22.05,8.0,0,0.0,
2024-10-28 11:38:43,"Push",53m,"Triceps Extension (Cable)",1,39.68,7.0,0,0.0,
2024-10-28 11:38:43,"Push",53m,"Triceps Extension (Cable)",2,34.83,9.0,0,0.0,
2024-10-28 11:38:43,"Push",53m,"Triceps Extension (Cable)",3,34.83,9.0,0,0.0,
2024-10-28 11:38:43,"Push",53m,"Chest Fly",1,39.68,10.0,0,0.0,
2024-10-28 11:38:43,"Push",53m,"Chest Fly",2,39.68,10.0,0,0.0,
2024-10-28 11:38:43,"Push",53m,"Chest Fly",3,39.68,10.0,0,0.0,
2024-10-29 12:00:59,"Back And Bi",32m,"Bicep Curl (Dumbbell)",1,79.37,9.0,0,0.0,
2024-10-29 12:00:59,"Back And Bi",32m,"Bicep Curl (Dumbbell)",2,79.37,8.0,0,0.0,
2024-10-29 12:00:59,"Back And Bi",32m,"Bicep Curl (Dumbbell)",3,70.55,9.0,0,0.0,
2024-10-29 12:00:59,"Back And Bi",32m,"Hammer Curl (Dumbbell)",1,70.55,11.0,0,0.0,
2024-10-29 12:00:59,"Back And Bi",32m,"Hammer Curl (Dumbbell)",2,70.55,9.0,0,0.0,
2024-10-29 12:00:59,"Back And Bi",32m,"Hammer Curl (Dumbbell)",3,70.55,9.0,0,0.0,
2024-10-29 12:00:59,"Back And Bi",32m,"Preacher Curl (Machine)",1,110.23,9.0,0,0.0,
2024-10-29 12:00:59,"Back And Bi",32m,"Bent Over Row (Dumbbell)",1,70.55,10.0,0,0.0,
2024-10-29 12:00:59,"Back And Bi",32m,"Bent Over Row (Dumbbell)",2,70.55,10.0,0,0.0,
2024-10-29 12:00:59,"Back And Bi",32m,"Bent Over Row (Dumbbell)",3,70.55,10.0,0,0.0,
2024-10-29 12:00:59,"Back And Bi",32m,"Pull Up",1,0,7.0,0,0.0,
2024-10-29 12:00:59,"Back And Bi",32m,"Pull Up",2,0,5.0,0,0.0,
2024-10-29 12:00:59,"Back And Bi",32m,"Pull Up",3,0,3.0,0,0.0,
2024-10-30 10:24:33,"Legs",28m,"Squat (Barbell)",1,176.37,2.0,0,0.0,
2024-10-30 10:24:33,"Legs",28m,"Squat (Barbell)",2,165.35,6.0,0,0.0,
2024-10-30 10:24:33,"Legs",28m,"Hack Squat",1,132.28,10.0,0,0.0,
2024-10-30 10:24:33,"Legs",28m,"Leg Extension (Machine)",1,169.76,8.0,0,0.0,
2024-10-30 10:24:33,"Legs",28m,"Leg Extension (Machine)",2,154.32,7.0,0,0.0,
2024-10-30 10:24:33,"Legs",28m,"Lying Leg Curl (Machine)",1,119.05,7.0,0,0.0,
2024-10-30 10:24:33,"Legs",28m,"Seated Leg Curl (Machine)",1,154.32,11.0,0,0.0,
2024-10-30 10:24:33,"Legs",28m,"Seated Leg Curl (Machine)",2,154.32,9.0,0,0.0,
2024-11-02 08:44:19,"Push",55m,"Bench Press (Barbell)",1,165.35,7.0,0,0.0,
2024-11-02 08:44:19,"Push",55m,"Bench Press (Barbell)",2,159.84,7.0,0,0.0,
2024-11-02 08:44:19,"Push",55m,"Bench Press (Barbell)",3,154.32,7.0,0,0.0,
2024-11-02 08:44:19,"Push",55m,"Incline Chest Press (Machine)",1,125.66,9.0,0,0.0,
2024-11-02 08:44:19,"Push",55m,"Incline Chest Press (Machine)",2,110.23,10.0,0,0.0,
2024-11-02 08:44:19,"Push",55m,"Incline Chest Press (Machine)",3,105.82,10.0,0,0.0,
2024-11-02 08:44:19,"Push",55m,"Shoulder Press (Plate Loaded)",1,88.18,10.0,0,0.0,
2024-11-02 08:44:19,"Push",55m,"Shoulder Press (Plate Loaded)",2,66.14,8.0,0,0.0,
2024-11-02 08:44:19,"Push",55m,"Shoulder Press (Plate Loaded)",3,66.14,9.0,0,0.0,
2024-11-02 08:44:19,"Push",55m,"Triceps Pushdown (Cable - Straight Bar)",1,49.6,9.0,0,0.0,
2024-11-02 08:44:19,"Push",55m,"Triceps Pushdown (Cable - Straight Bar)",2,44.75,14.0,0,0.0,
2024-11-02 08:44:19,"Push",55m,"Triceps Pushdown (Cable - Straight Bar)",3,44.75,10.0,0,0.0,
2024-11-02 08:44:19,"Push",55m,"Triceps Extension (Cable)",1,29.76,10.0,0,0.0,
2024-11-02 08:44:19,"Push",55m,"Lateral Raise (Dumbbell)",1,17.64,6.0,0,0.0,
2024-11-03 01:33:42,"Back And Bi",53m,"Lat Pulldown (Cable)",1,110.23,10.0,0,0.0,
2024-11-03 01:33:42,"Back And Bi",53m,"Lat Pulldown (Cable)",2,110.23,7.0,0,0.0,
2024-11-03 01:33:42,"Back And Bi",53m,"Lat Pulldown (Cable)",3,94.8,11.0,0,0.0,
2024-11-03 01:33:42,"Back And Bi",53m,"Seated Row (Machine)",1,88.18,12.0,0,0.0,
2024-11-03 01:33:42,"Back And Bi",53m,"Seated Row (Machine)",2,88.18,8.0,0,0.0,
2024-11-03 01:33:42,"Back And Bi",53m,"Seated Row (Machine)",3,88.18,9.0,0,0.0,
2024-11-03 01:33:42,"Back And Bi",53m,"Bicep Curl (Dumbbell)",1,70.55,10.0,0,0.0,
2024-11-03 01:33:42,"Back And Bi",53m,"Bicep Curl (Dumbbell)",2,52.91,10.0,0,0.0,
2024-11-03 01:33:42,"Back And Bi",53m,"Bicep Curl (Dumbbell)",3,52.91,10.0,0,0.0,
2024-11-03 01:33:42,"Back And Bi",53m,"Pull Up",1,0,9.0,0,0.0,
2024-11-03 01:33:42,"Back And Bi",53m,"Pull Up",2,0,5.0,0,0.0,
2024-11-03 01:33:42,"Back And Bi",53m,"Pull Up",3,0,4.0,0,0.0,
2024-11-03 01:33:42,"Back And Bi",53m,"Lateral Raise (Dumbbell)",1,26.46,10.0,0,0.0,
2024-11-03 01:33:42,"Back And Bi",53m,"Lateral Raise (Dumbbell)",2,26.46,9.0,0,0.0,
2024-11-03 01:33:42,"Back And Bi",53m,"Lateral Raise (Dumbbell)",3,26.46,6.0,0,0.0,
2024-11-04 08:41:56,"Legs",39m,"Squat (Barbell)",1,170.86,2.0,0,0.0,
2024-11-04 08:41:56,"Legs",39m,"Squat (Barbell)",2,165.35,2.0,0,0.0,
2024-11-04 08:41:56,"Legs",39m,"Hack Squat",1,132.28,10.0,0,0.0,
2024-11-04 08:41:56,"Legs",39m,"Hack Squat",2,132.28,8.0,0,0.0,
2024-11-04 08:41:56,"Legs",39m,"Leg Extension (Machine)",1,169.76,9.0,0,0.0,
2024-11-04 08:41:56,"Legs",39m,"Leg Extension (Machine)",2,154.32,9.0,0,0.0,
2024-11-04 08:41:56,"Legs",39m,"Leg Extension (Machine)",3,154.32,7.0,0,0.0,
2024-11-04 08:41:56,"Legs",39m,"Lying Leg Curl (Machine)",1,119.05,8.0,0,0.0,
2024-11-04 08:41:56,"Legs",39m,"Lying Leg Curl (Machine)",2,110.23,8.0,0,0.0,
2024-11-04 08:41:56,"Legs",39m,"Lying Leg Curl (Machine)",3,110.23,9.0,0,0.0,
2024-11-05 07:25:18,"Push",49m,"Bench Press (Barbell)",1,165.35,7.0,0,0.0,
2024-11-05 07:25:18,"Push",49m,"Bench Press (Barbell)",2,159.84,5.0,0,0.0,
2024-11-05 07:25:18,"Push",49m,"Bench Press (Barbell)",3,154.32,8.0,0,0.0,
2024-11-05 07:25:18,"Push",49m,"Incline Bench Press (Dumbbell)",1,105.82,9.0,0,0.0,
2024-11-05 07:25:18,"Push",49m,"Incline Bench Press (Dumbbell)",2,105.82,8.0,0,0.0,
2024-11-05 07:25:18,"Push",49m,"Incline Bench Press (Dumbbell)",3,97.0,9.0,0,0.0,
2024-11-05 07:25:18,"Push",49m,"Triceps Pushdown (Cable - Straight Bar)",1,49.6,9.0,0,0.0,
2024-11-05 07:25:18,"Push",49m,"Triceps Pushdown (Cable - Straight Bar)",2,44.75,13.0,0,0.0,
2024-11-05 07:25:18,"Push",49m,"Triceps Pushdown (Cable - Straight Bar)",3,44.75,12.0,0,0.0,
2024-11-05 07:25:18,"Push",49m,"Triceps Dip",1,22.05,10.0,0,0.0,
2024-11-06 10:22:04,"Back And Bi",36m,"Seated Row (Machine)",1,88.18,10.0,0,0.0,
2024-11-06 10:22:04,"Back And Bi",36m,"Seated Row (Machine)",2,99.21,8.0,0,0.0,
2024-11-06 10:22:04,"Back And Bi",36m,"Seated Row (Machine)",3,88.18,10.0,0,0.0,
2024-11-06 10:22:04,"Back And Bi",36m,"Pull Up",1,0,9.0,0,0.0,
2024-11-06 10:22:04,"Back And Bi",36m,"Pull Up",2,0,5.0,0,0.0,
2024-11-06 10:22:04,"Back And Bi",36m,"Pull Up",3,0,4.0,0,0.0,
2024-11-06 10:22:04,"Back And Bi",36m,"Incline Curl (Dumbbell)",1,61.73,9.0,0,0.0,
2024-11-06 10:22:04,"Back And Bi",36m,"Incline Curl (Dumbbell)",2,52.91,11.0,0,0.0,
2024-11-06 10:22:04,"Back And Bi",36m,"Incline Curl (Dumbbell)",3,52.91,10.0,0,0.0,
2024-11-06 10:22:04,"Back And Bi",36m,"Hammer Curl (Dumbbell)",1,70.55,10.0,0,0.0,
2024-11-06 10:22:04,"Back And Bi",36m,"Hammer Curl (Dumbbell)",2,70.55,10.0,0,0.0,
2024-11-18 07:33:24,"Push",1h 30m,"Bench Press (Barbell)",1,154.32,10.0,0,0.0,
2024-11-18 07:33:24,"Push",1h 30m,"Bench Press (Barbell)",2,165.35,8.0,0,0.0,
2024-11-18 07:33:24,"Push",1h 30m,"Bench Press (Barbell)",3,154.32,6.0,0,0.0,
2024-11-18 07:33:24,"Push",1h 30m,"Incline Bench Press (Dumbbell)",1,105.82,10.0,0,0.0,
2024-11-18 07:33:24,"Push",1h 30m,"Incline Bench Press (Dumbbell)",2,105.82,5.0,0,0.0,
2024-11-18 07:33:24,"Push",1h 30m,"Incline Bench Press (Dumbbell)",3,105.82,8.0,0,0.0,
2024-11-18 07:33:24,"Push",1h 30m,"Chest Fly",1,160.94,10.0,0,0.0,
2024-11-18 07:33:24,"Push",1h 30m,"Chest Fly",2,160.94,8.0,0,0.0,
2024-11-18 07:33:24,"Push",1h 30m,"Chest Fly",3,160.94,10.0,0,0.0,
2024-11-18 07:33:24,"Push",1h 30m,"Chest Dip",1,22.05,7.0,0,0.0,
2024-11-18 07:33:24,"Push",1h 30m,"Chest Dip",2,22.05,7.0,0,0.0,
2024-11-18 07:33:24,"Push",1h 30m,"Chest Dip",3,22.05,6.0,0,0.0,
2024-11-18 07:33:24,"Push",1h 30m,"Triceps Pushdown (Cable - Straight Bar)",1,54.01,8.0,0,0.0,
2024-11-18 07:33:24,"Push",1h 30m,"Triceps Pushdown (Cable - Straight Bar)",2,54.01,9.0,0,0.0,
2024-11-18 07:33:24,"Push",1h 30m,"Triceps Pushdown (Cable - Straight Bar)",3,54.01,6.0,0,0.0,
2024-11-18 07:33:24,"Push",1h 30m,"Triceps Extension (Cable)",1,34.17,8.0,0,0.0,
2024-11-19 00:34:02,"Back And Bi",39m,"Pull Up",1,0,8.0,0,0.0,
2024-11-19 00:34:02,"Back And Bi",39m,"Lat Pulldown (Cable)",1,110.23,13.0,0,0.0,
2024-11-19 00:34:02,"Back And Bi",39m,"Lat Pulldown (Cable)",2,125.66,7.0,0,0.0,
2024-11-19 00:34:02,"Back And Bi",39m,"Seated Row (Cable)",1,132.28,6.0,0,0.0,
2024-11-19 00:34:02,"Back And Bi",39m,"Seated Row (Cable)",2,110.23,8.0,0,0.0,
2024-11-19 00:34:02,"Back And Bi",39m,"Seated Row (Cable)",3,110.23,5.0,0,0.0,
2024-11-19 00:34:02,"Back And Bi",39m,"Bicep Curl (Dumbbell)",1,70.55,8.0,0,0.0,
2024-11-19 00:34:02,"Back And Bi",39m,"Bicep Curl (Dumbbell)",2,61.73,10.0,0,0.0,
2024-11-19 00:34:02,"Back And Bi",39m,"Bicep Curl (Dumbbell)",3,61.73,8.0,0,0.0,
2024-11-19 00:34:02,"Back And Bi",39m,"Preacher Curl (Machine)",1,110.23,9.0,0,0.0,
2024-11-19 00:34:02,"Back And Bi",39m,"Preacher Curl (Machine)",2,110.23,9.0,0,0.0,
2024-11-19 00:34:02,"Back And Bi",39m,"Preacher Curl (Machine)",3,110.23,8.0,0,0.0,
2024-11-20 08:53:54,"Legs",2h 10m,"Hack Squat",1,132.28,10.0,0,0.0,
2024-11-20 08:53:54,"Legs",2h 10m,"Hack Squat",2,154.32,10.0,0,0.0,
2024-11-20 08:53:54,"Legs",2h 10m,"Hack Squat",3,154.32,10.0,0,0.0,
2024-11-20 08:53:54,"Legs",2h 10m,"Leg Extension (Machine)",1,169.76,10.0,0,0.0,
2024-11-20 08:53:54,"Legs",2h 10m,"Leg Extension (Machine)",2,185.19,8.0,0,0.0,
2024-11-20 08:53:54,"Legs",2h 10m,"Leg Extension (Machine)",3,198.42,8.0,0,0.0,
2024-11-20 08:53:54,"Legs",2h 10m,"Seated Leg Curl (Machine)",1,169.76,9.0,0,0.0,
2024-11-20 08:53:54,"Legs",2h 10m,"Seated Leg Curl (Machine)",2,154.32,10.0,0,0.0,
2024-11-21 09:17:23,"Push",1h 17m,"Bench Press (Barbell)",1,165.35,8.0,0,0.0,
2024-11-21 09:17:23,"Push",1h 17m,"Bench Press (Barbell)",2,159.84,8.0,0,0.0,
2024-11-21 09:17:23,"Push",1h 17m,"Bench Press (Barbell)",3,143.3,8.0,0,0.0,
2024-11-21 09:17:23,"Push",1h 17m,"Bench Press (Barbell)",4,132.28,10.0,0,0.0,
2024-11-21 09:17:23,"Push",1h 17m,"Incline Bench Press (Dumbbell)",1,88.18,9.0,0,0.0,
2024-11-21 09:17:23,"Push",1h 17m,"Incline Bench Press (Dumbbell)",2,88.18,8.0,0,0.0,
2024-11-21 09:17:23,"Push",1h 17m,"Incline Bench Press (Dumbbell)",3,88.18,7.0,0,0.0,
2024-11-21 09:17:23,"Push",1h 17m,"Chest Fly",1,39.68,10.0,0,0.0,
2024-11-21 09:17:23,"Push",1h 17m,"Chest Fly",2,39.68,10.0,0,0.0,
2024-11-21 09:17:23,"Push",1h 17m,"Chest Fly",3,39.68,12.0,0,0.0,
2024-11-21 09:17:23,"Push",1h 17m,"Triceps Pushdown (Cable - Straight Bar)",1,54.01,10.0,0,0.0,
2024-11-21 09:17:23,"Push",1h 17m,"Triceps Pushdown (Cable - Straight Bar)",2,54.01,10.0,0,0.0,
2024-11-21 09:17:23,"Push",1h 17m,"Triceps Pushdown (Cable - Straight Bar)",3,54.01,8.0,0,0.0,
2024-11-25 09:53:33,"Push",1h 6m,"Bench Press (Barbell)",1,165.35,6.0,0,0.0,
2024-11-25 09:53:33,"Push",1h 6m,"Bench Press (Barbell)",2,143.3,8.0,0,0.0,
2024-11-25 09:53:33,"Push",1h 6m,"Lateral Raise (Dumbbell)",1,22.05,10.0,0,0.0,
2024-11-25 09:53:33,"Push",1h 6m,"Lateral Raise (Dumbbell)",2,22.05,10.0,0,0.0,
2024-11-25 09:53:33,"Push",1h 6m,"Lateral Raise (Dumbbell)",3,22.05,10.0,0,0.0,
2024-11-25 09:53:33,"Push",1h 6m,"Triceps Pushdown (Cable - Straight Bar)",1,54.01,8.0,0,0.0,
2024-11-25 09:53:33,"Push",1h 6m,"Triceps Pushdown (Cable - Straight Bar)",2,54.01,6.0,0,0.0,
2024-11-25 09:53:33,"Push",1h 6m,"Triceps Pushdown (Cable - Straight Bar)",3,49.6,8.0,0,0.0,
2024-11-25 09:53:33,"Push",1h 6m,"Pull Up",1,0,8.0,0,0.0,
2024-11-25 09:53:33,"Push",1h 6m,"Pull Up",2,0,5.0,0,0.0,
2024-11-29 17:42:23,"Push",20m,"Bench Press (Barbell)",1,165.0,2.0,0,0.0,
2024-11-29 17:42:23,"Push",20m,"Bench Press (Barbell)",2,155.0,5.0,0,0.0,
2024-11-29 17:42:23,"Push",20m,"Chest Dip",1,0.0,4.0,0,0.0,
2024-11-29 17:42:23,"Push",20m,"Chest Dip",2,0.0,6.0,0,0.0,
2024-11-29 17:42:23,"Push",20m,"Chest Dip",3,0.0,4.0,0,0.0,
2024-11-29 17:42:23,"Push",20m,"Lateral Raise (Dumbbell)",1,20.0,10.0,0,0.0,
2024-11-29 17:42:23,"Push",20m,"Lateral Raise (Dumbbell)",2,20.0,9.0,0,0.0,
2024-11-30 09:40:49,"Back And Bi",31m,"Lat Pulldown (Cable)",1,130.0,8.0,0,0.0,
2024-11-30 09:40:49,"Back And Bi",31m,"Lat Pulldown (Cable)",2,115.0,9.0,0,0.0,
2024-11-30 09:40:49,"Back And Bi",31m,"Lat Pulldown (Cable)",3,115.0,8.0,0,0.0,
2024-11-30 09:40:49,"Back And Bi",31m,"Seated Row (Cable)",1,115.0,10.0,0,0.0,
2024-11-30 09:40:49,"Back And Bi",31m,"Seated Row (Cable)",2,115.0,8.0,0,0.0,
2024-11-30 09:40:49,"Back And Bi",31m,"Seated Row (Cable)",3,100.0,7.0,0,0.0,
2024-11-30 09:40:49,"Back And Bi",31m,"Incline Curl (Dumbbell)",1,60.0,9.0,0,0.0,
2024-11-30 09:40:49,"Back And Bi",31m,"Incline Curl (Dumbbell)",2,60.0,9.0,0,0.0,
2024-11-30 09:40:49,"Back And Bi",31m,"Incline Curl (Dumbbell)",3,60.0,8.0,0,0.0,
2024-11-30 09:40:49,"Back And Bi",31m,"Hammer Curl (Cable)",1,42.5,9.0,0,0.0,
2024-11-30 09:40:49,"Back And Bi",31m,"Hammer Curl (Cable)",2,42.5,8.0,0,0.0,
2024-11-30 09:40:49,"Back And Bi",31m,"Hammer Curl (Cable)",3,35.0,9.0,0,0.0,
2024-12-03 15:22:49,"Legs",29m,"Hack Squat",1,135.0,7.0,0,0.0,
2024-12-03 15:22:49,"Legs",29m,"Hack Squat",2,135.0,6.0,0,0.0,
2024-12-03 15:22:49,"Legs",29m,"Hack Squat",3,135.0,3.0,0,0.0,
2024-12-03 15:22:49,"Legs",29m,"Leg Extension (Machine)",1,145.0,6.0,0,0.0,
2024-12-03 15:22:49,"Legs",29m,"Leg Extension (Machine)",2,130.0,7.0,0,0.0,
2024-12-03 15:22:49,"Legs",29m,"Leg Extension (Machine)",3,100.0,5.0,0,0.0,
2024-12-03 15:22:49,"Legs",29m,"Seated Leg Curl (Machine)",1,150.0,6.0,0,0.0,
2024-12-03 15:22:49,"Legs",29m,"Seated Leg Curl (Machine)",2,150.0,7.0,0,0.0,
2024-12-03 15:22:49,"Legs",29m,"Seated Leg Curl (Machine)",3,150.0,7.0,0,0.0,
2024-12-04 13:08:15,"Push",31m,"Bench Press (Barbell)",1,135.0,13.0,0,0.0,
2024-12-04 13:08:15,"Push",31m,"Bench Press (Barbell)",2,145.0,7.0,0,0.0,
2024-12-04 13:08:15,"Push",31m,"Bench Press (Barbell)",3,145.0,6.0,0,0.0,
2024-12-04 13:08:15,"Push",31m,"Incline Bench Press (Dumbbell)",1,90.0,9.0,0,0.0,
2024-12-04 13:08:15,"Push",31m,"Incline Bench Press (Dumbbell)",2,90.0,10.0,0,0.0,
2024-12-04 13:08:15,"Push",31m,"Incline Bench Press (Dumbbell)",3,90.0,8.0,0,0.0,
2024-12-04 13:08:15,"Push",31m,"Triceps Pushdown (Cable - Straight Bar)",1,50.0,9.0,0,0.0,
2024-12-04 13:08:15,"Push",31m,"Triceps Pushdown (Cable - Straight Bar)",2,50.0,9.0,0,0.0,
2024-12-04 13:08:15,"Push",31m,"Triceps Pushdown (Cable - Straight Bar)",3,50.0,8.0,0,0.0,
2024-12-04 13:08:15,"Push",31m,"Chest Dip",1,0,7.0,0,0.0,
2024-12-04 13:08:15,"Push",31m,"Chest Dip",2,0,8.0,0,0.0,
2024-12-04 13:08:15,"Push",31m,"Chest Dip",3,0,9.0,0,0.0,
2024-12-05 08:01:08,"Back And Bi",36m,"Lat Pulldown (Cable)",1,140.0,10.0,0,0.0,
2024-12-05 08:01:08,"Back And Bi",36m,"Lat Pulldown (Cable)",2,125.0,9.0,0,0.0,
2024-12-05 08:01:08,"Back And Bi",36m,"Lat Pulldown (Cable)",3,120.0,8.0,0,0.0,
2024-12-05 08:01:08,"Back And Bi",36m,"Seated Row (Cable)",1,100.0,10.0,0,0.0,
2024-12-05 08:01:08,"Back And Bi",36m,"Seated Row (Cable)",2,100.0,10.0,0,0.0,
2024-12-05 08:01:08,"Back And Bi",36m,"Seated Row (Cable)",3,100.0,10.0,0,0.0,
2024-12-05 08:01:08,"Back And Bi",36m,"Incline Curl (Dumbbell)",1,55.0,10.0,0,0.0,
2024-12-05 08:01:08,"Back And Bi",36m,"Incline Curl (Dumbbell)",2,55.0,10.0,0,0.0,
2024-12-05 08:01:08,"Back And Bi",36m,"Incline Curl (Dumbbell)",3,55.0,10.0,0,0.0,
2024-12-05 08:01:08,"Back And Bi",36m,"Pull Up",1,0,6.0,0,0.0,
2024-12-05 08:01:08,"Back And Bi",36m,"Pull Up",2,0,6.0,0,0.0,
2024-12-05 08:01:08,"Back And Bi",36m,"Pull Up",3,0,2.0,0,0.0,
2024-12-09 15:25:45,"Push",40m,"Bench Press (Barbell)",1,155.0,5.0,0,0.0,
2024-12-09 15:25:45,"Push",40m,"Bench Press (Barbell)",2,155.0,6.0,0,0.0,
2024-12-09 15:25:45,"Push",40m,"Bench Press (Barbell)",3,145.0,7.0,0,0.0,
2024-12-09 15:25:45,"Push",40m,"Incline Bench Press (Dumbbell)",1,100.0,9.0,0,0.0,
2024-12-09 15:25:45,"Push",40m,"Incline Bench Press (Dumbbell)",2,100.0,6.0,0,0.0,
2024-12-09 15:25:45,"Push",40m,"Incline Bench Press (Dumbbell)",3,100.0,9.0,0,0.0,
2024-12-09 15:25:45,"Push",40m,"Triceps Pushdown (Cable - Straight Bar)",1,50.0,10.0,0,0.0,
2024-12-09 15:25:45,"Push",40m,"Triceps Pushdown (Cable - Straight Bar)",2,50.0,10.0,0,0.0,
2024-12-09 15:25:45,"Push",40m,"Triceps Pushdown (Cable - Straight Bar)",3,50.0,7.0,0,0.0,
2024-12-09 15:25:45,"Push",40m,"Chest Fly",1,100.0,10.0,0,0.0,
2024-12-09 15:25:45,"Push",40m,"Chest Fly",2,115.0,8.0,0,0.0,
2024-12-09 15:25:45,"Push",40m,"Chest Fly",3,40.0,10.0,0,0.0,
2024-12-09 15:25:45,"Push",40m,"Chest Dip",1,0,10.0,0,0.0,
2024-12-09 15:25:45,"Push",40m,"Chest Dip",2,25.0,5.0,0,0.0,
2024-12-10 15:28:16,"Legs",21m,"Hack Squat",1,155.0,10.0,0,0.0,
2024-12-10 15:28:16,"Legs",21m,"Hack Squat",2,185.0,6.0,0,0.0,
2024-12-10 15:28:16,"Legs",21m,"Romanian Deadlift (Barbell)",1,185.0,6.0,0,0.0,
2024-12-10 15:28:16,"Legs",21m,"Romanian Deadlift (Barbell)",2,185.0,5.0,0,0.0,
2024-12-10 15:28:16,"Legs",21m,"Seated Leg Curl (Machine)",1,100.0,8.0,0,0.0,
2024-12-10 15:28:16,"Legs",21m,"Seated Leg Curl (Machine)",2,100.0,2.0,0,0.0,
2024-12-26 15:10:15,"Legs",11m,"Squat (Barbell)",1,135.0,10.0,0,0.0,
2024-12-26 15:10:15,"Legs",11m,"Squat (Barbell)",2,135.0,7.0,0,0.0,
2024-12-26 15:10:15,"Legs",11m,"Standing Calf Raise (Machine)",1,110.0,7.0,0,0.0,
2024-12-26 15:10:15,"Legs",11m,"Standing Calf Raise (Machine)",2,110.0,5.0,0,0.0,
2024-12-28 07:41:55,"Back And Bi",24m,"Lat Pulldown (Cable)",1,70.0,5.0,0,0.0,
2024-12-28 07:41:55,"Back And Bi",24m,"Lat Pulldown (Cable)",2,60.0,8.0,0,0.0,
2024-12-28 07:41:55,"Back And Bi",24m,"Lat Pulldown (Cable)",3,60.0,5.0,0,0.0,
2024-12-28 07:41:55,"Back And Bi",24m,"Bicep Curl (Dumbbell)",1,70.55,10.0,0,0.0,
2024-12-28 07:41:55,"Back And Bi",24m,"Bicep Curl (Dumbbell)",2,70.55,10.0,0,0.0,
2024-12-31 05:15:37,"Push",34m,"Chest Press (Machine)",1,120.0,7.0,0,0.0,
2024-12-31 05:15:37,"Push",34m,"Chest Press (Machine)",2,110.0,9.0,0,0.0,
2024-12-31 05:15:37,"Push",34m,"Chest Press (Machine)",3,100.0,10.0,0,0.0,
2024-12-31 05:15:37,"Push",34m,"Incline Bench Press (Smith Machine)",1,90.0,10.0,0,0.0,
2024-12-31 05:15:37,"Push",34m,"Incline Bench Press (Smith Machine)",2,90.0,9.0,0,0.0,
2024-12-31 05:15:37,"Push",34m,"Incline Bench Press (Smith Machine)",3,90.0,8.0,0,0.0,
2024-12-31 05:15:37,"Push",34m,"Triceps Pushdown (Cable - Straight Bar)",1,45.0,9.0,0,0.0,
2024-12-31 05:15:37,"Push",34m,"Triceps Pushdown (Cable - Straight Bar)",2,45.0,9.0,0,0.0,
2024-12-31 05:15:37,"Push",34m,"Triceps Pushdown (Cable - Straight Bar)",3,45.0,8.0,0,0.0,
2024-12-31 05:15:37,"Push",34m,"Triceps Extension (Cable)",1,30.0,8.0,0,0.0,
2024-12-31 05:15:37,"Push",34m,"Triceps Extension (Cable)",2,25.0,8.0,0,0.0,
2024-12-31 05:15:37,"Push",34m,"Triceps Extension (Cable)",3,25.0,7.0,0,0.0,
2025-01-01 12:50:09,"Legs",15m,"Squat (Barbell)",1,132.28,10.0,0,0.0,
2025-01-01 12:50:09,"Legs",15m,"Squat (Barbell)",2,143.3,10.0,0,0.0,
2025-01-01 12:50:09,"Legs",15m,"Squat (Barbell)",3,143.3,10.0,0,0.0,
2025-01-01 12:50:09,"Legs",15m,"Calf Press on Seated Leg Press",1,160.0,9.0,0,0.0,
2025-01-01 12:50:09,"Legs",15m,"Calf Press on Seated Leg Press",2,160.0,7.0,0,0.0,
2025-01-01 12:50:09,"Legs",15m,"Calf Press on Seated Leg Press",3,160.0,7.0,0,0.0,
2025-01-06 15:13:50,"Back And Bi",32m,"Bicep Curl (Dumbbell)",1,60.0,12.0,0,0.0,
2025-01-06 15:13:50,"Back And Bi",32m,"Bicep Curl (Dumbbell)",2,60.0,10.0,0,0.0,
2025-01-06 15:13:50,"Back And Bi",32m,"Bicep Curl (Dumbbell)",3,60.0,11.0,0,0.0,
2025-01-06 15:13:50,"Back And Bi",32m,"Bicep Curl (Machine)",1,90.0,9.0,0,0.0,
2025-01-06 15:13:50,"Back And Bi",32m,"Bicep Curl (Machine)",2,80.0,9.0,0,0.0,
2025-01-06 15:13:50,"Back And Bi",32m,"Bicep Curl (Machine)",3,75.0,8.0,0,0.0,
2025-01-06 15:13:50,"Back And Bi",32m,"Bicep Curl (Cable)",1,42.5,7.0,0,0.0,
2025-01-06 15:13:50,"Back And Bi",32m,"Bicep Curl (Cable)",2,37.5,10.0,0,0.0,
2025-01-06 15:13:50,"Back And Bi",32m,"Bicep Curl (Cable)",3,37.5,8.0,0,0.0,
2025-01-07 14:16:28,"Shoulders And Forearms",30m,"Shoulder Press (Machine)",1,70.0,8.0,0,0.0,
2025-01-07 14:16:28,"Shoulders And Forearms",30m,"Shoulder Press (Machine)",2,60.0,12.0,0,0.0,
2025-01-07 14:16:28,"Shoulders And Forearms",30m,"Shoulder Press (Machine)",3,60.0,8.0,0,0.0,
2025-01-07 14:16:28,"Shoulders And Forearms",30m,"Lateral Raise (Machine)",1,45.0,8.0,0,0.0,
2025-01-07 14:16:28,"Shoulders And Forearms",30m,"Lateral Raise (Machine)",2,30.0,15.0,0,0.0,
2025-01-07 14:16:28,"Shoulders And Forearms",30m,"Lateral Raise (Machine)",3,30.0,14.0,0,0.0,
2025-01-07 14:16:28,"Shoulders And Forearms",30m,"Lateral Raise (Machine)",4,30.0,7.0,0,0.0,
2025-01-07 14:16:28,"Shoulders And Forearms",30m,"Lateral Raise (Dumbbell)",1,20.0,10.0,0,0.0,
2025-01-07 14:16:28,"Shoulders And Forearms",30m,"Lateral Raise (Dumbbell)",2,20.0,10.0,0,0.0,
2025-01-07 14:16:28,"Shoulders And Forearms",30m,"Lateral Raise (Dumbbell)",3,20.0,8.0,0,0.0,
2025-01-07 14:16:28,"Shoulders And Forearms",30m,"Reverse Curl (Barbell)",1,27.5,10.0,0,0.0,
2025-01-07 14:16:28,"Shoulders And Forearms",30m,"Reverse Curl (Barbell)",2,27.5,10.0,0,0.0,
2025-01-08 14:21:01,"Legs",35m,"Squat (Barbell)",1,155.0,10.0,0,0.0,
2025-01-08 14:21:01,"Legs",35m,"Squat (Barbell)",2,155.0,8.0,0,0.0,
2025-01-08 14:21:01,"Legs",35m,"Squat (Barbell)",3,155.0,2.0,0,0.0,
2025-01-08 14:21:01,"Legs",35m,"Lying Leg Curl (Machine)",1,130.0,8.0,0,0.0,
2025-01-08 14:21:01,"Legs",35m,"Lying Leg Curl (Machine)",2,125.0,7.0,0,0.0,
2025-01-08 14:21:01,"Legs",35m,"Lying Leg Curl (Machine)",3,115.0,8.0,0,0.0,
2025-01-08 14:21:01,"Legs",35m,"Leg Extension (Machine)",1,120.0,8.0,0,0.0,
2025-01-08 14:21:01,"Legs",35m,"Leg Extension (Machine)",2,120.0,6.0,0,0.0,
2025-01-08 14:21:01,"Legs",35m,"Leg Extension (Machine)",3,120.0,6.0,0,0.0,
2025-01-09 14:55:49,"Push",33m,"Incline Bench Press (Dumbbell)",1,100.0,10.0,0,0.0,
2025-01-09 14:55:49,"Push",33m,"Incline Bench Press (Dumbbell)",2,100.0,10.0,0,0.0,
2025-01-09 14:55:49,"Push",33m,"Incline Bench Press (Dumbbell)",3,100.0,10.0,0,0.0,
2025-01-09 14:55:49,"Push",33m,"Bench Press (Barbell)",1,155.0,7.0,0,0.0,
2025-01-09 14:55:49,"Push",33m,"Bench Press (Barbell)",2,155.0,6.0,0,0.0,
2025-01-09 14:55:49,"Push",33m,"Bench Press (Barbell)",3,145.0,6.0,0,0.0,
2025-01-09 14:55:49,"Push",33m,"Triceps Pushdown (Cable - Straight Bar)",1,42.5,10.0,0,0.0,
2025-01-09 14:55:49,"Push",33m,"Triceps Pushdown (Cable - Straight Bar)",2,50.0,10.0,0,0.0,
2025-01-09 14:55:49,"Push",33m,"Triceps Pushdown (Cable - Straight Bar)",3,50.0,8.0,0,0.0,
2025-01-09 14:55:49,"Push",33m,"Chest Dip",1,0,7.0,0,0.0,
2025-01-09 14:55:49,"Push",33m,"Chest Dip",2,0,7.0,0,0.0,
2025-01-10 15:13:03,"Back And Bi",1h 29m,"Lat Pulldown (Cable)",1,70.0,10.0,0,0.0,
2025-01-10 15:13:03,"Back And Bi",1h 29m,"Lat Pulldown (Cable)",2,60.0,10.0,0,0.0,
2025-01-10 15:13:03,"Back And Bi",1h 29m,"Lat Pulldown (Cable)",3,60.0,8.0,0,0.0,
2025-01-10 15:13:03,"Back And Bi",1h 29m,"Seated Row (Cable)",1,50.0,10.0,0,0.0,
2025-01-10 15:13:03,"Back And Bi",1h 29m,"Seated Row (Cable)",2,50.0,10.0,0,0.0,
2025-01-10 15:13:03,"Back And Bi",1h 29m,"Seated Row (Cable)",3,50.0,10.0,0,0.0,
2025-01-10 15:13:03,"Back And Bi",1h 29m,"Bicep Curl (Dumbbell)",1,80.0,7.0,0,0.0,
2025-01-10 15:13:03,"Back And Bi",1h 29m,"Bicep Curl (Dumbbell)",2,80.0,8.0,0,0.0,
2025-01-10 15:13:03,"Back And Bi",1h 29m,"Bicep Curl (Dumbbell)",3,70.0,6.0,0,0.0,
2025-01-10 15:13:03,"Back And Bi",1h 29m,"Bicep Curl (Machine)",1,100.0,8.0,0,0.0,
2025-01-10 15:13:03,"Back And Bi",1h 29m,"Bicep Curl (Machine)",2,80.0,9.0,0,0.0,
2025-01-10 15:13:03,"Back And Bi",1h 29m,"Bicep Curl (Machine)",3,75.0,8.0,0,0.0,
2025-01-13 13:54:31,"Push",46m,"Bench Press (Barbell)",1,165.0,7.0,0,0.0,
2025-01-13 13:54:31,"Push",46m,"Bench Press (Barbell)",2,155.0,8.0,0,0.0,
2025-01-13 13:54:31,"Push",46m,"Bench Press (Barbell)",3,145.0,9.0,0,0.0,
2025-01-13 13:54:31,"Push",46m,"Incline Bench Press (Dumbbell)",1,110.0,9.0,0,0.0,
2025-01-13 13:54:31,"Push",46m,"Incline Bench Press (Dumbbell)",2,110.0,8.0,0,0.0,
2025-01-13 13:54:31,"Push",46m,"Incline Bench Press (Dumbbell)",3,100.0,10.0,0,0.0,
2025-01-13 13:54:31,"Push",46m,"Triceps Pushdown (Cable - Straight Bar)",1,52.5,10.0,0,0.0,
2025-01-13 13:54:31,"Push",46m,"Triceps Pushdown (Cable - Straight Bar)",2,57.5,9.0,0,0.0,
2025-01-13 13:54:31,"Push",46m,"Triceps Pushdown (Cable - Straight Bar)",3,52.5,9.0,0,0.0,
2025-01-13 13:54:31,"Push",46m,"Triceps Extension (Cable)",1,32.5,13.0,0,0.0,
2025-01-13 13:54:31,"Push",46m,"Triceps Extension (Cable)",2,37.5,10.0,0,0.0,
2025-01-13 13:54:31,"Push",46m,"Chest Dip",1,0,10.0,0,0.0,
2025-01-13 13:54:31,"Push",46m,"Chest Fly",1,40.0,10.0,0,0.0,
2025-01-13 13:54:31,"Push",46m,"Chest Fly",2,40.0,10.0,0,0.0,
2025-01-14 19:02:19,"Back And Bi",45m,"Lat Pulldown (Single Arm)",1,65.0,9.0,0,0.0,
2025-01-14 19:02:19,"Back And Bi",45m,"Lat Pulldown (Single Arm)",2,70.0,7.0,0,0.0,
2025-01-14 19:02:19,"Back And Bi",45m,"Lat Pulldown (Single Arm)",3,60.0,6.0,0,0.0,
2025-01-14 19:02:19,"Back And Bi",45m,"Iso-Lateral Row (Machine)",1,275.0,7.0,0,0.0,
2025-01-14 19:02:19,"Back And Bi",45m,"Iso-Lateral Row (Machine)",2,225.0,10.0,0,0.0,
2025-01-14 19:02:19,"Back And Bi",45m,"Iso-Lateral Row (Machine)",3,225.0,10.0,0,0.0,
2025-01-14 19:02:19,"Back And Bi",45m,"Incline Curl (Dumbbell)",1,70.0,3.0,0,0.0,
2025-01-14 19:02:19,"Back And Bi",45m,"Incline Curl (Dumbbell)",2,50.0,10.0,0,0.0,
2025-01-14 19:02:19,"Back And Bi",45m,"Incline Curl (Dumbbell)",3,50.0,8.0,0,0.0,
2025-01-14 19:02:19,"Back And Bi",45m,"Incline Curl (Dumbbell)",4,50.0,8.0,0,0.0,
2025-01-14 19:02:19,"Back And Bi",45m,"Hammer Curl (Dumbbell)",1,80.0,7.0,0,0.0,
2025-01-14 19:02:19,"Back And Bi",45m,"Hammer Curl (Dumbbell)",2,60.0,10.0,0,0.0,
2025-01-14 19:02:19,"Back And Bi",45m,"Hammer Curl (Dumbbell)",3,60.0,7.0,0,0.0,
2025-01-15 14:17:27,"Legs And Shoulders",37m,"Squat (Barbell)",1,165.0,7.0,0,0.0,
2025-01-15 14:17:27,"Legs And Shoulders",37m,"Squat (Barbell)",2,155.0,8.0,0,0.0,
2025-01-15 14:17:27,"Legs And Shoulders",37m,"Squat (Barbell)",3,155.0,3.0,0,0.0,
2025-01-15 14:17:27,"Legs And Shoulders",37m,"Lying Leg Curl (Machine)",1,145.0,5.0,0,0.0,
2025-01-15 14:17:27,"Legs And Shoulders",37m,"Lying Leg Curl (Machine)",2,130.0,9.0,0,0.0,
2025-01-15 14:17:27,"Legs And Shoulders",37m,"Lying Leg Curl (Machine)",3,120.0,8.0,0,0.0,
2025-01-15 14:17:27,"Legs And Shoulders",37m,"Lateral Raise (Dumbbell)",1,25.0,10.0,0,0.0,
2025-01-15 14:17:27,"Legs And Shoulders",37m,"Lateral Raise (Dumbbell)",2,20.0,10.0,0,0.0,
2025-01-15 14:17:27,"Legs And Shoulders",37m,"Lateral Raise (Dumbbell)",3,20.0,10.0,0,0.0,
2025-01-16 14:27:50,"Push",45m,"Bench Press (Dumbbell)",1,160.0,6.0,0,0.0,
2025-01-16 14:27:50,"Push",45m,"Bench Press (Dumbbell)",2,150.0,8.0,0,0.0,
2025-01-16 14:27:50,"Push",45m,"Bench Press (Dumbbell)",3,140.0,7.0,0,0.0,
2025-01-16 14:27:50,"Push",45m,"Incline Chest Press (Machine)",1,140.0,9.0,0,0.0,
2025-01-16 14:27:50,"Push",45m,"Incline Chest Press (Machine)",2,140.0,8.0,0,0.0,
2025-01-16 14:27:50,"Push",45m,"Incline Chest Press (Machine)",3,140.0,8.0,0,0.0,
2025-01-16 14:27:50,"Push",45m,"Triceps Pushdown (Cable - Straight Bar)",1,50.0,10.0,0,0.0,
2025-01-16 14:27:50,"Push",45m,"Triceps Pushdown (Cable - Straight Bar)",2,60.0,7.0,0,0.0,
2025-01-16 14:27:50,"Push",45m,"Triceps Pushdown (Cable - Straight Bar)",3,50.0,9.0,0,0.0,
2025-01-16 14:27:50,"Push",45m,"Chest Dip",1,10.0,10.0,0,0.0,
2025-01-16 14:27:50,"Push",45m,"Chest Dip",2,10.0,7.0,0,0.0,
2025-01-17 11:43:02,"Back And Bi",48m,"Lat Pulldown (Cable)",1,120.0,10.0,0,0.0,
2025-01-17 11:43:02,"Back And Bi",48m,"Lat Pulldown (Cable)",2,120.0,11.0,0,0.0,
2025-01-17 11:43:02,"Back And Bi",48m,"Lat Pulldown (Cable)",3,125.0,7.0,0,0.0,
2025-01-17 11:43:02,"Back And Bi",48m,"Seated Row (Cable)",1,70.0,9.0,0,0.0,
2025-01-17 11:43:02,"Back And Bi",48m,"Seated Row (Cable)",2,60.0,11.0,0,0.0,
2025-01-17 11:43:02,"Back And Bi",48m,"Seated Row (Cable)",3,60.0,8.0,0,0.0,
2025-01-17 11:43:02,"Back And Bi",48m,"Lat Prayers",1,50.0,9.0,0,0.0,
2025-01-17 11:43:02,"Back And Bi",48m,"Lat Prayers",2,40.0,10.0,0,0.0,
2025-01-17 11:43:02,"Back And Bi",48m,"Lat Prayers",3,40.0,9.0,0,0.0,
2025-01-17 11:43:02,"Back And Bi",48m,"Incline Curl (Dumbbell)",1,60.0,10.0,0,0.0,
2025-01-17 11:43:02,"Back And Bi",48m,"Incline Curl (Dumbbell)",2,60.0,10.0,0,0.0,
2025-01-17 11:43:02,"Back And Bi",48m,"Incline Curl (Dumbbell)",3,60.0,10.0,0,0.0,
2025-01-17 11:43:02,"Back And Bi",48m,"Bicep Curl (Machine)",1,100.0,8.0,0,0.0,
2025-01-17 11:43:02,"Back And Bi",48m,"Bicep Curl (Machine)",2,90.0,8.0,0,0.0,
2025-01-17 11:43:02,"Back And Bi",48m,"Bicep Curl (Machine)",3,80.0,7.0,0,0.0,
2025-01-17 11:43:02,"Back And Bi",48m,"Shrug (Dumbbell)",1,70.0,6.0,0,0.0,
2025-01-18 13:33:16,"Legs And Shoulders",1h 17m,"Squat (Barbell)",1,175.0,3.0,0,0.0,
2025-01-18 13:33:16,"Legs And Shoulders",1h 17m,"Squat (Barbell)",2,165.0,7.0,0,0.0,
2025-01-18 13:33:16,"Legs And Shoulders",1h 17m,"Squat (Barbell)",3,155.0,8.0,0,0.0,
2025-01-18 13:33:16,"Legs And Shoulders",1h 17m,"Seated Leg Curl (Machine)",1,175.0,6.0,0,0.0,
2025-01-18 13:33:16,"Legs And Shoulders",1h 17m,"Seated Leg Curl (Machine)",2,155.0,9.0,0,0.0,
2025-01-18 13:33:16,"Legs And Shoulders",1h 17m,"Seated Leg Curl (Machine)",3,135.0,7.0,0,0.0,
2025-01-18 13:33:16,"Legs And Shoulders",1h 17m,"Leg Extension (Machine)",1,120.0,10.0,0,0.0,
2025-01-18 13:33:16,"Legs And Shoulders",1h 17m,"Leg Extension (Machine)",2,145.0,10.0,0,0.0,
2025-01-18 13:33:16,"Legs And Shoulders",1h 17m,"Leg Extension (Machine)",3,160.0,7.0,0,0.0,
2025-01-18 13:33:16,"Legs And Shoulders",1h 17m,"Seated Overhead Press (Dumbbell)",1,100.0,7.0,0,0.0,
2025-01-18 13:33:16,"Legs And Shoulders",1h 17m,"Seated Overhead Press (Dumbbell)",2,110.0,3.0,0,0.0,
2025-01-18 13:33:16,"Legs And Shoulders",1h 17m,"Seated Overhead Press (Dumbbell)",3,100.0,8.0,0,0.0,
2025-01-18 13:33:16,"Legs And Shoulders",1h 17m,"Lateral Raise (Dumbbell)",1,30.0,10.0,0,0.0,
2025-01-18 13:33:16,"Legs And Shoulders",1h 17m,"Lateral Raise (Dumbbell)",2,25.0,9.0,0,0.0,
2025-01-18 13:33:16,"Legs And Shoulders",1h 17m,"Lateral Raise (Dumbbell)",3,25.0,10.0,0,0.0,
2025-01-18 13:33:16,"Legs And Shoulders",1h 17m,"Reverse Fly (Machine)",1,110.0,5.0,0,0.0,
2025-01-18 13:33:16,"Legs And Shoulders",1h 17m,"Reverse Fly (Machine)",2,80.0,10.0,0,0.0,
2025-01-20 12:38:04,"Push",1h 15m,"Bench Press (Barbell)",1,175.0,7.0,0,0.0,
2025-01-20 12:38:04,"Push",1h 15m,"Bench Press (Barbell)",2,165.0,8.0,0,0.0,
2025-01-20 12:38:04,"Push",1h 15m,"Bench Press (Barbell)",3,155.0,8.0,0,0.0,
2025-01-20 12:38:04,"Push",1h 15m,"Incline Bench Press (Smith Machine)",1,110.0,3.0,0,0.0,
2025-01-20 12:38:04,"Push",1h 15m,"Incline Bench Press (Smith Machine)",2,90.0,7.0,0,0.0,
2025-01-20 12:38:04,"Push",1h 15m,"Incline Bench Press (Smith Machine)",3,90.0,7.0,0,0.0,
2025-01-20 12:38:04,"Push",1h 15m,"Chest Dip",1,0,10.0,0,0.0,
2025-01-20 12:38:04,"Push",1h 15m,"Chest Dip",2,0,10.0,0,0.0,
2025-01-20 12:38:04,"Push",1h 15m,"Chest Dip",3,0,8.0,0,0.0,
2025-01-20 12:38:04,"Push",1h 15m,"Incline Bench Press (Dumbbell)",1,110.0,7.0,0,0.0,
2025-01-20 12:38:04,"Push",1h 15m,"Triceps Extension (Machine)",1,190.0,10.0,0,0.0,
2025-01-20 12:38:04,"Push",1h 15m,"Triceps Extension (Machine)",2,190.0,8.0,0,0.0,
2025-01-20 12:38:04,"Push",1h 15m,"Triceps Extension (Machine)",3,190.0,7.0,0,0.0,
2025-01-20 12:38:04,"Push",1h 15m,"Triceps Pushdown (Cable - Straight Bar)",1,60.0,8.0,0,0.0,
2025-01-20 12:38:04,"Push",1h 15m,"Triceps Pushdown (Cable - Straight Bar)",2,50.0,10.0,0,0.0,
2025-01-20 12:38:04,"Push",1h 15m,"Triceps Pushdown (Cable - Straight Bar)",3,40.0,8.0,0,0.0,
2025-01-20 12:38:04,"Push",1h 15m,"Chest Fly",1,40.0,10.0,0,0.0,
2025-01-20 12:38:04,"Push",1h 15m,"Chest Fly",2,35.0,10.0,0,0.0,
2025-01-20 12:38:04,"Push",1h 15m,"Chest Fly",3,30.0,10.0,0,0.0,
2025-01-22 14:04:56,"Back And Bi",39m,"Lat Pulldown (Cable)",1,70.0,7.0,0,0.0,
2025-01-22 14:04:56,"Back And Bi",39m,"Lat Pulldown (Cable)",2,60.0,10.0,0,0.0,
2025-01-22 14:04:56,"Back And Bi",39m,"Lat Pulldown (Cable)",3,60.0,8.0,0,0.0,
2025-01-22 14:04:56,"Back And Bi",39m,"Seated Row (Cable)",1,70.0,9.0,0,0.0,
2025-01-22 14:04:56,"Back And Bi",39m,"Seated Row (Cable)",2,60.0,11.0,0,0.0,
2025-01-22 14:04:56,"Back And Bi",39m,"Seated Row (Cable)",3,60.0,8.0,0,0.0,
2025-01-22 14:04:56,"Back And Bi",39m,"Incline Curl (Dumbbell)",1,70.0,8.0,0,0.0,
2025-01-22 14:04:56,"Back And Bi",39m,"Incline Curl (Dumbbell)",2,70.0,7.0,0,0.0,
2025-01-22 14:04:56,"Back And Bi",39m,"Incline Curl (Dumbbell)",3,70.0,6.0,0,0.0,
2025-01-22 14:04:56,"Back And Bi",39m,"Bicep Curl (Dumbbell)",1,80.0,5.0,0,0.0,
2025-01-22 14:04:56,"Back And Bi",39m,"Bicep Curl (Dumbbell)",2,60.0,10.0,0,0.0,
2025-01-22 14:04:56,"Back And Bi",39m,"Bicep Curl (Dumbbell)",3,60.0,9.0,0,0.0,
2025-01-23 14:26:16,"Legs And Shoulders",42m,"Squat (Barbell)",1,185.0,2.0,0,0.0,
2025-01-23 14:26:16,"Legs And Shoulders",42m,"Squat (Barbell)",2,165.0,8.0,0,0.0,
2025-01-23 14:26:16,"Legs And Shoulders",42m,"Squat (Barbell)",3,155.0,8.0,0,0.0,
2025-01-23 14:26:16,"Legs And Shoulders",42m,"Seated Leg Curl (Machine)",1,175.0,10.0,0,0.0,
2025-01-23 14:26:16,"Legs And Shoulders",42m,"Seated Leg Curl (Machine)",2,180.0,8.0,0,0.0,
2025-01-23 14:26:16,"Legs And Shoulders",42m,"Leg Extension (Machine)",1,190.0,9.0,0,0.0,
2025-01-23 14:26:16,"Legs And Shoulders",42m,"Leg Extension (Machine)",2,210.0,5.0,0,0.0,
2025-01-23 14:26:16,"Legs And Shoulders",42m,"Leg Extension (Machine)",3,180.0,8.0,0,0.0,
2025-01-23 14:26:16,"Legs And Shoulders",42m,"Lateral Raise (Machine)",1,50.0,13.0,0,0.0,
2025-01-23 14:26:16,"Legs And Shoulders",42m,"Lateral Raise (Machine)",2,45.0,13.0,0,0.0,
2025-01-23 14:26:16,"Legs And Shoulders",42m,"Lateral Raise (Machine)",3,40.0,9.0,0,0.0,
2025-01-23 14:26:16,"Legs And Shoulders",42m,"Shoulder Press (Machine)",1,80.0,8.0,0,0.0,
2025-01-23 14:26:16,"Legs And Shoulders",42m,"Shoulder Press (Machine)",2,75.0,8.0,0,0.0,
2025-01-24 11:26:08,"Push",30m,"Bench Press (Barbell)",1,185.0,2.0,0,0.0,
2025-01-24 11:26:08,"Push",30m,"Bench Press (Barbell)",2,165.0,8.0,0,0.0,
2025-01-24 11:26:08,"Push",30m,"Bench Press (Barbell)",3,155.0,7.0,0,0.0,
2025-01-24 11:26:08,"Push",30m,"Bench Press (Barbell)",4,135.0,8.0,0,0.0,
2025-01-24 11:26:08,"Push",30m,"Incline Bench Press (Dumbbell)",1,110.0,8.0,0,0.0,
2025-01-24 11:26:08,"Push",30m,"Incline Bench Press (Dumbbell)",2,110.0,7.0,0,0.0,
2025-01-24 11:26:08,"Push",30m,"Incline Bench Press (Dumbbell)",3,110.0,3.0,0,0.0,
2025-01-24 11:26:08,"Push",30m,"Triceps Pushdown (Cable - Straight Bar)",1,57.5,8.0,0,0.0,
2025-01-24 11:26:08,"Push",30m,"Triceps Pushdown (Cable - Straight Bar)",2,55.0,9.0,0,0.0,
2025-01-24 11:26:08,"Push",30m,"Triceps Pushdown (Cable - Straight Bar)",3,50.0,7.0,0,0.0,
2025-01-24 11:26:08,"Push",30m,"Chest Dip",1,25.0,6.0,0,0.0,
2025-01-24 11:26:08,"Push",30m,"Chest Dip",2,25.0,4.0,0,0.0,
2025-01-25 16:27:10,"Back And Bi",44m,"Lat Pulldown (Cable)",1,70.0,10.0,0,0.0,
2025-01-25 16:27:10,"Back And Bi",44m,"Lat Pulldown (Cable)",2,65.0,10.0,0,0.0,
2025-01-25 16:27:10,"Back And Bi",44m,"Lat Pulldown (Cable)",3,60.0,9.0,0,0.0,
2025-01-25 16:27:10,"Back And Bi",44m,"Seated Row (Machine)",1,150.0,7.0,0,0.0,
2025-01-25 16:27:10,"Back And Bi",44m,"Seated Row (Machine)",2,130.0,10.0,0,0.0,
2025-01-25 16:27:10,"Back And Bi",44m,"Seated Row (Machine)",3,130.0,7.0,0,0.0,
2025-01-25 16:27:10,"Back And Bi",44m,"Lat Prayers",1,42.5,10.0,0,0.0,
2025-01-25 16:27:10,"Back And Bi",44m,"Lat Prayers",2,42.5,10.0,0,0.0,
2025-01-25 16:27:10,"Back And Bi",44m,"Lat Prayers",3,42.8,8.0,0,0.0,
2025-01-25 16:27:10,"Back And Bi",44m,"Incline Curl (Dumbbell)",1,70.0,8.0,0,0.0,
2025-01-25 16:27:10,"Back And Bi",44m,"Incline Curl (Dumbbell)",2,60.0,10.0,0,0.0,
2025-01-25 16:27:10,"Back And Bi",44m,"Incline Curl (Dumbbell)",3,60.0,8.0,0,0.0,
2025-01-25 16:27:10,"Back And Bi",44m,"Preacher Curl (Machine)",1,75.0,8.0,0,0.0,
2025-01-25 16:27:10,"Back And Bi",44m,"Preacher Curl (Machine)",2,65.0,8.0,0,0.0,
2025-01-25 16:27:10,"Back And Bi",44m,"Preacher Curl (Machine)",3,55.0,8.0,0,0.0,
2025-01-26 15:29:21,"Legs And Shoulders",38m,"Squat (Barbell)",1,185.0,3.0,0,0.0,
2025-01-26 15:29:21,"Legs And Shoulders",38m,"Hack Squat",1,215.0,6.0,0,0.0,
2025-01-26 15:29:21,"Legs And Shoulders",38m,"Hack Squat",2,215.0,1.0,0,0.0,
2025-01-26 15:29:21,"Legs And Shoulders",38m,"Leg Extension (Machine)",1,180.0,8.0,0,0.0,
2025-01-26 15:29:21,"Legs And Shoulders",38m,"Leg Extension (Machine)",2,175.0,8.0,0,0.0,
2025-01-26 15:29:21,"Legs And Shoulders",38m,"Leg Extension (Machine)",3,175.0,8.0,0,0.0,
2025-01-26 15:29:21,"Legs And Shoulders",38m,"Lateral Raise (Machine)",1,70.0,8.0,0,0.0,
2025-01-26 15:29:21,"Legs And Shoulders",38m,"Lateral Raise (Machine)",2,70.0,8.0,0,0.0,
2025-01-26 15:29:21,"Legs And Shoulders",38m,"Lateral Raise (Machine)",3,60.0,9.0,0,0.0,
2025-01-27 16:02:06,"Push",51m,"Bench Press (Barbell)",1,185.0,2.0,0,0.0,
2025-01-27 16:02:06,"Push",51m,"Bench Press (Barbell)",2,175.0,6.0,0,0.0,
2025-01-27 16:02:06,"Push",51m,"Bench Press (Barbell)",3,165.0,7.0,0,0.0,
2025-01-27 16:02:06,"Push",51m,"Bench Press (Barbell)",4,135.0,12.0,0,0.0,
2025-01-27 16:02:06,"Push",51m,"Incline Bench Press (Dumbbell)",1,110.0,8.0,0,0.0,
2025-01-27 16:02:06,"Push",51m,"Incline Bench Press (Dumbbell)",2,110.0,9.0,0,0.0,
2025-01-27 16:02:06,"Push",51m,"Triceps Pushdown (Cable - Straight Bar)",1,60.0,7.0,0,0.0,
2025-01-27 16:02:06,"Push",51m,"Triceps Pushdown (Cable - Straight Bar)",2,60.0,6.0,0,0.0,
2025-01-27 16:02:06,"Push",51m,"Triceps Pushdown (Cable - Straight Bar)",3,55.0,10.0,0,0.0,
2025-01-27 16:02:06,"Push",51m,"Chest Dip",1,0,10.0,0,0.0,
2025-01-27 16:02:06,"Push",51m,"Chest Dip",2,0,10.0,0,0.0,
2025-01-27 16:02:06,"Push",51m,"Chest Dip",3,0,10.0,0,0.0,
2025-01-30 14:29:33,"Back And Bi",15m,"Lat Pulldown (Cable)",1,70.0,10.0,0,0.0,
2025-01-30 14:29:33,"Back And Bi",15m,"Lat Pulldown (Cable)",2,65.0,10.0,0,0.0,
2025-01-30 14:29:33,"Back And Bi",15m,"Lat Pulldown (Cable)",3,60.0,10.0,0,0.0,
2025-01-30 14:29:33,"Back And Bi",15m,"Seated Row (Machine)",1,150.0,7.0,0,0.0,
2025-01-30 14:29:33,"Back And Bi",15m,"Seated Row (Machine)",2,150.0,5.0,0,0.0,
2025-02-01 15:15:50,"Legs And Shoulders",1h 33m,"Squat (Barbell)",1,185.0,3.0,0,0.0,
2025-02-01 15:15:50,"Legs And Shoulders",1h 33m,"Squat (Barbell)",2,175.0,5.0,0,0.0,
2025-02-01 15:15:50,"Legs And Shoulders",1h 33m,"Squat (Barbell)",3,165.0,8.0,0,0.0,
2025-02-01 15:15:50,"Legs And Shoulders",1h 33m,"Seated Leg Curl (Machine)",1,190.0,7.0,0,0.0,
2025-02-01 15:15:50,"Legs And Shoulders",1h 33m,"Seated Leg Curl (Machine)",2,180.0,7.0,0,0.0,
2025-02-01 15:15:50,"Legs And Shoulders",1h 33m,"Seated Leg Curl (Machine)",3,170.0,5.0,0,0.0,
2025-02-01 15:15:50,"Legs And Shoulders",1h 33m,"Leg Extension (Machine)",1,205.0,8.0,0,0.0,
2025-02-01 15:15:50,"Legs And Shoulders",1h 33m,"Leg Extension (Machine)",2,190.0,8.0,0,0.0,
2025-02-01 15:15:50,"Legs And Shoulders",1h 33m,"Leg Extension (Machine)",3,250.0,5.0,0,0.0,
2025-02-01 15:15:50,"Legs And Shoulders",1h 33m,"Shoulder Press (Machine)",1,110.0,7.0,0,0.0,
2025-02-01 15:15:50,"Legs And Shoulders",1h 33m,"Shoulder Press (Machine)",2,90.0,8.0,0,0.0,
2025-02-01 15:15:50,"Legs And Shoulders",1h 33m,"Shoulder Press (Machine)",3,80.0,10.0,0,0.0,
2025-02-01 15:15:50,"Legs And Shoulders",1h 33m,"Lateral Raise (Machine)",1,90.0,7.0,0,0.0,
2025-02-01 15:15:50,"Legs And Shoulders",1h 33m,"Lateral Raise (Machine)",2,70.0,11.0,0,0.0,
2025-02-01 15:15:50,"Legs And Shoulders",1h 33m,"Lateral Raise (Machine)",3,60.0,10.0,0,0.0,
2025-02-02 10:59:00,"Push",42m,"Bench Press (Barbell)",1,185.0,2.0,0,0.0,
2025-02-02 10:59:00,"Push",42m,"Bench Press (Barbell)",2,165.0,7.0,0,0.0,
2025-02-02 10:59:00,"Push",42m,"Bench Press (Barbell)",3,155.0,7.0,0,0.0,
2025-02-02 10:59:00,"Push",42m,"Incline Bench Press (Dumbbell)",1,110.0,8.0,0,0.0,
2025-02-02 10:59:00,"Push",42m,"Incline Bench Press (Dumbbell)",2,110.0,8.0,0,0.0,
2025-02-02 10:59:00,"Push",42m,"Incline Bench Press (Dumbbell)",3,120.0,6.0,0,0.0,
2025-02-02 10:59:00,"Push",42m,"Triceps Pushdown (Cable - Straight Bar)",1,65.0,8.0,0,0.0,
2025-02-02 10:59:00,"Push",42m,"Triceps Pushdown (Cable - Straight Bar)",2,57.5,8.0,0,0.0,
2025-02-02 10:59:00,"Push",42m,"Triceps Pushdown (Cable - Straight Bar)",3,57.5,7.0,0,0.0,
2025-02-02 10:59:00,"Push",42m,"Chest Fly",1,40.0,10.0,0,0.0,
2025-02-02 10:59:00,"Push",42m,"Chest Fly",2,40.0,10.0,0,0.0,
2025-02-02 10:59:00,"Push",42m,"Chest Fly",3,40.0,10.0,0,0.0,
2025-02-03 14:07:17,"Back And Bi",36m,"Lat Pulldown (Cable)",1,70.0,10.0,0,0.0,
2025-02-03 14:07:17,"Back And Bi",36m,"Lat Pulldown (Cable)",2,70.0,8.0,0,0.0,
2025-02-03 14:07:17,"Back And Bi",36m,"Lat Pulldown (Cable)",3,80.0,8.0,0,0.0,
2025-02-03 14:07:17,"Back And Bi",36m,"Lat Pulldown (Cable)",4,70.0,5.0,0,0.0,
2025-02-03 14:07:17,"Back And Bi",36m,"Seated Row (Cable)",1,75.0,8.0,0,0.0,
2025-02-03 14:07:17,"Back And Bi",36m,"Seated Row (Cable)",2,70.0,8.0,0,0.0,
2025-02-03 14:07:17,"Back And Bi",36m,"Seated Row (Cable)",3,65.0,8.0,0,0.0,
2025-02-03 14:07:17,"Back And Bi",36m,"Lat Prayers",1,35.0,11.0,0,0.0,
2025-02-03 14:07:17,"Back And Bi",36m,"Lat Prayers",2,42.5,10.0,0,0.0,
2025-02-03 14:07:17,"Back And Bi",36m,"Bicep Curl (Dumbbell)",1,70.0,10.0,0,0.0,
2025-02-03 14:07:17,"Back And Bi",36m,"Bicep Curl (Dumbbell)",2,60.0,11.0,0,0.0,
2025-02-03 14:07:17,"Back And Bi",36m,"Bicep Curl (Dumbbell)",3,60.0,11.0,0,0.0,
2025-02-03 14:07:17,"Back And Bi",36m,"Hammer Curl (Dumbbell)",1,80.0,10.0,0,0.0,
2025-02-03 14:07:17,"Back And Bi",36m,"Hammer Curl (Dumbbell)",2,70.0,10.0,0,0.0,
2025-02-03 14:07:17,"Back And Bi",36m,"Hammer Curl (Dumbbell)",3,60.0,10.0,0,0.0,
2025-02-05 15:57:47,"Legs And Shoulders",6m,"Lying Leg Curl (Machine)",1,145.0,9.0,0,0.0,
2025-02-05 15:57:47,"Legs And Shoulders",6m,"Lying Leg Curl (Machine)",2,145.0,7.0,0,0.0,
2025-02-06 13:52:00,"Push",34m,"Bench Press (Barbell)",1,165.0,7.0,0,0.0,
2025-02-06 13:52:00,"Push",34m,"Bench Press (Barbell)",2,155.0,5.0,0,0.0,
2025-02-06 13:52:00,"Push",34m,"Bench Press (Barbell)",3,135.0,7.0,0,0.0,
2025-02-06 13:52:00,"Push",34m,"Incline Bench Press (Dumbbell)",1,100.0,10.0,0,0.0,
2025-02-06 13:52:00,"Push",34m,"Incline Bench Press (Dumbbell)",2,100.0,10.0,0,0.0,
2025-02-06 13:52:00,"Push",34m,"Incline Bench Press (Dumbbell)",3,100.0,10.0,0,0.0,
2025-02-06 13:52:00,"Push",34m,"Triceps Pushdown (Cable - Straight Bar)",1,57.5,7.0,0,0.0,
2025-02-06 13:52:00,"Push",34m,"Triceps Pushdown (Cable - Straight Bar)",2,60.0,5.0,0,0.0,
2025-02-06 13:52:00,"Push",34m,"Triceps Pushdown (Cable - Straight Bar)",3,50.0,9.0,0,0.0,
2025-02-07 12:43:20,"Back And Bi",25m,"Lat Pulldown (Cable)",1,130.0,8.0,0,0.0,
2025-02-07 12:43:20,"Back And Bi",25m,"Lat Pulldown (Cable)",2,110.0,8.0,0,0.0,
2025-02-07 12:43:20,"Back And Bi",25m,"Lat Pulldown (Cable)",3,110.0,9.0,0,0.0,
2025-02-07 12:43:20,"Back And Bi",25m,"Seated Row (Cable)",1,70.0,10.0,0,0.0,
2025-02-07 12:43:20,"Back And Bi",25m,"Seated Row (Cable)",2,70.0,9.0,0,0.0,
2025-02-07 12:43:20,"Back And Bi",25m,"Seated Row (Cable)",3,68.0,9.0,0,0.0,
2025-02-07 12:43:20,"Back And Bi",25m,"Bicep Curl (Barbell)",1,70.0,8.0,0,0.0,
2025-02-07 12:43:20,"Back And Bi",25m,"Bicep Curl (Barbell)",2,70.0,8.0,0,0.0,
2025-02-07 12:43:20,"Back And Bi",25m,"Bicep Curl (Barbell)",3,70.0,8.0,0,0.0,
2025-02-07 12:43:20,"Back And Bi",25m,"Hammer Curl (Dumbbell)",1,70.0,10.0,0,0.0,
2025-02-07 12:43:20,"Back And Bi",25m,"Hammer Curl (Dumbbell)",2,70.0,7.0,0,0.0,
2025-02-07 12:43:20,"Back And Bi",25m,"Hammer Curl (Dumbbell)",3,70.0,9.0,0,0.0,
2025-02-08 13:43:43,"Legs And Shoulders",49m,"Squat (Barbell)",1,175.0,5.0,0,0.0,
2025-02-08 13:43:43,"Legs And Shoulders",49m,"Squat (Barbell)",2,165.0,6.0,0,0.0,
2025-02-08 13:43:43,"Legs And Shoulders",49m,"Squat (Barbell)",3,165.0,1.0,0,0.0,
2025-02-08 13:43:43,"Legs And Shoulders",49m,"Leg Extension (Machine)",1,205.0,7.0,0,0.0,
2025-02-08 13:43:43,"Legs And Shoulders",49m,"Leg Extension (Machine)",2,190.0,7.0,0,0.0,
2025-02-08 13:43:43,"Legs And Shoulders",49m,"Leg Extension (Machine)",3,175.0,5.0,0,0.0,
2025-02-08 13:43:43,"Legs And Shoulders",49m,"Lateral Raise (Machine)",1,50.0,9.0,0,0.0,
2025-02-09 11:59:25,"Push",24m,"Bench Press (Barbell)",1,185.0,2.0,0,0.0,
2025-02-09 11:59:25,"Push",24m,"Bench Press (Barbell)",2,175.0,5.0,0,0.0,
2025-02-09 11:59:25,"Push",24m,"Bench Press (Barbell)",3,165.0,5.0,0,0.0,
2025-02-09 11:59:25,"Push",24m,"Incline Bench Press (Smith Machine)",1,90.0,8.0,0,0.0,
2025-02-09 11:59:25,"Push",24m,"Incline Bench Press (Smith Machine)",2,90.0,10.0,0,0.0,
2025-02-10 14:05:25,"Back And Bi",44m,"Lat Pulldown (Cable)",1,80.0,8.0,0,0.0,
2025-02-10 14:05:25,"Back And Bi",44m,"Lat Pulldown (Cable)",2,75.0,10.0,0,0.0,
2025-02-10 14:05:25,"Back And Bi",44m,"Lat Pulldown (Cable)",3,70.0,10.0,0,0.0,
2025-02-10 14:05:25,"Back And Bi",44m,"Seated Row (Cable)",1,75.0,9.0,0,0.0,
2025-02-10 14:05:25,"Back And Bi",44m,"Seated Row (Cable)",2,70.0,10.0,0,0.0,
2025-02-10 14:05:25,"Back And Bi",44m,"Seated Row (Cable)",3,70.0,8.0,0,0.0,
2025-02-10 14:05:25,"Back And Bi",44m,"Lat Prayers",1,57.5,8.0,0,0.0,
2025-02-10 14:05:25,"Back And Bi",44m,"Lat Prayers",2,57.5,9.0,0,0.0,
2025-02-10 14:05:25,"Back And Bi",44m,"Lat Prayers",3,50.0,9.0,0,0.0,
2025-02-10 14:05:25,"Back And Bi",44m,"Bicep Curl (Dumbbell)",1,70.0,13.0,0,0.0,
2025-02-10 14:05:25,"Back And Bi",44m,"Bicep Curl (Dumbbell)",2,70.0,10.0,0,0.0,
2025-02-10 14:05:25,"Back And Bi",44m,"Bicep Curl (Dumbbell)",3,60.0,10.0,0,0.0,
2025-02-10 14:05:25,"Back And Bi",44m,"Preacher Curl (Machine)",1,90.0,7.0,0,0.0,
2025-02-10 14:05:25,"Back And Bi",44m,"Preacher Curl (Machine)",2,80.0,7.0,0,0.0,
2025-02-10 14:05:25,"Back And Bi",44m,"Preacher Curl (Machine)",3,70.0,8.0,0,0.0,
2025-02-12 13:54:44,"Legs And Shoulders",55m,"Squat (Barbell)",1,185.0,3.0,0,0.0,
2025-02-12 13:54:44,"Legs And Shoulders",55m,"Squat (Barbell)",2,165.0,9.0,0,0.0,
2025-02-12 13:54:44,"Legs And Shoulders",55m,"Squat (Barbell)",3,155.0,4.0,0,0.0,
2025-02-12 13:54:44,"Legs And Shoulders",55m,"Seated Leg Curl (Machine)",1,170.0,10.0,0,0.0,
2025-02-12 13:54:44,"Legs And Shoulders",55m,"Seated Leg Curl (Machine)",2,165.0,8.0,0,0.0,
2025-02-12 13:54:44,"Legs And Shoulders",55m,"Seated Leg Curl (Machine)",3,155.0,6.0,0,0.0,
2025-02-12 13:54:44,"Legs And Shoulders",55m,"Leg Extension (Machine)",1,170.0,8.0,0,0.0,
2025-02-12 13:54:44,"Legs And Shoulders",55m,"Leg Extension (Machine)",2,150.0,10.0,0,0.0,
2025-02-12 13:54:44,"Legs And Shoulders",55m,"Leg Extension (Machine)",3,140.0,8.0,0,0.0,
2025-02-12 13:54:44,"Legs And Shoulders",55m,"Lateral Raise (Machine)",1,70.0,10.0,0,0.0,
2025-02-12 13:54:44,"Legs And Shoulders",55m,"Lateral Raise (Machine)",2,90.0,2.0,0,0.0,
2025-02-12 13:54:44,"Legs And Shoulders",55m,"Lateral Raise (Machine)",3,50.0,6.0,0,0.0,
2025-02-12 13:54:44,"Legs And Shoulders",55m,"Seated Overhead Press (Dumbbell)",1,110.0,4.0,0,0.0,
2025-02-12 13:54:44,"Legs And Shoulders",55m,"Seated Overhead Press (Dumbbell)",2,100.0,5.0,0,0.0,
2025-02-12 13:54:44,"Legs And Shoulders",55m,"Seated Overhead Press (Dumbbell)",3,80.0,11.0,0,0.0,
2025-02-12 13:54:44,"Legs And Shoulders",55m,"Reverse Fly (Cable)",1,10.0,8.0,0,0.0,
2025-02-12 13:54:44,"Legs And Shoulders",55m,"Reverse Fly (Cable)",2,10.0,8.0,0,0.0,
2025-02-13 13:27:09,"Push",43m,"Bench Press (Barbell)",1,175.0,5.0,0,0.0,
2025-02-13 13:27:09,"Push",43m,"Bench Press (Barbell)",2,165.0,6.0,0,0.0,
2025-02-13 13:27:09,"Push",43m,"Bench Press (Barbell)",3,155.0,5.0,0,0.0,
2025-02-13 13:27:09,"Push",43m,"Incline Bench Press (Smith Machine)",1,90.0,8.0,0,0.0,
2025-02-13 13:27:09,"Push",43m,"Incline Bench Press (Smith Machine)",2,90.0,8.0,0,0.0,
2025-02-13 13:27:09,"Push",43m,"Incline Bench Press (Smith Machine)",3,90.0,6.0,0,0.0,
2025-02-13 13:27:09,"Push",43m,"Triceps Pushdown (Cable - Straight Bar)",1,62.5,12.0,0,0.0,
2025-02-13 13:27:09,"Push",43m,"Triceps Pushdown (Cable - Straight Bar)",2,67.5,8.0,0,0.0,
2025-02-13 13:27:09,"Push",43m,"Triceps Pushdown (Cable - Straight Bar)",3,57.5,10.0,0,0.0,
2025-02-13 13:27:09,"Push",43m,"Triceps Extension (Cable)",1,35.0,10.0,0,0.0,
2025-02-13 13:27:09,"Push",43m,"Triceps Extension (Cable)",2,35.0,8.0,0,0.0,
2025-02-13 13:27:09,"Push",43m,"Chest Dip",1,0,10.0,0,0.0,
2025-02-13 13:27:09,"Push",43m,"Chest Dip",2,0,10.0,0,0.0,
2025-02-13 13:27:09,"Push",43m,"Chest Dip",3,0,10.0,0,0.0,
2025-02-13 13:27:09,"Push",43m,"Chest Fly",1,40.0,10.0,0,0.0,
2025-02-13 13:27:09,"Push",43m,"Chest Fly",2,40.0,9.0,0,0.0,
2025-02-14 15:27:17,"Back And Bi",48m,"Lat Pulldown (Cable)",1,160.0,8.0,0,0.0,
2025-02-14 15:27:17,"Back And Bi",48m,"Lat Pulldown (Cable)",2,140.0,8.0,0,0.0,
2025-02-14 15:27:17,"Back And Bi",48m,"Lat Pulldown (Cable)",3,120.0,10.0,0,0.0,
2025-02-14 15:27:17,"Back And Bi",48m,"Seated Row (Cable)",1,80.0,8.0,0,0.0,
2025-02-14 15:27:17,"Back And Bi",48m,"Seated Row (Cable)",2,70.0,8.0,0,0.0,
2025-02-14 15:27:17,"Back And Bi",48m,"Seated Row (Cable)",3,70.0,8.0,0,0.0,
2025-02-14 15:27:17,"Back And Bi",48m,"Incline Curl (Dumbbell)",1,60.0,10.0,0,0.0,
2025-02-14 15:27:17,"Back And Bi",48m,"Incline Curl (Dumbbell)",2,60.0,10.0,0,0.0,
2025-02-17 20:49:00,"Push",33m,"Incline Bench Press (Dumbbell)",1,130.0,9.0,0,0.0,
2025-02-17 20:49:00,"Push",33m,"Incline Bench Press (Dumbbell)",2,130.0,6.0,0,0.0,
2025-02-17 20:49:00,"Push",33m,"Incline Bench Press (Dumbbell)",3,120.0,9.0,0,0.0,
2025-02-17 20:49:00,"Push",33m,"Triceps Pushdown (Cable - Straight Bar)",1,72.5,8.0,0,0.0,
2025-02-17 20:49:00,"Push",33m,"Triceps Pushdown (Cable - Straight Bar)",2,65.0,7.0,0,0.0,
2025-02-17 20:49:00,"Push",33m,"Triceps Pushdown (Cable - Straight Bar)",3,55.0,16.0,0,0.0,
2025-02-17 20:49:00,"Push",33m,"Triceps Extension (Cable)",1,42.5,10.0,0,0.0,
2025-02-17 20:49:00,"Push",33m,"Triceps Extension (Cable)",2,35.0,10.0,0,0.0,
2025-02-17 20:49:00,"Push",33m,"Triceps Extension (Cable)",3,35.0,8.0,0,0.0,
2025-02-18 17:06:09,"Back And Bi",28m,"Pull Up",1,10.0,8.0,0,0.0,
2025-02-18 17:06:09,"Back And Bi",28m,"Pull Up",2,10.0,6.0,0,0.0,
2025-02-18 17:06:09,"Back And Bi",28m,"Pull Up",3,0.0,6.0,0,0.0,
2025-02-18 17:06:09,"Back And Bi",28m,"Bent Over One Arm Row (Dumbbell)",1,60.0,9.0,0,0.0,
2025-02-18 17:06:09,"Back And Bi",28m,"Bent Over One Arm Row (Dumbbell)",2,60.0,8.0,0,0.0,
2025-02-18 17:06:09,"Back And Bi",28m,"Bicep Curl (Dumbbell)",1,80.0,9.0,0,0.0,
2025-02-18 17:06:09,"Back And Bi",28m,"Bicep Curl (Dumbbell)",2,70.0,14.0,0,0.0,
2025-02-18 17:06:09,"Back And Bi",28m,"Bicep Curl (Dumbbell)",3,70.0,8.0,0,0.0,
2025-02-18 17:06:09,"Back And Bi",28m,"Preacher Curl (Machine)",1,95.0,10.0,0,0.0,
2025-02-18 17:06:09,"Back And Bi",28m,"Preacher Curl (Machine)",2,95.0,6.0,0,0.0,
2025-02-19 14:05:09,"Legs And Shoulders",35m,"Squat (Barbell)",1,185.0,2.0,0,0.0,
2025-02-19 14:05:09,"Legs And Shoulders",35m,"Squat (Barbell)",2,175.0,6.0,0,0.0,
2025-02-19 14:05:09,"Legs And Shoulders",35m,"Squat (Barbell)",3,165.0,2.0,0,0.0,
2025-02-19 14:05:09,"Legs And Shoulders",35m,"Leg Extension (Machine)",1,250.0,8.0,0,0.0,
2025-02-19 14:05:09,"Legs And Shoulders",35m,"Leg Extension (Machine)",2,235.0,8.0,0,0.0,
2025-02-19 14:05:09,"Legs And Shoulders",35m,"Leg Extension (Machine)",3,220.0,8.0,0,0.0,
2025-02-19 14:05:09,"Legs And Shoulders",35m,"Lateral Raise (Cable)",1,12.5,9.0,0,0.0,
2025-02-19 14:05:09,"Legs And Shoulders",35m,"Lateral Raise (Cable)",2,12.5,10.0,0,0.0,
2025-02-19 14:05:09,"Legs And Shoulders",35m,"Seated Overhead Press (Dumbbell)",1,110.0,4.0,0,0.0,
2025-02-19 14:05:09,"Legs And Shoulders",35m,"Seated Overhead Press (Dumbbell)",2,90.0,9.0,0,0.0,
2025-02-20 14:08:47,"Push",47m,"Bench Press (Barbell)",1,185.0,3.0,0,0.0,
2025-02-20 14:08:47,"Push",47m,"Bench Press (Barbell)",2,175.0,6.0,0,0.0,
2025-02-20 14:08:47,"Push",47m,"Bench Press (Barbell)",3,165.0,8.0,0,0.0,
2025-02-20 14:08:47,"Push",47m,"Incline Bench Press (Smith Machine)",1,90.0,11.0,0,0.0,
2025-02-20 14:08:47,"Push",47m,"Incline Bench Press (Smith Machine)",2,110.0,7.0,0,0.0,
2025-02-20 14:08:47,"Push",47m,"Incline Bench Press (Smith Machine)",3,90.0,6.0,0,0.0,
2025-02-20 14:08:47,"Push",47m,"Triceps Pushdown (Cable - Straight Bar)",1,65.0,10.0,0,0.0,
2025-02-20 14:08:47,"Push",47m,"Triceps Pushdown (Cable - Straight Bar)",2,65.0,8.0,0,0.0,
2025-02-20 14:08:47,"Push",47m,"Triceps Pushdown (Cable - Straight Bar)",3,57.5,15.0,0,0.0,
2025-02-20 14:08:47,"Push",47m,"Chest Fly",1,50.0,6.0,0,0.0,
2025-02-22 17:33:25,"Back And Bi",39m,"Lat Pulldown (Cable)",1,80.0,8.0,0,0.0,
2025-02-22 17:33:25,"Back And Bi",39m,"Lat Pulldown (Cable)",2,70.0,10.0,0,0.0,
2025-02-22 17:33:25,"Back And Bi",39m,"Lat Pulldown (Cable)",3,60.0,10.0,0,0.0,
2025-02-22 17:33:25,"Back And Bi",39m,"Seated Row (Cable)",1,85.0,6.0,0,0.0,
2025-02-22 17:33:25,"Back And Bi",39m,"Seated Row (Cable)",2,80.0,7.0,0,0.0,
2025-02-22 17:33:25,"Back And Bi",39m,"Seated Row (Cable)",3,70.0,11.0,0,0.0,
2025-02-22 17:33:25,"Back And Bi",39m,"Bicep Curl (Dumbbell)",1,80.0,9.0,0,0.0,
2025-02-22 17:33:25,"Back And Bi",39m,"Bicep Curl (Dumbbell)",2,70.0,10.0,0,0.0,
2025-02-22 17:33:25,"Back And Bi",39m,"Bicep Curl (Dumbbell)",3,70.0,10.0,0,0.0,
2025-02-22 17:33:25,"Back And Bi",39m,"Bicep Curl (Dumbbell)",4,60.0,6.0,0,0.0,
2025-02-22 17:33:25,"Back And Bi",39m,"Preacher Curl (Machine)",1,80.0,9.0,0,0.0,
2025-02-22 17:33:25,"Back And Bi",39m,"Preacher Curl (Machine)",2,80.0,9.0,0,0.0,
2025-02-22 17:33:25,"Back And Bi",39m,"Preacher Curl (Machine)",3,80.0,7.0,0,0.0,
2025-02-22 17:33:25,"Back And Bi",39m,"Lat Prayers",1,65.0,8.0,0,0.0,
2025-02-22 17:33:25,"Back And Bi",39m,"Lat Prayers",2,57.5,10.0,0,0.0,
2025-02-22 17:33:25,"Back And Bi",39m,"Lat Prayers",3,57.5,7.0,0,0.0,
2025-02-23 15:19:35,"Legs And Shoulders",22m,"Squat (Barbell)",1,175.0,8.0,0,0.0,
2025-02-23 15:19:35,"Legs And Shoulders",22m,"Squat (Barbell)",2,175.0,2.0,0,0.0,
2025-02-23 15:19:35,"Legs And Shoulders",22m,"Squat (Barbell)",3,165.0,4.0,0,0.0,
2025-02-24 14:51:18,"Push",22m,"Bench Press (Barbell)",1,185.0,4.0,0,0.0,
2025-02-24 14:51:18,"Push",22m,"Bench Press (Barbell)",2,165.0,8.0,0,0.0,
2025-02-24 14:51:18,"Push",22m,"Bench Press (Barbell)",3,155.0,10.0,0,0.0,
2025-02-24 14:51:18,"Push",22m,"Triceps Pushdown (Cable - Straight Bar)",1,62.5,8.0,0,0.0,
2025-02-24 14:51:18,"Push",22m,"Triceps Pushdown (Cable - Straight Bar)",2,57.5,10.0,0,0.0,
2025-02-24 14:51:18,"Push",22m,"Triceps Pushdown (Cable - Straight Bar)",3,52.5,10.0,0,0.0,
2025-02-24 14:51:18,"Push",22m,"Chest Dip",1,0,10.0,0,0.0,
2025-02-24 14:51:18,"Push",22m,"Chest Dip",2,0,10.0,0,0.0,
2025-02-25 14:19:42,"Back And Bi",30m,"Lat Pulldown (Single Arm)",1,72.5,10.0,0,0.0,
2025-02-25 14:19:42,"Back And Bi",30m,"Lat Pulldown (Single Arm)",2,72.5,10.0,0,0.0,
2025-02-25 14:19:42,"Back And Bi",30m,"Lat Pulldown (Single Arm)",3,72.5,8.0,0,0.0,
2025-02-25 14:19:42,"Back And Bi",30m,"Bent Over One Arm Row (Dumbbell)",1,70.0,6.0,0,0.0,
2025-02-25 14:19:42,"Back And Bi",30m,"Bent Over One Arm Row (Dumbbell)",2,70.0,8.0,0,0.0,
2025-02-25 14:19:42,"Back And Bi",30m,"Bicep Curl (Dumbbell)",1,90.0,8.0,0,0.0,
2025-02-25 14:19:42,"Back And Bi",30m,"Bicep Curl (Dumbbell)",2,70.0,12.0,0,0.0,
2025-02-25 14:19:42,"Back And Bi",30m,"Bicep Curl (Dumbbell)",3,70.0,10.0,0,0.0,
2025-02-26 13:54:00,"Legs And Shoulders",33m,"Squat (Barbell)",1,185.0,6.0,0,0.0,
2025-02-26 13:54:00,"Legs And Shoulders",33m,"Squat (Barbell)",2,175.0,7.0,0,0.0,
2025-02-26 13:54:00,"Legs And Shoulders",33m,"Squat (Barbell)",3,165.0,2.0,0,0.0,
2025-02-26 13:54:00,"Legs And Shoulders",33m,"Leg Extension (Machine)",1,170.0,7.0,0,0.0,
2025-02-26 13:54:00,"Legs And Shoulders",33m,"Leg Extension (Machine)",2,170.0,10.0,0,0.0,
2025-02-26 13:54:00,"Legs And Shoulders",33m,"Leg Extension (Machine)",3,170.0,10.0,0,0.0,
2025-02-26 13:54:00,"Legs And Shoulders",33m,"Lateral Raise (Cable)",1,20.0,6.0,0,0.0,
2025-02-26 13:54:00,"Legs And Shoulders",33m,"Lateral Raise (Cable)",2,15.0,12.0,0,0.0,
2025-02-26 13:54:00,"Legs And Shoulders",33m,"Lateral Raise (Cable)",3,15.0,12.0,0,0.0,
2025-02-27 14:40:14,"Push",29m,"Bench Press (Barbell)",1,185.0,5.0,0,0.0,
2025-02-27 14:40:14,"Push",29m,"Bench Press (Barbell)",2,165.0,8.0,0,0.0,
2025-02-27 14:40:14,"Push",29m,"Bench Press (Barbell)",3,155.0,9.0,0,0.0,
2025-02-27 14:40:14,"Push",29m,"Incline Bench Press (Dumbbell)",1,130.0,5.0,0,0.0,
2025-02-27 14:40:14,"Push",29m,"Incline Bench Press (Dumbbell)",2,120.0,7.0,0,0.0,
2025-02-27 14:40:14,"Push",29m,"Incline Bench Press (Dumbbell)",3,120.0,6.0,0,0.0,
2025-02-27 14:40:14,"Push",29m,"Triceps Pushdown (Cable - Straight Bar)",1,67.5,8.0,0,0.0,
2025-02-27 14:40:14,"Push",29m,"Triceps Pushdown (Cable - Straight Bar)",2,62.5,7.0,0,0.0,
2025-02-27 14:40:14,"Push",29m,"Triceps Pushdown (Cable - Straight Bar)",3,57.5,12.0,0,0.0,
2025-02-28 16:22:31,"Back And Bi",10m,"Pull Up",1,25.0,8.0,0,0.0,
2025-02-28 16:22:31,"Back And Bi",10m,"Pull Up",2,25.0,8.0,0,0.0,
2025-02-28 16:22:31,"Back And Bi",10m,"Pull Up",3,0,10.0,0,0.0,
2025-02-28 16:22:31,"Back And Bi",10m,"Bicep Curl (Barbell)",1,80.0,7.0,0,0.0,
2025-02-28 16:22:31,"Back And Bi",10m,"Bicep Curl (Barbell)",2,80.0,6.0,0,0.0,
2025-02-28 16:22:31,"Back And Bi",10m,"Bicep Curl (Barbell)",3,70.0,7.0,0,0.0,
2025-03-02 13:40:57,"Legs And Shoulders",20m,"Squat (Barbell)",1,185.0,3.0,0,0.0,
2025-03-02 13:40:57,"Legs And Shoulders",20m,"Leg Extension (Machine)",1,205.0,8.0,0,0.0,
2025-03-02 13:40:57,"Legs And Shoulders",20m,"Leg Extension (Machine)",2,190.0,9.0,0,0.0,
2025-03-02 13:40:57,"Legs And Shoulders",20m,"Leg Extension (Machine)",3,175.0,9.0,0,0.0,
2025-03-02 13:40:57,"Legs And Shoulders",20m,"Lateral Raise (Machine)",1,50.0,14.0,0,0.0,
2025-03-02 13:40:57,"Legs And Shoulders",20m,"Lateral Raise (Machine)",2,50.0,12.0,0,0.0,
2025-03-03 14:35:08,"Push",42m,"Bench Press (Barbell)",1,185.0,4.0,0,0.0,
2025-03-03 14:35:08,"Push",42m,"Bench Press (Barbell)",2,175.0,6.0,0,0.0,
2025-03-03 14:35:08,"Push",42m,"Bench Press (Barbell)",3,165.0,8.0,0,0.0,
2025-03-03 14:35:08,"Push",42m,"Triceps Pushdown (Cable - Straight Bar)",1,60.0,10.0,0,0.0,
2025-03-03 14:35:08,"Push",42m,"Triceps Pushdown (Cable - Straight Bar)",2,60.0,12.0,0,0.0,
2025-03-03 14:35:08,"Push",42m,"Triceps Pushdown (Cable - Straight Bar)",3,60.0,10.0,0,0.0,
2025-03-03 14:35:08,"Push",42m,"Triceps Extension (Cable)",1,50.0,8.0,0,0.0,
2025-03-03 14:35:08,"Push",42m,"Triceps Extension (Cable)",2,42.5,9.0,0,0.0,
2025-03-03 14:35:08,"Push",42m,"Triceps Extension (Cable)",3,35.0,11.0,0,0.0,
2025-03-03 14:35:08,"Push",42m,"Chest Dip",1,0,10.0,0,0.0,
2025-03-03 14:35:08,"Push",42m,"Chest Dip",2,0,10.0,0,0.0,
2025-03-03 14:35:08,"Push",42m,"Chest Fly",1,40.0,10.0,0,0.0,
2025-03-04 14:08:59,"Back And Bi",22m,"Pull Up",1,0,10.0,0,0.0,
2025-03-04 14:08:59,"Back And Bi",22m,"Pull Up",2,0,10.0,0,0.0,
2025-03-04 14:08:59,"Back And Bi",22m,"Bent Over Row (Barbell)",1,115.0,12.0,0,0.0,
2025-03-04 14:08:59,"Back And Bi",22m,"Bent Over Row (Barbell)",2,115.0,10.0,0,0.0,
2025-03-04 14:08:59,"Back And Bi",22m,"Bent Over Row (Barbell)",3,115.0,10.0,0,0.0,
2025-03-04 14:08:59,"Back And Bi",22m,"Bicep Curl (Dumbbell)",1,80.0,10.0,0,0.0,
2025-03-05 13:56:06,"Legs And Shoulders",1h 16m,"Squat (Barbell)",1,185.0,4.0,0,0.0,
2025-03-05 13:56:06,"Legs And Shoulders",1h 16m,"Squat (Barbell)",2,175.0,6.0,0,0.0,
2025-03-05 13:56:06,"Legs And Shoulders",1h 16m,"Squat (Barbell)",3,155.0,8.0,0,0.0,
2025-03-05 13:56:06,"Legs And Shoulders",1h 16m,"Lying Leg Curl (Machine)",1,160.0,8.0,0,0.0,
2025-03-05 13:56:06,"Legs And Shoulders",1h 16m,"Lying Leg Curl (Machine)",2,145.0,8.0,0,0.0,
2025-03-05 13:56:06,"Legs And Shoulders",1h 16m,"Leg Extension (Machine)",1,290.0,8.0,0,0.0,
2025-03-05 13:56:06,"Legs And Shoulders",1h 16m,"Leg Extension (Machine)",2,210.0,10.0,0,0.0,
2025-03-05 13:56:06,"Legs And Shoulders",1h 16m,"Leg Extension (Machine)",3,210.0,8.0,0,0.0,
2025-03-05 13:56:06,"Legs And Shoulders",1h 16m,"Seated Overhead Press (Dumbbell)",1,100.0,10.0,0,0.0,
2025-03-05 13:56:06,"Legs And Shoulders",1h 16m,"Seated Overhead Press (Dumbbell)",2,110.0,8.0,0,0.0,
2025-03-05 13:56:06,"Legs And Shoulders",1h 16m,"Seated Overhead Press (Dumbbell)",3,110.0,7.0,0,0.0,
2025-03-08 11:17:27,"Push",35m,"Bench Press (Barbell)",1,185.0,2.0,0,0.0,
2025-03-08 11:17:27,"Push",35m,"Bench Press (Barbell)",2,165.0,8.0,0,0.0,
2025-03-08 11:17:27,"Push",35m,"Bench Press (Barbell)",3,155.0,9.0,0,0.0,
2025-03-08 11:17:27,"Push",35m,"Incline Bench Press (Dumbbell)",1,130.0,7.0,0,0.0,
2025-03-08 11:17:27,"Push",35m,"Incline Bench Press (Dumbbell)",2,120.0,7.0,0,0.0,
2025-03-10 12:13:45,"Back And Bi",21m,"Seated Row (Cable)",1,85.0,6.0,0,0.0,
2025-03-10 12:13:45,"Back And Bi",21m,"Seated Row (Cable)",2,80.0,7.0,0,0.0,
2025-03-10 12:13:45,"Back And Bi",21m,"Seated Row (Cable)",3,70.0,11.0,0,0.0,
2025-03-11 15:49:59,"Legs And Shoulders",12m,"Squat (Barbell)",1,185.0,5.0,0,0.0,
2025-03-11 15:49:59,"Legs And Shoulders",12m,"Squat (Barbell)",2,175.0,5.0,0,0.0,
2025-03-12 12:46:14,"Push",37m,"Bench Press (Barbell)",1,185.0,4.0,0,0.0,
2025-03-12 12:46:14,"Push",37m,"Bench Press (Barbell)",2,165.0,10.0,0,0.0,
2025-03-12 12:46:14,"Push",37m,"Bench Press (Barbell)",3,165.0,5.0,0,0.0,
2025-03-12 12:46:14,"Push",37m,"Incline Bench Press (Dumbbell)",1,130.0,9.0,0,0.0,
2025-03-12 12:46:14,"Push",37m,"Incline Bench Press (Dumbbell)",2,130.0,2.0,0,0.0,
2025-03-12 12:46:14,"Push",37m,"Triceps Pushdown (Cable - Straight Bar)",1,60.0,10.0,0,0.0,
2025-03-12 12:46:14,"Push",37m,"Triceps Pushdown (Cable - Straight Bar)",2,60.0,10.0,0,0.0,
2025-03-12 12:46:14,"Push",37m,"Triceps Pushdown (Cable - Straight Bar)",3,60.0,10.0,0,0.0,
2025-03-12 12:46:14,"Push",37m,"Chest Dip",1,0,10.0,0,0.0,
2025-03-13 16:23:49,"Back And Bi",38m,"Lat Pulldown (Cable)",1,130.0,9.0,0,0.0,
2025-03-13 16:23:49,"Back And Bi",38m,"Lat Pulldown (Cable)",2,150.0,7.0,0,0.0,
2025-03-13 16:23:49,"Back And Bi",38m,"Lat Pulldown (Cable)",3,110.0,8.0,0,0.0,
2025-03-13 16:23:49,"Back And Bi",38m,"Seated Row (Cable)",1,70.0,8.0,0,0.0,
2025-03-13 16:23:49,"Back And Bi",38m,"Seated Row (Cable)",2,80.0,5.0,0,0.0,
2025-03-13 16:23:49,"Back And Bi",38m,"Bicep Curl (Dumbbell)",1,80.0,10.0,0,0.0,
2025-03-13 16:23:49,"Back And Bi",38m,"Bicep Curl (Dumbbell)",2,80.0,10.0,0,0.0,
2025-03-13 16:23:49,"Back And Bi",38m,"Bicep Curl (Dumbbell)",3,70.0,10.0,0,0.0,
2025-03-13 16:23:49,"Back And Bi",38m,"Hammer Curl (Dumbbell)",1,80.0,9.0,0,0.0,
2025-03-13 16:23:49,"Back And Bi",38m,"Hammer Curl (Dumbbell)",2,80.0,8.0,0,0.0,
2025-03-13 16:23:49,"Back And Bi",38m,"Hammer Curl (Dumbbell)",3,80.0,7.0,0,0.0,
2025-03-14 17:54:13,"Legs And Shoulders",1h 10m,"Squat (Barbell)",1,185.0,2.0,0,0.0,
2025-03-14 17:54:13,"Legs And Shoulders",1h 10m,"Squat (Barbell)",2,175.0,3.0,0,0.0,
2025-03-14 17:54:13,"Legs And Shoulders",1h 10m,"Squat (Barbell)",3,155.0,6.0,0,0.0,
2025-03-14 17:54:13,"Legs And Shoulders",1h 10m,"Seated Leg Curl (Machine)",1,170.0,11.0,0,0.0,
2025-03-14 17:54:13,"Legs And Shoulders",1h 10m,"Seated Leg Curl (Machine)",2,190.0,11.0,0,0.0,
2025-03-14 17:54:13,"Legs And Shoulders",1h 10m,"Seated Leg Curl (Machine)",3,180.0,6.0,0,0.0,
2025-03-14 17:54:13,"Legs And Shoulders",1h 10m,"Leg Extension (Machine)",1,250.0,9.0,0,0.0,
2025-03-14 17:54:13,"Legs And Shoulders",1h 10m,"Leg Extension (Machine)",2,235.0,8.0,0,0.0,
2025-03-14 17:54:13,"Legs And Shoulders",1h 10m,"Leg Extension (Machine)",3,210.0,10.0,0,0.0,
2025-03-14 17:54:13,"Legs And Shoulders",1h 10m,"Lateral Raise (Machine)",1,70.0,8.0,0,0.0,
2025-03-14 17:54:13,"Legs And Shoulders",1h 10m,"Lateral Raise (Machine)",2,60.0,8.0,0,0.0,
2025-03-14 17:54:13,"Legs And Shoulders",1h 10m,"Lateral Raise (Machine)",3,55.0,8.0,0,0.0,
2025-03-14 17:54:13,"Legs And Shoulders",1h 10m,"Shoulder Press (Machine)",1,110.0,7.0,0,0.0,
2025-03-14 17:54:13,"Legs And Shoulders",1h 10m,"Shoulder Press (Machine)",2,100.0,8.0,0,0.0,
2025-03-14 17:54:13,"Legs And Shoulders",1h 10m,"Shoulder Press (Machine)",3,90.0,8.0,0,0.0,
2025-03-14 17:54:13,"Legs And Shoulders",1h 10m,"Shoulder Press (Machine)",4,80.0,6.0,0,0.0,
2025-03-14 17:54:13,"Legs And Shoulders",1h 10m,"Face Pull (Cable)",1,50.0,10.0,0,0.0,
2025-03-14 17:54:13,"Legs And Shoulders",1h 10m,"Face Pull (Cable)",2,55.0,12.0,0,0.0,
2025-03-14 17:54:13,"Legs And Shoulders",1h 10m,"Face Pull (Cable)",3,55.0,13.0,0,0.0,
2025-03-14 17:54:13,"Legs And Shoulders",1h 10m,"Seated Calf Raise (Plate Loaded)",1,70.0,18.0,0,0.0,
2025-03-14 17:54:13,"Legs And Shoulders",1h 10m,"Seated Calf Raise (Plate Loaded)",2,90.0,10.0,0,0.0,
2025-03-15 10:43:50,"Push",1h 10m,"Bench Press (Barbell)",1,185.0,5.0,0,0.0,
2025-03-15 10:43:50,"Push",1h 10m,"Bench Press (Barbell)",2,175.0,6.0,0,0.0,
2025-03-15 10:43:50,"Push",1h 10m,"Bench Press (Barbell)",3,165.0,8.0,0,0.0,
2025-03-15 10:43:50,"Push",1h 10m,"Incline Bench Press (Smith Machine)",1,120.0,3.0,0,0.0,
2025-03-15 10:43:50,"Push",1h 10m,"Incline Bench Press (Smith Machine)",2,110.0,6.0,0,0.0,
2025-03-15 10:43:50,"Push",1h 10m,"Incline Bench Press (Smith Machine)",3,90.0,8.0,0,0.0,
2025-03-15 10:43:50,"Push",1h 10m,"Incline Bench Press (Smith Machine)",4,70.0,9.0,0,0.0,
2025-03-15 10:43:50,"Push",1h 10m,"Chest Dip",1,25.0,7.0,0,0.0,
2025-03-15 10:43:50,"Push",1h 10m,"Chest Dip",2,25.0,6.0,0,0.0,
2025-03-15 10:43:50,"Push",1h 10m,"Chest Dip",3,0,13.0,0,0.0,
2025-03-15 10:43:50,"Push",1h 10m,"Triceps Pushdown (Cable - Straight Bar)",1,57.5,8.0,0,0.0,
2025-03-15 10:43:50,"Push",1h 10m,"Triceps Pushdown (Cable - Straight Bar)",2,52.5,8.0,0,0.0,
2025-03-15 10:43:50,"Push",1h 10m,"Triceps Pushdown (Cable - Straight Bar)",3,47.5,8.0,0,0.0,
2025-03-15 10:43:50,"Push",1h 10m,"Triceps Extension (Cable)",1,42.5,5.0,0,0.0,
2025-03-15 10:43:50,"Push",1h 10m,"Triceps Extension (Cable)",2,32.5,9.0,0,0.0,
2025-03-15 10:43:50,"Push",1h 10m,"Triceps Extension (Cable)",3,27.5,8.0,0,0.0,
2025-03-15 10:43:50,"Push",1h 10m,"Chest Fly",1,100.0,10.0,0,0.0,
2025-03-15 10:43:50,"Push",1h 10m,"Chest Fly",2,115.0,7.0,0,0.0,
2025-03-15 10:43:50,"Push",1h 10m,"Chest Fly",3,100.0,8.0,0,0.0,
2025-03-16 16:47:21,"Back And Bi",1h 10m,"Lat Pulldown (Cable)",1,140.0,11.0,0,0.0,
2025-03-16 16:47:21,"Back And Bi",1h 10m,"Lat Pulldown (Cable)",2,130.0,9.0,0,0.0,
2025-03-16 16:47:21,"Back And Bi",1h 10m,"Lat Pulldown (Cable)",3,125.0,9.0,0,0.0,
2025-03-16 16:47:21,"Back And Bi",1h 10m,"Seated Row (Cable)",1,80.0,7.0,0,0.0,
2025-03-16 16:47:21,"Back And Bi",1h 10m,"Seated Row (Cable)",2,70.0,9.0,0,0.0,
2025-03-16 16:47:21,"Back And Bi",1h 10m,"Seated Row (Cable)",3,60.0,10.0,0,0.0,
2025-03-16 16:47:21,"Back And Bi",1h 10m,"Incline Curl (Dumbbell)",1,60.0,11.0,0,0.0,
2025-03-16 16:47:21,"Back And Bi",1h 10m,"Incline Curl (Dumbbell)",2,60.0,9.0,0,0.0,
2025-03-16 16:47:21,"Back And Bi",1h 10m,"Incline Curl (Dumbbell)",3,60.0,7.0,0,0.0,
2025-03-16 16:47:21,"Back And Bi",1h 10m,"Hammer Curl (Cable)",1,65.0,6.0,0,0.0,
2025-03-16 16:47:21,"Back And Bi",1h 10m,"Hammer Curl (Cable)",2,57.5,8.0,0,0.0,
2025-03-16 16:47:21,"Back And Bi",1h 10m,"Hammer Curl (Cable)",3,50.0,9.0,0,0.0,
2025-03-16 16:47:21,"Back And Bi",1h 10m,"Lat Prayers",1,60.0,7.0,0,0.0,
2025-03-16 16:47:21,"Back And Bi",1h 10m,"Lat Prayers",2,50.0,10.0,0,0.0,
2025-03-16 16:47:21,"Back And Bi",1h 10m,"Lat Prayers",3,40.0,13.0,0,0.0,
2025-03-16 16:47:21,"Back And Bi",1h 10m,"Preacher Curl (Dumbbell)",1,35.0,10.0,0,0.0,
2025-03-16 16:47:21,"Back And Bi",1h 10m,"Preacher Curl (Dumbbell)",2,35.0,7.0,0,0.0,
2025-03-16 16:47:21,"Back And Bi",1h 10m,"Preacher Curl (Dumbbell)",3,35.0,10.0,0,0.0,
2025-03-18 10:21:38,"Legs And Shoulders",45m,"Hack Squat",1,225.0,8.0,0,0.0,
2025-03-18 10:21:38,"Legs And Shoulders",45m,"Hack Squat",2,215.0,9.0,0,0.0,
2025-03-18 10:21:38,"Legs And Shoulders",45m,"Hack Squat",3,195.0,8.0,0,0.0,
2025-03-18 10:21:38,"Legs And Shoulders",45m,"Seated Leg Curl (Machine)",1,210.0,7.0,0,0.0,
2025-03-18 10:21:38,"Legs And Shoulders",45m,"Seated Leg Curl (Machine)",2,190.0,11.0,0,0.0,
2025-03-18 10:21:38,"Legs And Shoulders",45m,"Seated Leg Curl (Machine)",3,170.0,10.0,0,0.0,
2025-03-18 10:21:38,"Legs And Shoulders",45m,"Leg Extension (Machine)",1,210.0,10.0,0,0.0,
2025-03-18 10:21:38,"Legs And Shoulders",45m,"Leg Extension (Machine)",2,190.0,11.0,0,0.0,
2025-03-18 10:21:38,"Legs And Shoulders",45m,"Leg Extension (Machine)",3,170.0,13.0,0,0.0,
2025-03-18 10:21:38,"Legs And Shoulders",45m,"Lateral Raise (Machine)",1,75.0,12.0,0,0.0,
2025-03-18 10:21:38,"Legs And Shoulders",45m,"Lateral Raise (Machine)",2,70.0,13.0,0,0.0,
2025-03-19 20:45:02,"Push",48m,"Bench Press (Barbell)",1,205.0,1.0,0,0.0,
2025-03-19 20:45:02,"Push",48m,"Bench Press (Barbell)",2,175.0,8.0,0,0.0,
2025-03-19 20:45:02,"Push",48m,"Bench Press (Barbell)",3,165.0,10.0,0,0.0,
2025-03-19 20:45:02,"Push",48m,"Incline Bench Press (Smith Machine)",1,70.0,12.0,0,0.0,
2025-03-19 20:45:02,"Push",48m,"Incline Bench Press (Smith Machine)",2,70.0,8.0,0,0.0,
2025-03-19 20:45:02,"Push",48m,"Incline Bench Press (Smith Machine)",3,50.0,9.0,0,0.0,
2025-03-19 20:45:02,"Push",48m,"Chest Dip",1,25.0,12.0,0,0.0,
2025-03-19 20:45:02,"Push",48m,"Chest Dip",2,25.0,9.0,0,0.0,
2025-03-19 20:45:02,"Push",48m,"Chest Dip",3,0,13.0,0,0.0,
2025-03-19 20:45:02,"Push",48m,"Triceps Pushdown (Cable - Straight Bar)",1,57.5,9.0,0,0.0,
2025-03-19 20:45:02,"Push",48m,"Triceps Pushdown (Cable - Straight Bar)",2,52.5,12.0,0,0.0,
2025-03-19 20:45:02,"Push",48m,"Triceps Pushdown (Cable - Straight Bar)",3,50.0,7.0,0,0.0,
2025-03-19 20:45:02,"Push",48m,"Chest Fly",1,130.0,8.0,0,0.0,
2025-03-19 20:45:02,"Push",48m,"Chest Fly",2,120.0,10.0,0,0.0,
2025-03-19 20:45:02,"Push",48m,"Chest Fly",3,115.0,8.0,0,0.0,
2025-03-21 14:37:15,"Back And Bi",54m,"Lat Pulldown (Cable)",1,80.0,7.0,0,0.0,
2025-03-21 14:37:15,"Back And Bi",54m,"Lat Pulldown (Cable)",2,70.0,10.0,0,0.0,
2025-03-21 14:37:15,"Back And Bi",54m,"Lat Pulldown (Cable)",3,60.0,11.0,0,0.0,
2025-03-21 14:37:15,"Back And Bi",54m,"Seated Row (Cable)",1,80.0,8.0,0,0.0,
2025-03-21 14:37:15,"Back And Bi",54m,"Seated Row (Cable)",2,70.0,10.0,0,0.0,
2025-03-21 14:37:15,"Back And Bi",54m,"Seated Row (Cable)",3,60.0,10.0,0,0.0,
2025-03-21 14:37:15,"Back And Bi",54m,"Incline Curl (Dumbbell)",1,60.0,12.0,0,0.0,
2025-03-21 14:37:15,"Back And Bi",54m,"Incline Curl (Dumbbell)",2,60.0,10.0,0,0.0,
2025-03-21 14:37:15,"Back And Bi",54m,"Incline Curl (Dumbbell)",3,60.0,9.0,0,0.0,
2025-03-21 14:37:15,"Back And Bi",54m,"Hammer Curl (Cable)",1,67.5,6.0,0,0.0,
2025-03-21 14:37:15,"Back And Bi",54m,"Hammer Curl (Cable)",2,62.5,9.0,0,0.0,
2025-03-21 14:37:15,"Back And Bi",54m,"Hammer Curl (Cable)",3,57.5,10.0,0,0.0,
2025-03-21 14:37:15,"Back And Bi",54m,"Lat Prayers",1,62.5,9.0,0,0.0,
2025-03-21 14:37:15,"Back And Bi",54m,"Lat Prayers",2,57.5,8.0,0,0.0,
2025-03-21 14:37:15,"Back And Bi",54m,"Lat Prayers",3,52.5,11.0,0,0.0,
2025-03-23 13:39:04,"Push",29m,"Bench Press (Barbell)",1,185.0,3.0,0,0.0,
2025-03-23 13:39:04,"Push",29m,"Bench Press (Barbell)",2,165.0,9.0,0,0.0,
2025-03-23 13:39:04,"Push",29m,"Triceps Pushdown (Cable - Straight Bar)",1,57.5,11.0,0,0.0,
2025-03-23 13:39:04,"Push",29m,"Triceps Pushdown (Cable - Straight Bar)",2,57.5,10.0,0,0.0,
2025-03-23 13:39:04,"Push",29m,"Chest Dip",1,0.0,8.0,0,0.0,
2025-03-23 13:39:04,"Push",29m,"Chest Dip",2,0.0,6.0,0,0.0,
2025-03-27 08:11:26,"Legs And Shoulders",35m,"Squat (Barbell)",1,165.0,4.0,0,0.0,
2025-03-27 08:11:26,"Legs And Shoulders",35m,"Squat (Barbell)",2,155.0,4.0,0,0.0,
2025-03-27 08:11:26,"Legs And Shoulders",35m,"Lat Pulldown (Cable)",1,80.0,5.0,0,0.0,
2025-03-27 08:11:26,"Legs And Shoulders",35m,"Lat Pulldown (Cable)",2,70.0,6.0,0,0.0,
2025-03-27 08:11:26,"Legs And Shoulders",35m,"Lat Pulldown (Cable)",3,60.0,6.0,0,0.0,
2025-03-27 08:11:26,"Legs And Shoulders",35m,"Incline Curl (Dumbbell)",1,55.0,7.0,0,0.0,
2025-03-27 08:11:26,"Legs And Shoulders",35m,"Incline Curl (Dumbbell)",2,55.0,7.0,0,0.0,
2025-03-27 08:11:26,"Legs And Shoulders",35m,"Incline Curl (Dumbbell)",3,55.0,9.0,0,0.0,
2025-03-27 08:11:26,"Legs And Shoulders",35m,"Lateral Raise (Machine)",1,70.0,7.0,0,0.0,
2025-03-27 08:11:26,"Legs And Shoulders",35m,"Lateral Raise (Machine)",2,55.0,8.0,0,0.0,
2025-03-27 08:11:26,"Legs And Shoulders",35m,"Lateral Raise (Machine)",3,55.0,8.0,0,0.0,
2025-03-31 10:23:39,"Push",49m,"Bench Press (Barbell)",1,185.0,3.0,0,0.0,
2025-03-31 10:23:39,"Push",49m,"Bench Press (Barbell)",2,165.0,8.0,0,0.0,
2025-03-31 10:23:39,"Push",49m,"Bench Press (Barbell)",3,155.0,10.0,0,0.0,
2025-03-31 10:23:39,"Push",49m,"Bench Press (Barbell)",4,155.0,6.0,0,0.0,
2025-03-31 10:23:39,"Push",49m,"Incline Chest Press (Machine)",1,140.0,7.0,0,0.0,
2025-03-31 10:23:39,"Push",49m,"Incline Chest Press (Machine)",2,140.0,6.0,0,0.0,
2025-03-31 10:23:39,"Push",49m,"Incline Chest Press (Machine)",3,140.0,4.0,0,0.0,
2025-03-31 10:23:39,"Push",49m,"Chest Dip",1,0,1.0,0,0.0,
2025-03-31 10:23:39,"Push",49m,"Chest Dip",2,0,1.0,0,0.0,
2025-03-31 10:23:39,"Push",49m,"Chest Dip",3,0,1.0,0,0.0,
2025-03-31 10:23:39,"Push",49m,"Triceps Extension (Cable)",1,35.0,6.0,0,0.0,
2025-03-31 10:23:39,"Push",49m,"Triceps Extension (Cable)",2,50.0,5.0,0,0.0,
2025-03-31 10:23:39,"Push",49m,"Triceps Extension (Cable)",3,42.5,4.0,0,0.0,
2025-03-31 10:23:39,"Push",49m,"Triceps Extension (Cable)",4,42.5,4.0,0,0.0,
2025-03-31 10:23:39,"Push",49m,"Triceps Pushdown (Cable - Straight Bar)",1,110.0,8.0,0,0.0,
2025-03-31 10:23:39,"Push",49m,"Triceps Pushdown (Cable - Straight Bar)",2,100.0,7.0,0,0.0,
2025-03-31 10:23:39,"Push",49m,"Triceps Pushdown (Cable - Straight Bar)",3,100.0,8.0,0,0.0,
2025-03-31 10:23:39,"Push",49m,"Triceps Pushdown (Cable - Straight Bar)",4,90.0,6.0,0,0.0,
2025-03-31 10:23:39,"Push",49m,"Chest Fly",1,105.0,10.0,0,0.0,
2025-03-31 10:23:39,"Push",49m,"Chest Fly",2,120.0,4.0,0,0.0,
2025-03-31 10:23:39,"Push",49m,"Chest Fly",3,105.0,8.0,0,0.0,
2025-03-31 10:23:39,"Push",49m,"Chest Fly",4,105.0,6.0,0,0.0,
2025-04-01 17:18:49,"Back And Bi",46m,"Lat Pulldown (Cable)",1,140.0,9.0,0,0.0,
2025-04-01 17:18:49,"Back And Bi",46m,"Lat Pulldown (Cable)",2,120.0,12.0,0,0.0,
2025-04-01 17:18:49,"Back And Bi",46m,"Lat Pulldown (Cable)",3,120.0,9.0,0,0.0,
2025-04-01 17:18:49,"Back And Bi",46m,"Seated Row (Cable)",1,120.0,9.0,0,0.0,
2025-04-01 17:18:49,"Back And Bi",46m,"Seated Row (Cable)",2,110.0,9.0,0,0.0,
2025-04-01 17:18:49,"Back And Bi",46m,"Seated Row (Cable)",3,100.0,10.0,0,0.0,
2025-04-01 17:18:49,"Back And Bi",46m,"Hammer Curl (Dumbbell)",1,70.0,9.0,0,0.0,
2025-04-01 17:18:49,"Back And Bi",46m,"Hammer Curl (Dumbbell)",2,70.0,7.0,0,0.0,
2025-04-01 17:18:49,"Back And Bi",46m,"Hammer Curl (Dumbbell)",3,60.0,7.0,0,0.0,
2025-04-01 17:18:49,"Back And Bi",46m,"Incline Curl (Dumbbell)",1,50.0,8.0,0,0.0,
2025-04-01 17:18:49,"Back And Bi",46m,"Incline Curl (Dumbbell)",2,50.0,7.0,0,0.0,
2025-04-01 17:18:49,"Back And Bi",46m,"Incline Curl (Dumbbell)",3,50.0,9.0,0,0.0,
2025-04-01 17:18:49,"Back And Bi",46m,"Lateral Raise (Machine)",1,70.0,8.0,0,0.0,
2025-04-01 17:18:49,"Back And Bi",46m,"Lateral Raise (Machine)",2,60.0,10.0,0,0.0,
2025-04-01 17:18:49,"Back And Bi",46m,"Lateral Raise (Machine)",3,60.0,8.0,0,0.0,
2025-04-01 17:18:49,"Back And Bi",46m,"Shoulder Press (Machine)",1,100.0,7.0,0,0.0,
2025-04-01 17:18:49,"Back And Bi",46m,"Shoulder Press (Machine)",2,90.0,8.0,0,0.0,
2025-04-01 17:18:49,"Back And Bi",46m,"Shoulder Press (Machine)",3,80.0,7.0,0,0.0,
2025-04-01 17:18:49,"Back And Bi",46m,"Face Pull (Cable)",1,50.0,5.0,0,0.0,
2025-04-01 17:18:49,"Back And Bi",46m,"Face Pull (Cable)",2,42.5,5.0,0,0.0,
2025-04-02 17:38:46,"Legs And Shoulders",35m,"Hack Squat",1,185.0,12.0,0,0.0,
2025-04-02 17:38:46,"Legs And Shoulders",35m,"Hack Squat",2,185.0,12.0,0,0.0,
2025-04-02 17:38:46,"Legs And Shoulders",35m,"Hack Squat",3,185.0,9.0,0,0.0,
2025-04-02 17:38:46,"Legs And Shoulders",35m,"Leg Extension (Machine)",1,140.0,9.0,0,0.0,
2025-04-02 17:38:46,"Legs And Shoulders",35m,"Leg Extension (Machine)",2,140.0,10.0,0,0.0,
2025-04-02 17:38:46,"Legs And Shoulders",35m,"Leg Extension (Machine)",3,140.0,9.0,0,0.0,
2025-04-02 17:38:46,"Legs And Shoulders",35m,"Seated Leg Curl (Machine)",1,100.0,10.0,0,0.0,
2025-04-02 17:38:46,"Legs And Shoulders",35m,"Seated Leg Curl (Machine)",2,100.0,8.0,0,0.0,
2025-04-02 17:38:46,"Legs And Shoulders",35m,"Seated Leg Curl (Machine)",3,90.0,7.0,0,0.0,
2025-04-02 17:38:46,"Legs And Shoulders",35m,"Hanging Leg Raise",1,0,9.0,0,0.0,
2025-04-02 17:38:46,"Legs And Shoulders",35m,"Hanging Leg Raise",2,0,8.0,0,0.0,
2025-04-02 17:38:46,"Legs And Shoulders",35m,"Hanging Leg Raise",3,0,7.0,0,0.0,
2025-04-02 17:38:46,"Legs And Shoulders",35m,"Seated Calf Raise (Plate Loaded)",1,100.0,7.0,0,0.0,
2025-04-02 17:38:46,"Legs And Shoulders",35m,"Seated Calf Raise (Plate Loaded)",2,100.0,7.0,0,0.0,
2025-04-04 19:12:58,"Push",48m,"Bench Press (Barbell)",1,185.0,5.0,0,0.0,
2025-04-04 19:12:58,"Push",48m,"Bench Press (Barbell)",2,165.0,8.0,0,0.0,
2025-04-04 19:12:58,"Push",48m,"Bench Press (Barbell)",3,165.0,4.0,0,0.0,
2025-04-04 19:12:58,"Push",48m,"Bench Press (Barbell)",4,155.0,6.0,0,0.0,
2025-04-04 19:12:58,"Push",48m,"Incline Bench Press (Smith Machine)",1,110.0,7.0,0,0.0,
2025-04-04 19:12:58,"Push",48m,"Incline Bench Press (Smith Machine)",2,90.0,7.0,0,0.0,
2025-04-04 19:12:58,"Push",48m,"Incline Bench Press (Smith Machine)",3,90.0,8.0,0,0.0,
2025-04-04 19:12:58,"Push",48m,"Chest Fly",1,105.0,9.0,0,0.0,
2025-04-04 19:12:58,"Push",48m,"Chest Fly",2,105.0,8.0,0,0.0,
2025-04-04 19:12:58,"Push",48m,"Chest Fly",3,105.0,7.0,0,0.0,
2025-04-04 19:12:58,"Push",48m,"Chest Fly",4,90.0,9.0,0,0.0,
2025-04-04 19:12:58,"Push",48m,"Triceps Pushdown (Cable - Straight Bar)",1,65.0,9.0,0,0.0,
2025-04-04 19:12:58,"Push",48m,"Triceps Pushdown (Cable - Straight Bar)",2,57.5,9.0,0,0.0,
2025-04-04 19:12:58,"Push",48m,"Triceps Pushdown (Cable - Straight Bar)",3,50.0,7.0,0,0.0,
2025-04-04 19:12:58,"Push",48m,"Triceps Pushdown (Cable - Straight Bar)",4,42.5,6.0,0,0.0,
2025-04-04 19:12:58,"Push",48m,"Triceps Pushdown (Cable - Straight Bar)",1,20.0,7.0,0,0.0,
2025-04-04 19:12:58,"Push",48m,"Triceps Pushdown (Cable - Straight Bar)",2,20.0,7.0,0,0.0,
2025-04-04 19:12:58,"Push",48m,"Triceps Pushdown (Cable - Straight Bar)",3,20.0,5.0,0,0.0,
2025-04-06 15:07:39,"Legs And Shoulders",16m,"Squat (Barbell)",1,185.0,3.0,0,0.0,
2025-04-06 15:07:39,"Legs And Shoulders",16m,"Squat (Barbell)",2,165.0,7.0,0,0.0,
2025-04-06 15:07:39,"Legs And Shoulders",16m,"Seated Leg Curl (Machine)",1,100.0,10.0,0,0.0,
2025-04-06 15:07:39,"Legs And Shoulders",16m,"Seated Leg Curl (Machine)",2,100.0,10.0,0,0.0,
2025-04-06 15:24:10,"Back, Bi, + Shoulders",5m,"Lat Pulldown (Cable)",1,140.0,7.0,0,0.0,
2025-04-06 15:24:10,"Back, Bi, + Shoulders",5m,"Lateral Raise (Machine)",1,70.0,8.0,0,0.0,
2025-04-06 15:24:10,"Back, Bi, + Shoulders",5m,"Lateral Raise (Machine)",2,70.0,8.0,0,0.0,
2025-04-07 21:28:19,"Push",32m,"Bench Press (Barbell)",1,185.0,4.0,0,0.0,
2025-04-07 21:28:19,"Push",32m,"Bench Press (Barbell)",2,165.0,9.0,0,0.0,
2025-04-07 21:28:19,"Push",32m,"Bench Press (Barbell)",3,155.0,9.0,0,0.0,
2025-04-07 21:28:19,"Push",32m,"Triceps Pushdown (Cable - Straight Bar)",1,65.0,10.0,0,0.0,
2025-04-07 21:28:19,"Push",32m,"Triceps Pushdown (Cable - Straight Bar)",2,57.5,10.0,0,0.0,
2025-04-07 21:28:19,"Push",32m,"Triceps Dip",1,0.0,10.0,0,0.0,
2025-04-07 21:28:19,"Push",32m,"Triceps Dip",2,0.0,10.0,0,0.0,
2025-04-08 17:47:06,"Bi + Shoulders",52m,"Incline Curl (Dumbbell)",1,60.0,9.0,0,0.0,
2025-04-08 17:47:06,"Bi + Shoulders",52m,"Incline Curl (Dumbbell)",2,60.0,7.0,0,0.0,
2025-04-08 17:47:06,"Bi + Shoulders",52m,"Incline Curl (Dumbbell)",3,60.0,6.0,0,0.0,
2025-04-08 17:47:06,"Bi + Shoulders",52m,"Hack Squat",1,225.0,1.0,0,0.0,
2025-04-08 17:47:06,"Bi + Shoulders",52m,"Hack Squat",2,185.0,3.0,0,0.0,
2025-04-08 17:47:06,"Bi + Shoulders",52m,"Lateral Raise (Machine)",1,70.0,10.0,0,0.0,
2025-04-08 17:47:06,"Bi + Shoulders",52m,"Lateral Raise (Machine)",2,70.0,10.0,0,0.0,
2025-04-08 17:47:06,"Bi + Shoulders",52m,"Lateral Raise (Machine)",3,70.0,9.0,0,0.0,
2025-04-08 17:47:06,"Bi + Shoulders",52m,"Shoulder Press (Machine)",1,100.0,9.0,0,0.0,
2025-04-08 17:47:06,"Bi + Shoulders",52m,"Shoulder Press (Machine)",2,90.0,9.0,0,0.0,
2025-04-08 17:47:06,"Bi + Shoulders",52m,"Shoulder Press (Machine)",3,90.0,9.0,0,0.0,
2025-04-08 17:47:06,"Bi + Shoulders",52m,"Face Pull (Cable)",1,50.0,10.0,0,0.0,
2025-04-08 17:47:06,"Bi + Shoulders",52m,"Face Pull (Cable)",2,50.0,9.0,0,0.0,
2025-04-08 17:47:06,"Bi + Shoulders",52m,"Hammer Curl (Dumbbell)",1,70.0,10.0,0,0.0,
2025-04-08 17:47:06,"Bi + Shoulders",52m,"Hammer Curl (Dumbbell)",2,70.0,8.0,0,0.0,
2025-04-11 17:23:09,"Legs And Shoulders",28m,"Hack Squat",1,185.0,10.0,0,0.0,
2025-04-11 17:23:09,"Legs And Shoulders",28m,"Hack Squat",2,185.0,8.0,0,0.0,
2025-04-11 17:23:09,"Legs And Shoulders",28m,"Hack Squat",3,175.0,6.0,0,0.0,
2025-04-11 17:23:09,"Legs And Shoulders",28m,"Leg Extension (Machine)",1,150.0,10.0,0,0.0,
2025-04-11 17:23:09,"Legs And Shoulders",28m,"Leg Extension (Machine)",2,170.0,9.0,0,0.0,
2025-04-11 17:23:09,"Legs And Shoulders",28m,"Leg Extension (Machine)",3,155.0,8.0,0,0.0,
2025-04-11 17:23:09,"Legs And Shoulders",28m,"Seated Leg Curl (Machine)",1,180.0,6.0,0,0.0,
2025-04-11 17:23:09,"Legs And Shoulders",28m,"Seated Leg Curl (Machine)",2,160.0,10.0,0,0.0,
2025-04-11 17:23:09,"Legs And Shoulders",28m,"Seated Leg Curl (Machine)",3,140.0,9.0,0,0.0,
2025-04-11 17:23:09,"Legs And Shoulders",28m,"Hanging Leg Raise",1,0,8.0,0,0.0,
2025-04-12 19:10:26,"Back + Bi",39m,"Lat Pulldown (Cable)",1,140.0,10.0,0,0.0,
2025-04-12 19:10:26,"Back + Bi",39m,"Lat Pulldown (Cable)",2,140.0,7.0,0,0.0,
2025-04-12 19:10:26,"Back + Bi",39m,"Lat Pulldown (Cable)",3,120.0,9.0,0,0.0,
2025-04-12 19:10:26,"Back + Bi",39m,"Lat Pulldown (Cable)",4,100.0,12.0,0,0.0,
2025-04-12 19:10:26,"Back + Bi",39m,"Seated Row (Cable)",1,80.0,8.0,0,0.0,
2025-04-12 19:10:26,"Back + Bi",39m,"Seated Row (Cable)",2,70.0,8.0,0,0.0,
2025-04-12 19:10:26,"Back + Bi",39m,"Seated Row (Cable)",3,60.0,8.0,0,0.0,
2025-04-12 19:10:26,"Back + Bi",39m,"Bicep Curl (Barbell)",1,70.0,10.0,0,0.0,
2025-04-12 19:10:26,"Back + Bi",39m,"Bicep Curl (Barbell)",2,70.0,8.0,0,0.0,
2025-04-12 19:10:26,"Back + Bi",39m,"Bicep Curl (Barbell)",3,70.0,7.0,0,0.0,
2025-04-12 19:10:26,"Back + Bi",39m,"Preacher Curl (Barbell)",1,20.0,10.0,0,0.0,
2025-04-12 19:10:26,"Back + Bi",39m,"Preacher Curl (Barbell)",2,40.0,5.0,0,0.0,
2025-04-12 19:10:26,"Back + Bi",39m,"Preacher Curl (Barbell)",3,20.0,10.0,0,0.0,
2025-04-14 16:58:38,"Push",50m,"Bench Press (Barbell)",1,205.0,1.0,0,0.0,
2025-04-14 16:58:38,"Push",50m,"Bench Press (Barbell)",2,185.0,5.0,0,0.0,
2025-04-14 16:58:38,"Push",50m,"Bench Press (Barbell)",3,155.0,12.0,0,0.0,
2025-04-14 16:58:38,"Push",50m,"Bench Press (Barbell)",4,155.0,9.0,0,0.0,
2025-04-14 16:58:38,"Push",50m,"Incline Chest Press (Machine)",1,150.0,11.0,0,0.0,
2025-04-14 16:58:38,"Push",50m,"Incline Chest Press (Machine)",2,135.0,9.0,0,0.0,
2025-04-14 16:58:38,"Push",50m,"Incline Chest Press (Machine)",3,120.0,13.0,0,0.0,
2025-04-14 16:58:38,"Push",50m,"Triceps Pushdown (Cable - Straight Bar)",1,130.0,6.0,0,0.0,
2025-04-14 16:58:38,"Push",50m,"Triceps Pushdown (Cable - Straight Bar)",2,120.0,8.0,0,0.0,
2025-04-14 16:58:38,"Push",50m,"Triceps Pushdown (Cable - Straight Bar)",3,110.0,10.0,0,0.0,
2025-04-14 16:58:38,"Push",50m,"Triceps Dip",1,0,10.0,0,0.0,
2025-04-14 16:58:38,"Push",50m,"Triceps Dip",2,0,10.0,0,0.0,
2025-04-14 16:58:38,"Push",50m,"Triceps Dip",3,0,6.0,0,0.0,
2025-04-14 16:58:38,"Push",50m,"Chest Fly",1,120.0,14.0,0,0.0,
2025-04-14 16:58:38,"Push",50m,"Chest Fly",2,120.0,10.0,0,0.0,
2025-04-14 16:58:38,"Push",50m,"Chest Fly",3,120.0,9.0,0,0.0,
2025-04-16 17:23:38,"Back + Bi",48m,"Lat Pulldown (Cable)",1,150.0,7.0,0,0.0,
2025-04-16 17:23:38,"Back + Bi",48m,"Lat Pulldown (Cable)",2,140.0,8.0,0,0.0,
2025-04-16 17:23:38,"Back + Bi",48m,"Lat Pulldown (Cable)",3,130.0,5.0,0,0.0,
2025-04-16 17:23:38,"Back + Bi",48m,"Lat Pulldown (Cable)",4,110.0,8.0,0,0.0,
2025-04-16 17:23:38,"Back + Bi",48m,"Seated Row (Cable)",1,90.0,12.0,0,0.0,
2025-04-16 17:23:38,"Back + Bi",48m,"Seated Row (Cable)",2,140.0,8.0,0,0.0,
2025-04-16 17:23:38,"Back + Bi",48m,"Seated Row (Cable)",3,130.0,8.0,0,0.0,
2025-04-16 17:23:38,"Back + Bi",48m,"Incline Curl (Dumbbell)",1,70.0,6.0,0,0.0,
2025-04-16 17:23:38,"Back + Bi",48m,"Incline Curl (Dumbbell)",2,60.0,7.0,0,0.0,
2025-04-16 17:23:38,"Back + Bi",48m,"Incline Curl (Dumbbell)",3,60.0,8.0,0,0.0,
2025-04-16 17:23:38,"Back + Bi",48m,"Hammer Curl (Cable)",1,65.0,5.0,0,0.0,
2025-04-16 17:23:38,"Back + Bi",48m,"Hammer Curl (Cable)",2,50.0,9.0,0,0.0,
2025-04-16 17:23:38,"Back + Bi",48m,"Hammer Curl (Cable)",3,42.5,9.0,0,0.0,
2025-04-16 17:23:38,"Back + Bi",48m,"Chin Up",1,0,8.0,0,0.0,
2025-04-16 17:23:38,"Back + Bi",48m,"Chin Up",2,0,6.0,0,0.0,
2025-04-18 19:50:01,"Legs And Shoulders",1h 3m,"Squat (Barbell)",1,185.0,5.0,0,0.0,
2025-04-18 19:50:01,"Legs And Shoulders",1h 3m,"Squat (Barbell)",2,165.0,8.0,0,0.0,
2025-04-18 19:50:01,"Legs And Shoulders",1h 3m,"Squat (Barbell)",3,165.0,4.0,0,0.0,
2025-04-18 19:50:01,"Legs And Shoulders",1h 3m,"Leg Extension (Machine)",1,180.0,12.0,0,0.0,
2025-04-18 19:50:01,"Legs And Shoulders",1h 3m,"Leg Extension (Machine)",2,190.0,9.0,0,0.0,
2025-04-18 19:50:01,"Legs And Shoulders",1h 3m,"Leg Extension (Machine)",3,170.0,9.0,0,0.0,
2025-04-18 19:50:01,"Legs And Shoulders",1h 3m,"Lateral Raise (Machine)",1,80.0,7.0,0,0.0,
2025-04-18 19:50:01,"Legs And Shoulders",1h 3m,"Lateral Raise (Machine)",2,70.0,10.0,0,0.0,
2025-04-18 19:50:01,"Legs And Shoulders",1h 3m,"Lateral Raise (Machine)",3,60.0,14.0,0,0.0,
2025-04-18 19:50:01,"Legs And Shoulders",1h 3m,"Shoulder Press (Plate Loaded)",1,90.0,16.0,0,0.0,
2025-04-22 19:53:14,"Push",1h 3m,"Bench Press (Barbell)",1,185.0,6.0,0,0.0,
2025-04-22 19:53:14,"Push",1h 3m,"Bench Press (Barbell)",2,205.0,1.0,0,0.0,
2025-04-22 19:53:14,"Push",1h 3m,"Bench Press (Barbell)",3,155.0,9.0,0,0.0,
2025-04-22 19:53:14,"Push",1h 3m,"Incline Bench Press (Smith Machine)",1,140.0,2.0,0,0.0,
2025-04-22 19:53:14,"Push",1h 3m,"Incline Bench Press (Smith Machine)",2,110.0,10.0,0,0.0,
2025-04-22 19:53:14,"Push",1h 3m,"Incline Bench Press (Smith Machine)",3,90.0,15.0,0,0.0,
2025-04-22 19:53:14,"Push",1h 3m,"Chest Fly",1,120.0,14.0,0,0.0,
2025-04-22 19:53:14,"Push",1h 3m,"Chest Fly",2,120.0,10.0,0,0.0,
2025-04-22 19:53:14,"Push",1h 3m,"Chest Fly",3,120.0,9.0,0,0.0,
2025-04-27 10:21:14,"Back + Bi",30m,"Lat Pulldown (Cable)",1,150.0,7.0,0,0.0,
2025-04-27 10:21:14,"Back + Bi",30m,"Lat Pulldown (Cable)",2,140.0,8.0,0,0.0,
2025-04-27 10:21:14,"Back + Bi",30m,"Lat Pulldown (Cable)",3,130.0,8.0,0,0.0,
2025-04-27 10:21:14,"Back + Bi",30m,"Incline Curl (Dumbbell)",1,70.0,7.0,0,0.0,
2025-04-27 10:21:14,"Back + Bi",30m,"Incline Curl (Dumbbell)",2,60.0,7.0,0,0.0,
2025-04-27 10:21:14,"Back + Bi",30m,"Incline Curl (Dumbbell)",3,60.0,8.0,0,0.0,
2025-04-29 18:12:44,"Legs And Shoulders",13m,"Hack Squat",1,185.0,8.0,0,0.0,
2025-04-29 18:12:44,"Legs And Shoulders",13m,"Hack Squat",2,165.0,6.0,0,0.0,
2025-04-29 18:12:44,"Legs And Shoulders",13m,"Hack Squat",3,165.0,9.0,0,0.0,
2025-04-29 18:12:44,"Legs And Shoulders",13m,"Lateral Raise (Machine)",1,80.0,10.0,0,0.0,
2025-04-29 18:12:44,"Legs And Shoulders",13m,"Lateral Raise (Machine)",2,80.0,8.0,0,0.0,
2025-04-29 18:12:44,"Legs And Shoulders",13m,"Lateral Raise (Machine)",3,80.0,8.0,0,0.0,
2025-04-30 17:12:48,"Push",10m,"Bench Press (Barbell)",1,205.0,1.0,0,0.0,
2025-04-30 17:12:48,"Push",10m,"Bench Press (Barbell)",2,185.0,2.0,0,0.0,
2025-04-30 17:12:48,"Push",10m,"Triceps Pushdown (Cable - Straight Bar)",1,130.0,6.0,0,0.0,
2025-04-30 17:12:48,"Push",10m,"Triceps Pushdown (Cable - Straight Bar)",2,120.0,8.0,0,0.0,
2025-05-02 13:08:24,"Back + Bi",42m,"Lat Pulldown (Cable)",1,90.0,5.0,0,0.0,
2025-05-02 13:08:24,"Back + Bi",42m,"Lat Pulldown (Cable)",2,70.0,10.0,0,0.0,
2025-05-02 13:08:24,"Back + Bi",42m,"Lat Pulldown (Cable)",3,60.0,10.0,0,0.0,
2025-05-02 13:08:24,"Back + Bi",42m,"Seated Row (Machine)",1,150.0,8.0,0,0.0,
2025-05-02 13:08:24,"Back + Bi",42m,"Seated Row (Machine)",2,130.0,10.0,0,0.0,
2025-05-02 13:08:24,"Back + Bi",42m,"Seated Row (Machine)",3,110.0,8.0,0,0.0,
2025-05-02 13:08:24,"Back + Bi",42m,"Bicep Curl (Barbell)",1,80.0,10.0,0,0.0,
2025-05-02 13:08:24,"Back + Bi",42m,"Bicep Curl (Barbell)",2,80.0,9.0,0,0.0,
2025-05-02 13:08:24,"Back + Bi",42m,"Bicep Curl (Barbell)",3,80.0,5.0,0,0.0,
2025-05-02 13:08:24,"Back + Bi",42m,"Preacher Curl (Machine)",1,80.0,8.0,0,0.0,
2025-05-02 13:08:24,"Back + Bi",42m,"Preacher Curl (Machine)",2,70.0,8.0,0,0.0,
2025-05-02 13:08:24,"Back + Bi",42m,"Preacher Curl (Machine)",3,70.0,8.0,0,0.0,
2025-05-02 13:08:24,"Back + Bi",42m,"Lat Prayers",1,57.5,8.0,0,0.0,
2025-05-02 13:08:24,"Back + Bi",42m,"Lat Prayers",2,57.5,6.0,0,0.0,
2025-05-06 16:52:55,"Back + Bi",29m,"Lat Pulldown (Cable)",1,80.0,8.0,0,0.0,
2025-05-06 16:52:55,"Back + Bi",29m,"Lat Pulldown (Cable)",2,70.0,9.0,0,0.0,
2025-05-06 16:52:55,"Back + Bi",29m,"Lat Pulldown (Cable)",3,70.0,8.0,0,0.0,
2025-05-08 17:03:42,"Push",18m,"Bench Press (Barbell)",1,185.0,4.0,0,0.0,
2025-05-08 17:03:42,"Push",18m,"Bench Press (Barbell)",2,165.0,7.0,0,0.0,
2025-05-08 17:03:42,"Push",18m,"Bench Press (Barbell)",3,165.0,9.0,0,0.0,
2025-05-08 17:03:42,"Push",18m,"Bench Press (Barbell)",4,185.0,2.0,0,0.0,
2025-05-08 17:03:42,"Push",18m,"Triceps Pushdown (Cable - Straight Bar)",1,70.0,8.0,0,0.0,
2025-05-08 17:03:42,"Push",18m,"Triceps Pushdown (Cable - Straight Bar)",2,60.0,8.0,0,0.0,
2025-05-08 17:03:42,"Push",18m,"Triceps Pushdown (Cable - Straight Bar)",3,60.0,8.0,0,0.0,
2025-05-12 16:20:58,"Push",52m,"Bench Press (Barbell)",1,185.0,5.0,0,0.0,
2025-05-12 16:20:58,"Push",52m,"Bench Press (Barbell)",2,165.0,10.0,0,0.0,
2025-05-12 16:20:58,"Push",52m,"Bench Press (Barbell)",3,165.0,4.0,0,0.0,
2025-05-12 16:20:58,"Push",52m,"Incline Bench Press (Smith Machine)",1,110.0,5.0,0,0.0,
2025-05-12 16:20:58,"Push",52m,"Incline Bench Press (Smith Machine)",2,90.0,9.0,0,0.0,
2025-05-12 16:20:58,"Push",52m,"Incline Bench Press (Smith Machine)",3,90.0,8.0,0,0.0,
2025-05-12 16:20:58,"Push",52m,"Chest Fly",1,130.0,9.0,0,0.0,
2025-05-12 16:20:58,"Push",52m,"Chest Fly",2,130.0,7.0,0,0.0,
2025-05-12 16:20:58,"Push",52m,"Chest Fly",3,130.0,9.0,0,0.0,
2025-05-12 16:20:58,"Push",52m,"Chest Fly",4,115.0,9.0,0,0.0,
2025-05-12 16:20:58,"Push",52m,"Triceps Pushdown (Cable - Straight Bar)",1,65.0,7.0,0,0.0,
2025-05-12 16:20:58,"Push",52m,"Triceps Pushdown (Cable - Straight Bar)",2,55.0,8.0,0,0.0,
2025-05-12 16:20:58,"Push",52m,"Triceps Pushdown (Cable - Straight Bar)",3,45.0,9.0,0,0.0,
2025-05-12 16:20:58,"Push",52m,"Triceps Pushdown (Cable - Straight Bar)",4,52.5,8.0,0,0.0,
2025-05-12 16:20:58,"Push",52m,"Triceps Pushdown (Cable - Straight Bar)",5,47.5,8.0,0,0.0,
2025-05-12 16:20:58,"Push",52m,"Triceps Pushdown (Cable - Straight Bar)",6,37.5,5.0,0,0.0,
2025-05-13 17:56:29,"Back + Bi",43m,"Lat Pulldown (Cable)",1,80.0,8.0,0,0.0,
2025-05-13 17:56:29,"Back + Bi",43m,"Lat Pulldown (Cable)",2,70.0,9.0,0,0.0,
2025-05-13 17:56:29,"Back + Bi",43m,"Lat Pulldown (Cable)",3,70.0,10.0,0,0.0,
2025-05-13 17:56:29,"Back + Bi",43m,"Seated Row (Cable)",1,80.0,8.0,0,0.0,
2025-05-13 17:56:29,"Back + Bi",43m,"Seated Row (Cable)",2,75.0,8.0,0,0.0,
2025-05-13 17:56:29,"Back + Bi",43m,"Seated Row (Cable)",3,70.0,8.0,0,0.0,
2025-05-13 17:56:29,"Back + Bi",43m,"Bicep Curl (Barbell)",1,80.0,8.0,0,0.0,
2025-05-13 17:56:29,"Back + Bi",43m,"Bicep Curl (Barbell)",2,70.0,10.0,0,0.0,
2025-05-13 17:56:29,"Back + Bi",43m,"Bicep Curl (Barbell)",3,70.0,9.0,0,0.0,
2025-05-13 17:56:29,"Back + Bi",43m,"Bicep Curl (Cable)",1,57.5,8.0,0,0.0,
2025-05-13 17:56:29,"Back + Bi",43m,"Bicep Curl (Cable)",2,50.0,9.0,0,0.0,
2025-05-13 17:56:29,"Back + Bi",43m,"Bicep Curl (Cable)",3,35.0,4.0,0,0.0,
2025-05-15 16:46:45,"Legs And Shoulders",3m,"Squat (Barbell)",1,185.0,1.0,0,0.0,
2025-05-16 19:49:29,"Legs And Shoulders",32m,"Romanian Deadlift (Barbell)",1,205.0,8.0,0,0.0,
2025-05-16 19:49:29,"Legs And Shoulders",32m,"Leg Extension (Machine)",1,250.0,5.0,0,0.0,
2025-05-16 19:49:29,"Legs And Shoulders",32m,"Leg Extension (Machine)",2,220.0,6.0,0,0.0,
2025-05-16 19:49:29,"Legs And Shoulders",32m,"Leg Extension (Machine)",3,200.0,5.0,0,0.0,
2025-05-16 19:49:29,"Legs And Shoulders",32m,"Seated Leg Curl (Machine)",1,190.0,7.0,0,0.0,
2025-05-16 19:49:29,"Legs And Shoulders",32m,"Seated Leg Curl (Machine)",2,180.0,8.0,0,0.0,
2025-05-16 19:49:29,"Legs And Shoulders",32m,"Seated Leg Curl (Machine)",3,170.0,7.0,0,0.0,
2025-05-16 19:49:29,"Legs And Shoulders",32m,"Hanging Leg Raise",1,0,5.0,0,0.0,
2025-05-16 19:49:29,"Legs And Shoulders",32m,"Lateral Raise (Machine)",1,50.0,15.0,0,0.0,
2025-05-16 19:49:29,"Legs And Shoulders",32m,"Lateral Raise (Machine)",2,50.0,9.0,0,0.0,
2025-05-16 19:49:29,"Legs And Shoulders",32m,"Lateral Raise (Machine)",3,50.0,10.0,0,0.0,
2025-05-16 19:49:29,"Legs And Shoulders",32m,"Shoulder Press (Machine)",1,90.0,10.0,0,0.0,
2025-05-16 19:49:29,"Legs And Shoulders",32m,"Shoulder Press (Machine)",2,90.0,7.0,0,0.0,
2025-05-18 16:53:33,"Push",54m,"Bench Press (Barbell)",1,205.0,1.0,0,0.0,
2025-05-18 16:53:33,"Push",54m,"Bench Press (Barbell)",2,185.0,5.0,0,0.0,
2025-05-18 16:53:33,"Push",54m,"Bench Press (Barbell)",3,165.0,7.0,0,0.0,
2025-05-18 16:53:33,"Push",54m,"Bench Press (Barbell)",4,155.0,9.0,0,0.0,
2025-05-18 16:53:33,"Push",54m,"Incline Bench Press (Dumbbell)",1,100.0,7.0,0,0.0,
2025-05-18 16:53:33,"Push",54m,"Incline Bench Press (Smith Machine)",1,90.0,10.0,0,0.0,
2025-05-18 16:53:33,"Push",54m,"Incline Bench Press (Smith Machine)",2,90.0,7.0,0,0.0,
2025-05-18 16:53:33,"Push",54m,"Triceps Pushdown (Cable - Straight Bar)",1,67.5,10.0,0,0.0,
2025-05-18 16:53:33,"Push",54m,"Triceps Pushdown (Cable - Straight Bar)",2,62.5,10.0,0,0.0,
2025-05-18 16:53:33,"Push",54m,"Triceps Pushdown (Cable - Straight Bar)",3,52.5,10.0,0,0.0,
2025-05-18 16:53:33,"Push",54m,"Triceps Dip",1,55.12,10.0,0,0.0,
2025-05-18 16:53:33,"Push",54m,"Triceps Dip",2,0.0,7.0,0,0.0,
2025-05-18 16:53:33,"Push",54m,"Triceps Dip",3,0.0,6.0,0,0.0,
2025-05-19 16:34:57,"Back + Bi",8m,"Lat Pulldown (Cable)",1,140.0,10.0,0,0.0,
2025-05-19 16:34:57,"Back + Bi",8m,"Lat Pulldown (Cable)",2,140.0,7.0,0,0.0,
2025-05-19 16:34:57,"Back + Bi",8m,"Lat Pulldown (Cable)",3,120.0,9.0,0,0.0,
2025-05-19 16:34:57,"Back + Bi",8m,"Seated Row (Cable)",1,80.0,8.0,0,0.0,
2025-05-19 16:34:57,"Back + Bi",8m,"Seated Row (Cable)",2,70.0,8.0,0,0.0,
2025-05-19 16:34:57,"Back + Bi",8m,"Seated Row (Cable)",3,60.0,8.0,0,0.0,
2025-05-19 16:34:57,"Back + Bi",8m,"Bicep Curl (Dumbbell)",1,80.0,8.0,0,0.0,
2025-05-19 16:34:57,"Back + Bi",8m,"Bicep Curl (Dumbbell)",2,70.0,8.0,0,0.0,
2025-05-19 16:34:57,"Back + Bi",8m,"Bicep Curl (Dumbbell)",3,70.0,6.0,0,0.0,
2025-05-19 16:34:57,"Back + Bi",8m,"Preacher Curl (Barbell)",1,20.0,10.0,0,0.0,
2025-05-19 16:34:57,"Back + Bi",8m,"Preacher Curl (Barbell)",2,40.0,5.0,0,0.0,
2025-05-19 16:34:57,"Back + Bi",8m,"Preacher Curl (Barbell)",3,20.0,10.0,0,0.0,
2025-05-20 16:59:16,"Legs And Shoulders",36m,"Seated Leg Curl (Machine)",1,190.0,7.0,0,0.0,
2025-05-20 16:59:16,"Legs And Shoulders",36m,"Seated Overhead Press (Dumbbell)",1,120.0,8.0,0,0.0,
2025-05-20 16:59:16,"Legs And Shoulders",36m,"Seated Overhead Press (Dumbbell)",2,120.0,6.0,0,0.0,
2025-05-20 16:59:16,"Legs And Shoulders",36m,"Seated Overhead Press (Dumbbell)",3,120.0,5.0,0,0.0,
2025-05-22 13:02:06,"Push",41m,"Incline Bench Press (Barbell)",1,135.0,10.0,0,0.0,
2025-05-22 13:02:06,"Push",41m,"Incline Bench Press (Barbell)",2,155.0,2.0,0,0.0,
2025-05-22 13:02:06,"Push",41m,"Triceps Pushdown (Cable - Straight Bar)",1,72.5,8.0,0,0.0,
2025-05-22 13:02:06,"Push",41m,"Triceps Pushdown (Cable - Straight Bar)",2,65.0,11.0,0,0.0,
2025-05-22 13:02:06,"Push",41m,"Triceps Dip",1,0.0,8.0,0,0.0,
2025-05-22 13:02:06,"Push",41m,"Triceps Dip",2,0.0,7.0,0,0.0,
2025-05-25 20:21:11,"Back + Bi",27m,"Pull Up",1,10.0,7.0,0,0.0,
2025-05-25 20:21:11,"Back + Bi",27m,"Pull Up",2,10.0,6.0,0,0.0,
2025-05-25 20:21:11,"Back + Bi",27m,"Pull Up",3,0.0,6.0,0,0.0,
2025-05-25 20:21:11,"Back + Bi",27m,"Bent Over Row - Underhand (Barbell)",1,155.0,7.0,0,0.0,
2025-05-25 20:21:11,"Back + Bi",27m,"Bent Over Row - Underhand (Barbell)",2,135.0,9.0,0,0.0,
2025-05-25 20:21:11,"Back + Bi",27m,"Bent Over Row - Underhand (Barbell)",3,115.0,7.0,0,0.0,
2025-05-25 20:21:11,"Back + Bi",27m,"Preacher Curl (Machine)",1,80.0,8.0,0,0.0,
2025-05-25 20:21:11,"Back + Bi",27m,"Preacher Curl (Machine)",2,75.0,8.0,0,0.0,
2025-05-25 20:21:11,"Back + Bi",27m,"Preacher Curl (Machine)",3,70.0,8.0,0,0.0,
2025-05-25 20:21:11,"Back + Bi",27m,"Incline Curl (Dumbbell)",1,60.0,9.0,0,0.0,
2025-05-25 20:21:11,"Back + Bi",27m,"Incline Curl (Dumbbell)",2,60.0,8.0,0,0.0,
2025-05-27 16:19:26,"Legs And Shoulders",25m,"Squat (Barbell)",1,185.0,2.0,0,0.0,
2025-05-27 16:19:26,"Legs And Shoulders",25m,"Squat (Barbell)",2,165.0,5.0,0,0.0,
2025-05-27 16:19:26,"Legs And Shoulders",25m,"Seated Leg Curl (Machine)",1,210.0,4.0,0,0.0,
2025-05-27 16:19:26,"Legs And Shoulders",25m,"Seated Leg Curl (Machine)",2,190.0,5.0,0,0.0,
2025-05-27 16:19:26,"Legs And Shoulders",25m,"Seated Leg Curl (Machine)",3,170.0,6.0,0,0.0,
2025-06-10 15:37:07,"Push",30m,"Bench Press (Barbell)",1,185.0,2.0,0,0.0,
2025-06-10 15:37:07,"Push",30m,"Bench Press (Barbell)",2,165.0,7.0,0,0.0,
2025-06-10 15:37:07,"Push",30m,"Lat Pulldown (Cable)",1,60.0,10.0,0,0.0,
2025-06-10 15:37:07,"Push",30m,"Lat Pulldown (Cable)",2,60.0,10.0,0,0.0,
2025-06-10 15:37:07,"Push",30m,"Triceps Dip",1,0.0,10.0,0,0.0,
2025-06-10 15:37:07,"Push",30m,"Triceps Dip",2,0.0,7.0,0,0.0,
2025-06-14 13:56:54,"Push",54m,"Bench Press (Barbell)",1,165.0,6.0,0,0.0,
2025-06-14 13:56:54,"Push",54m,"Bench Press (Barbell)",2,155.0,6.0,0,0.0,
2025-06-14 13:56:54,"Push",54m,"Bench Press (Barbell)",3,135.0,11.0,0,0.0,
2025-06-14 13:56:54,"Push",54m,"Incline Bench Press (Dumbbell)",1,100.0,9.0,0,0.0,
2025-06-14 13:56:54,"Push",54m,"Incline Bench Press (Dumbbell)",2,100.0,6.0,0,0.0,
2025-06-14 13:56:54,"Push",54m,"Incline Bench Press (Dumbbell)",3,100.0,6.0,0,0.0,
2025-06-14 13:56:54,"Push",54m,"Triceps Pushdown (Cable - Straight Bar)",1,65.0,7.0,0,0.0,
2025-06-14 13:56:54,"Push",54m,"Triceps Pushdown (Cable - Straight Bar)",2,57.5,8.0,0,0.0,
2025-06-14 13:56:54,"Push",54m,"Triceps Pushdown (Cable - Straight Bar)",3,50.0,8.0,0,0.0,
2025-06-14 13:56:54,"Push",54m,"Triceps Extension (Cable)",1,42.5,8.0,0,0.0,
2025-06-14 13:56:54,"Push",54m,"Triceps Extension (Cable)",2,35.0,6.0,0,0.0,
2025-06-14 13:56:54,"Push",54m,"Triceps Extension (Cable)",3,30.0,7.0,0,0.0,
2025-06-14 13:56:54,"Push",54m,"Triceps Dip",1,10.0,5.0,0,0.0,
2025-06-14 13:56:54,"Push",54m,"Triceps Dip",2,0.0,2.0,0,0.0,
2025-06-14 13:56:54,"Push",54m,"Triceps Dip",3,0.0,2.0,0,0.0,
2025-06-14 13:56:54,"Push",54m,"Lateral Raise (Dumbbell)",1,25.0,11.0,0,0.0,
2025-06-14 13:56:54,"Push",54m,"Lateral Raise (Dumbbell)",2,25.0,10.0,0,0.0,
2025-06-14 13:56:54,"Push",54m,"Lateral Raise (Dumbbell)",3,25.0,7.0,0,0.0,
2025-06-14 13:56:54,"Push",54m,"Seated Overhead Press (Dumbbell)",1,80.0,8.0,0,0.0,
2025-06-14 13:56:54,"Push",54m,"Seated Overhead Press (Dumbbell)",2,80.0,8.0,0,0.0,
2025-06-14 13:56:54,"Push",54m,"Seated Overhead Press (Dumbbell)",3,80.0,8.0,0,0.0,
2025-06-14 13:56:54,"Push",54m,"Face Pull (Cable)",1,50.0,10.0,0,0.0,
2025-06-14 13:56:54,"Push",54m,"Face Pull (Cable)",2,50.0,8.0,0,0.0,
2025-06-14 13:56:54,"Push",54m,"Face Pull (Cable)",3,50.0,7.0,0,0.0,
2025-06-18 23:58:42,"Back + Bi",12m,"Lat Pulldown (Single Arm)",1,65.0,5.0,0,0.0,
2025-06-18 23:58:42,"Back + Bi",12m,"Lat Pulldown (Single Arm)",2,55.0,8.0,0,0.0,
2025-06-18 23:58:42,"Back + Bi",12m,"Pull Up",1,0.0,6.0,0,0.0,
2025-06-18 23:58:42,"Back + Bi",12m,"Pull Up",2,0.0,4.0,0,0.0,
2025-06-18 23:58:42,"Back + Bi",12m,"Bicep Curl (Barbell)",1,70.0,8.0,0,0.0,
2025-06-18 23:58:42,"Back + Bi",12m,"Bicep Curl (Barbell)",2,70.0,8.0,0,0.0,
2025-06-21 16:43:14,"Evening Workout",37m,"Bicep Curl (Dumbbell)",1,80.0,5.0,0,0.0,
2025-06-21 16:43:14,"Evening Workout",37m,"Bicep Curl (Dumbbell)",2,70.0,11.0,0,0.0,
2025-06-21 16:43:14,"Evening Workout",37m,"Bicep Curl (Dumbbell)",3,70.0,9.0,0,0.0,
2025-06-21 16:43:14,"Evening Workout",37m,"Bent Over Row (Dumbbell)",1,70.0,10.0,0,0.0,
2025-06-21 16:43:14,"Evening Workout",37m,"Bent Over Row (Dumbbell)",2,70.0,10.0,0,0.0,
2025-06-22 12:03:49,"Legs",19m,"Hack Squat",1,185.0,6.0,0,0.0,
2025-06-22 12:03:49,"Legs",19m,"Hack Squat",2,145.0,5.0,0,0.0,
2025-06-22 12:03:49,"Legs",19m,"Hack Squat",3,145.0,3.0,0,0.0,
2025-06-22 12:03:49,"Legs",19m,"Leg Extension (Machine)",1,205.0,5.0,0,0.0,
2025-06-22 12:03:49,"Legs",19m,"Leg Extension (Machine)",2,160.0,5.0,0,0.0,
2025-06-22 12:03:49,"Legs",19m,"Leg Extension (Machine)",3,130.0,5.0,0,0.0,
2025-06-22 12:03:49,"Legs",19m,"Lying Leg Curl (Machine)",1,80.0,8.0,0,0.0,
2025-06-22 12:03:49,"Legs",19m,"Lying Leg Curl (Machine)",2,95.0,9.0,0,0.0,
2025-06-23 04:22:06,"Push",26m,"Bench Press (Barbell)",1,165.0,7.0,0,0.0,
2025-06-23 04:22:06,"Push",26m,"Bench Press (Barbell)",2,155.0,4.0,0,0.0,
2025-06-23 04:22:06,"Push",26m,"Bench Press (Barbell)",3,135.0,9.0,0,0.0,
2025-06-23 04:22:06,"Push",26m,"Incline Bench Press (Smith Machine)",1,70.0,9.0,0,0.0,
2025-06-23 04:22:06,"Push",26m,"Incline Bench Press (Smith Machine)",2,70.0,7.0,0,0.0,
2025-06-23 04:22:06,"Push",26m,"Triceps Pushdown (Cable - Straight Bar)",1,57.5,6.0,0,0.0,
2025-06-23 04:22:06,"Push",26m,"Triceps Pushdown (Cable - Straight Bar)",2,42.5,8.0,0,0.0,
2025-06-23 04:22:06,"Push",26m,"Triceps Pushdown (Cable - Straight Bar)",3,35.0,10.0,0,0.0,
2025-06-23 04:22:06,"Push",26m,"Triceps Dip",1,10.0,5.0,0,0.0,
2025-06-23 04:22:06,"Push",26m,"Triceps Dip",2,0.0,5.0,0,0.0,
2025-06-24 13:50:18,"Back + Bi",1h 5m,"Lat Pulldown (Cable)",1,100.0,12.0,0,0.0,
2025-06-24 13:50:18,"Back + Bi",1h 5m,"Lat Pulldown (Cable)",2,90.0,12.0,0,0.0,
2025-06-24 13:50:18,"Back + Bi",1h 5m,"Lat Pulldown (Cable)",3,90.0,9.0,0,0.0,
2025-06-24 13:50:18,"Back + Bi",1h 5m,"Seated Row (Cable)",1,80.0,5.0,0,0.0,
2025-06-24 13:50:18,"Back + Bi",1h 5m,"Seated Row (Cable)",2,65.0,8.0,0,0.0,
2025-06-24 13:50:18,"Back + Bi",1h 5m,"Seated Row (Cable)",3,60.0,8.0,0,0.0,
2025-06-24 13:50:18,"Back + Bi",1h 5m,"Incline Curl (Dumbbell)",1,55.0,10.0,0,0.0,
2025-06-24 13:50:18,"Back + Bi",1h 5m,"Incline Curl (Dumbbell)",2,55.0,9.0,0,0.0,
2025-06-24 13:50:18,"Back + Bi",1h 5m,"Incline Curl (Dumbbell)",3,55.0,8.0,0,0.0,
2025-06-24 13:50:18,"Back + Bi",1h 5m,"Bicep Curl (Barbell)",1,75.0,7.0,0,0.0,
2025-06-24 13:50:18,"Back + Bi",1h 5m,"Bicep Curl (Barbell)",2,75.0,5.0,0,0.0,
2025-06-24 13:50:18,"Back + Bi",1h 5m,"Bicep Curl (Barbell)",3,75.0,4.0,0,0.0,
2025-06-25 14:46:43,"Legs",38m,"Deadlift (Barbell)",1,135.0,10.0,0,0.0,
2025-06-25 14:46:43,"Legs",38m,"Deadlift (Barbell)",2,185.0,5.0,0,0.0,
2025-06-25 14:46:43,"Legs",38m,"Deadlift (Barbell)",3,185.0,4.0,0,0.0,
2025-06-25 14:46:43,"Legs",38m,"Seated Leg Curl (Machine)",1,75.0,7.0,0,0.0,
2025-06-25 14:46:43,"Legs",38m,"Seated Leg Curl (Machine)",2,75.0,7.0,0,0.0,
2025-06-25 14:46:43,"Legs",38m,"Seated Leg Curl (Machine)",3,75.0,7.0,0,0.0,
2025-06-25 14:46:43,"Legs",38m,"Seated Leg Curl (Machine)",1,108.0,7.0,0,0.0,
2025-06-25 14:46:43,"Legs",38m,"Seated Leg Curl (Machine)",2,98.0,7.0,0,0.0,
2025-06-25 14:46:43,"Legs",38m,"Seated Leg Curl (Machine)",3,88.0,6.0,0,0.0,
2025-06-25 14:46:43,"Legs",38m,"Seated Calf Raise (Plate Loaded)",1,45.0,8.0,0,0.0,
2025-06-25 14:46:43,"Legs",38m,"Seated Calf Raise (Plate Loaded)",2,45.0,7.0,0,0.0,
2025-06-25 14:46:43,"Legs",38m,"Seated Calf Raise (Plate Loaded)",3,45.0,5.0,0,0.0,
2025-06-28 12:58:23,"Push",21m,"Incline Bench Press (Dumbbell)",1,110.0,12.0,0,0.0,
2025-06-28 12:58:23,"Push",21m,"Incline Bench Press (Dumbbell)",2,100.0,7.0,0,0.0,
2025-06-28 12:58:23,"Push",21m,"Incline Bench Press (Dumbbell)",3,100.0,8.0,0,0.0,
2025-06-28 12:58:23,"Push",21m,"Bench Press (Barbell)",1,165.0,8.0,0,0.0,
2025-06-28 12:58:23,"Push",21m,"Triceps Pushdown (Cable - Straight Bar)",1,57.5,8.0,0,0.0,
2025-06-28 12:58:23,"Push",21m,"Triceps Pushdown (Cable - Straight Bar)",2,50.0,9.0,0,0.0,
2025-06-28 12:58:23,"Push",21m,"Triceps Pushdown (Cable - Straight Bar)",3,42.5,9.0,0,0.0,
2025-06-28 12:58:23,"Push",21m,"Triceps Extension (Cable)",1,42.5,8.0,0,0.0,
2025-06-28 12:58:23,"Push",21m,"Triceps Extension (Cable)",2,35.0,6.0,0,0.0,
2025-06-28 12:58:23,"Push",21m,"Triceps Extension (Cable)",3,30.0,7.0,0,0.0,
2025-06-28 12:58:23,"Push",21m,"Triceps Dip",1,10.0,5.0,0,0.0,
2025-06-28 12:58:23,"Push",21m,"Triceps Dip",2,0.0,2.0,0,0.0,
2025-06-28 12:58:23,"Push",21m,"Triceps Dip",3,0.0,2.0,0,0.0,
2025-07-01 17:08:11,"Legs",42m,"Squat (Barbell)",1,165.0,8.0,0,0.0,
2025-07-01 17:08:11,"Legs",42m,"Squat (Barbell)",2,155.0,10.0,0,0.0,
2025-07-01 17:08:11,"Legs",42m,"Squat (Barbell)",3,145.0,7.0,0,0.0,
2025-07-01 17:08:11,"Legs",42m,"Seated Leg Curl (Machine)",1,110.0,7.0,0,0.0,
2025-07-01 17:08:11,"Legs",42m,"Standing Calf Raise (Machine)",1,130.0,6.0,0,0.0,
2025-07-01 17:08:11,"Legs",42m,"Standing Calf Raise (Machine)",2,110.0,8.0,0,0.0,
2025-07-01 17:08:11,"Legs",42m,"Standing Calf Raise (Machine)",3,90.0,5.0,0,0.0,
2025-07-01 17:08:11,"Legs",42m,"Leg Extension (Machine)",1,80.0,6.0,0,0.0,
2025-07-01 17:08:11,"Legs",42m,"Leg Extension (Machine)",2,90.0,6.0,0,0.0,
2025-07-01 17:08:11,"Legs",42m,"Leg Extension (Machine)",3,80.0,6.0,0,0.0,
2025-07-02 16:26:18,"Back + Bi",45m,"Lat Pulldown (Cable)",1,100.0,12.0,0,0.0,
2025-07-02 16:26:18,"Back + Bi",45m,"Lat Pulldown (Cable)",2,90.0,12.0,0,0.0,
2025-07-02 16:26:18,"Back + Bi",45m,"Lat Pulldown (Cable)",3,90.0,9.0,0,0.0,
2025-07-02 16:26:18,"Back + Bi",45m,"Incline Row T Bar",1,45.0,10.0,0,0.0,
2025-07-02 16:26:18,"Back + Bi",45m,"Incline Row T Bar",2,45.0,9.0,0,0.0,
2025-07-02 16:26:18,"Back + Bi",45m,"Incline Row T Bar",3,70.0,5.0,0,0.0,
2025-07-02 16:26:18,"Back + Bi",45m,"Preacher Curl (Machine)",1,90.0,6.0,0,0.0,
2025-07-02 16:26:18,"Back + Bi",45m,"Preacher Curl (Machine)",2,70.0,9.0,0,0.0,
2025-07-02 16:26:18,"Back + Bi",45m,"Preacher Curl (Machine)",3,55.0,7.0,0,0.0,
2025-07-02 16:26:18,"Back + Bi",45m,"Hammer Curl (Dumbbell)",1,70.0,8.0,0,0.0,
2025-07-02 16:26:18,"Back + Bi",45m,"Hammer Curl (Dumbbell)",2,60.0,9.0,0,0.0,
2025-07-02 16:26:18,"Back + Bi",45m,"Hammer Curl (Dumbbell)",3,60.0,7.0,0,0.0,
2025-07-02 16:26:18,"Back + Bi",45m,"Bicep Curl (Barbell)",1,55.0,10.0,0,0.0,
2025-07-02 16:26:18,"Back + Bi",45m,"Bicep Curl (Barbell)",2,55.0,6.0,0,0.0,
2025-07-02 16:26:18,"Back + Bi",45m,"Bicep Curl (Barbell)",3,55.0,5.0,0,0.0,
2025-07-04 10:51:13,"Push",39m,"Bench Press (Barbell)",1,165.0,5.0,0,0.0,
2025-07-04 10:51:13,"Push",39m,"Bench Press (Barbell)",2,155.0,8.0,0,0.0,
2025-07-04 10:51:13,"Push",39m,"Bench Press (Barbell)",3,145.0,7.0,0,0.0,
2025-07-04 10:51:13,"Push",39m,"Incline Bench Press (Smith Machine)",1,90.0,5.0,0,0.0,
2025-07-04 10:51:13,"Push",39m,"Incline Bench Press (Smith Machine)",2,70.0,7.0,0,0.0,
2025-07-04 10:51:13,"Push",39m,"Incline Bench Press (Smith Machine)",3,70.0,10.0,0,0.0,
2025-07-04 10:51:13,"Push",39m,"Lateral Raise (Machine)",1,55.0,10.0,0,0.0,
2025-07-04 10:51:13,"Push",39m,"Lateral Raise (Machine)",2,45.0,11.0,0,0.0,
2025-07-04 10:51:13,"Push",39m,"Lateral Raise (Machine)",3,40.0,17.0,0,0.0,
2025-07-04 10:51:13,"Push",39m,"Triceps Pushdown (Cable - Straight Bar)",1,57.5,9.0,0,0.0,
2025-07-04 10:51:13,"Push",39m,"Triceps Pushdown (Cable - Straight Bar)",2,55.0,9.0,0,0.0,
2025-07-04 10:51:13,"Push",39m,"Triceps Pushdown (Cable - Straight Bar)",3,50.0,7.0,0,0.0,
2025-07-04 10:51:13,"Push",39m,"Shoulder Press (Machine)",1,80.0,5.0,0,0.0,
2025-07-04 10:51:13,"Push",39m,"Shoulder Press (Machine)",2,60.0,4.0,0,0.0,
2025-07-05 13:11:57,"Legs",27m,"Hack Squat",1,175.0,8.0,0,0.0,
2025-07-05 13:11:57,"Legs",27m,"Hack Squat",2,165.0,7.0,0,0.0,
2025-07-05 13:11:57,"Legs",27m,"Hack Squat",3,155.0,7.0,0,0.0,
2025-07-05 13:11:57,"Legs",27m,"Romanian Deadlift (Barbell)",1,185.0,7.0,0,0.0,
2025-07-05 13:11:57,"Legs",27m,"Romanian Deadlift (Barbell)",2,185.0,3.0,0,0.0,
2025-07-05 13:11:57,"Legs",27m,"Seated Leg Curl (Machine)",1,120.0,3.0,0,0.0,
2025-07-05 13:11:57,"Legs",27m,"Seated Leg Curl (Machine)",2,110.0,6.0,0,0.0,
2025-07-05 13:11:57,"Legs",27m,"Seated Leg Curl (Machine)",3,100.0,6.0,0,0.0,
2025-07-05 13:11:57,"Legs",27m,"Standing Calf Raise (Machine)",1,120.0,7.0,0,0.0,
2025-07-05 13:11:57,"Legs",27m,"Standing Calf Raise (Machine)",2,110.0,9.0,0,0.0,
2025-07-05 13:11:57,"Legs",27m,"Leg Extension (Machine)",1,100.0,6.0,0,0.0,
2025-07-05 13:11:57,"Legs",27m,"Leg Extension (Machine)",2,90.0,4.0,0,0.0,
2025-07-05 13:11:57,"Legs",27m,"Leg Extension (Machine)",3,80.0,4.0,0,0.0,
2025-07-06 12:25:06,"Back + Bi",20m,"Bicep Curl (Dumbbell)",1,80.0,6.0,0,0.0,
2025-07-06 12:25:06,"Back + Bi",20m,"Bicep Curl (Dumbbell)",2,70.0,12.0,0,0.0,
2025-07-06 12:25:06,"Back + Bi",20m,"Bicep Curl (Dumbbell)",3,70.0,10.0,0,0.0,
2025-07-06 12:25:06,"Back + Bi",20m,"Hammer Curl (Dumbbell)",1,70.0,10.0,0,0.0,
2025-07-06 12:25:06,"Back + Bi",20m,"Hammer Curl (Dumbbell)",2,70.0,9.0,0,0.0,
2025-07-06 12:25:06,"Back + Bi",20m,"Hammer Curl (Dumbbell)",3,70.0,8.0,0,0.0,
2025-07-09 04:29:32,"Push",33m,"Incline Bench Press (Smith Machine)",1,90.0,10.0,0,0.0,
2025-07-09 04:29:32,"Push",33m,"Incline Bench Press (Smith Machine)",2,90.0,5.0,0,0.0,
2025-07-09 04:29:32,"Push",33m,"Incline Bench Press (Smith Machine)",3,70.0,8.0,0,0.0,
2025-07-09 04:29:32,"Push",33m,"Bench Press (Barbell)",1,165.0,3.0,0,0.0,
2025-07-09 04:29:32,"Push",33m,"Bench Press (Barbell)",2,145.0,8.0,0,0.0,
2025-07-09 04:29:32,"Push",33m,"Bench Press (Barbell)",3,135.0,11.0,0,0.0,
2025-07-09 04:29:32,"Push",33m,"Triceps Pushdown (Cable - Straight Bar)",1,65.0,6.0,0,0.0,
2025-07-09 04:29:32,"Push",33m,"Triceps Pushdown (Cable - Straight Bar)",2,57.5,7.0,0,0.0,
2025-07-09 04:29:32,"Push",33m,"Triceps Pushdown (Cable - Straight Bar)",3,50.0,10.0,0,0.0,
2025-07-09 04:29:32,"Push",33m,"Lateral Raise (Dumbbell)",1,30.0,10.0,0,0.0,
2025-07-09 04:29:32,"Push",33m,"Lateral Raise (Dumbbell)",2,40.0,10.0,0,0.0,
2025-07-09 04:29:32,"Push",33m,"Lateral Raise (Dumbbell)",3,40.0,6.0,0,0.0,
2025-07-11 04:46:18,"Back + Bi",5m,"Bicep Curl (Dumbbell)",1,70.0,12.0,0,0.0,
2025-07-11 04:46:18,"Back + Bi",5m,"Bicep Curl (Dumbbell)",2,70.0,9.0,0,0.0,
2025-07-11 04:46:18,"Back + Bi",5m,"Bent Over One Arm Row (Dumbbell)",1,80.0,10.0,0,0.0,
2025-07-11 14:45:19,"Back + Bi",19m,"Lat Pulldown (Cable)",1,80.0,7.0,0,0.0,
2025-07-11 14:45:19,"Back + Bi",19m,"Lat Pulldown (Cable)",2,65.0,10.0,0,0.0,
2025-07-11 14:45:19,"Back + Bi",19m,"Lat Pulldown (Cable)",3,60.0,9.0,0,0.0,
2025-07-11 14:45:19,"Back + Bi",19m,"Incline Row T Bar",1,55.0,10.0,0,0.0,
2025-07-11 14:45:19,"Back + Bi",19m,"Incline Row T Bar",2,55.0,6.0,0,0.0,
2025-07-11 14:45:19,"Back + Bi",19m,"Incline Row T Bar",3,55.0,5.0,0,0.0,
2025-07-11 14:45:19,"Back + Bi",19m,"Incline Curl (Dumbbell)",1,60.0,8.0,0,0.0,
2025-07-11 14:45:19,"Back + Bi",19m,"Incline Curl (Dumbbell)",2,60.0,10.0,0,0.0,
2025-07-11 14:45:19,"Back + Bi",19m,"Hammer Curl (Dumbbell)",1,70.0,8.0,0,0.0,
2025-07-11 14:45:19,"Back + Bi",19m,"Hammer Curl (Dumbbell)",2,70.0,6.0,0,0.0,
2025-07-13 11:18:02,"Legs",24m,"Leg Extension (Machine)",1,110.0,9.0,0,0.0,
2025-07-13 11:18:02,"Legs",24m,"Leg Extension (Machine)",2,110.0,8.0,0,0.0,
2025-07-13 11:18:02,"Legs",24m,"Leg Extension (Machine)",3,100.0,8.0,0,0.0,
2025-07-13 11:18:02,"Legs",24m,"Seated Leg Curl (Machine)",1,110.0,8.0,0,0.0,
2025-07-13 11:18:02,"Legs",24m,"Seated Leg Curl (Machine)",2,100.0,6.0,0,0.0,
2025-07-13 11:18:02,"Legs",24m,"Seated Leg Curl (Machine)",3,90.0,10.0,0,0.0,
2025-07-14 04:42:09,"Push",20m,"Bench Press (Barbell)",1,175.0,3.0,0,0.0,
2025-07-14 04:42:09,"Push",20m,"Bench Press (Barbell)",2,165.0,6.0,0,0.0,
2025-07-14 04:42:09,"Push",20m,"Bench Press (Barbell)",3,145.0,12.0,0,0.0,
2025-07-14 04:42:09,"Push",20m,"Triceps Pushdown (Cable - Straight Bar)",1,65.0,6.0,0,0.0,
2025-07-14 04:42:09,"Push",20m,"Triceps Pushdown (Cable - Straight Bar)",2,57.5,8.0,0,0.0,
2025-07-14 04:42:09,"Push",20m,"Triceps Pushdown (Cable - Straight Bar)",3,55.0,7.0,0,0.0,
2025-07-14 04:42:09,"Push",20m,"Lateral Raise (Machine)",1,70.0,7.0,0,0.0,
2025-07-14 04:42:09,"Push",20m,"Lateral Raise (Machine)",2,65.0,8.0,0,0.0,
2025-07-14 04:42:09,"Push",20m,"Lateral Raise (Machine)",3,55.0,8.0,0,0.0,
2025-07-15 04:25:56,"Back + Bi",27m,"Lat Pulldown (Cable)",1,70.0,7.0,0,0.0,
2025-07-15 04:25:56,"Back + Bi",27m,"Lat Pulldown (Cable)",2,60.0,10.0,0,0.0,
2025-07-15 04:25:56,"Back + Bi",27m,"Lat Pulldown (Cable)",3,60.0,12.0,0,0.0,
2025-07-15 04:25:56,"Back + Bi",27m,"Incline Row T Bar",1,80.0,5.0,0,0.0,
2025-07-15 04:25:56,"Back + Bi",27m,"Incline Row T Bar",2,55.0,10.0,0,0.0,
2025-07-15 04:25:56,"Back + Bi",27m,"Incline Row T Bar",3,45.0,10.0,0,0.0,
2025-07-15 04:25:56,"Back + Bi",27m,"Incline Curl (Dumbbell)",1,70.0,5.0,0,0.0,
2025-07-15 04:25:56,"Back + Bi",27m,"Incline Curl (Dumbbell)",2,60.0,7.0,0,0.0,
2025-07-15 04:25:56,"Back + Bi",27m,"Incline Curl (Dumbbell)",3,60.0,8.0,0,0.0,
2025-07-15 04:25:56,"Back + Bi",27m,"Hammer Curl (Dumbbell)",1,80.0,3.0,0,0.0,
2025-07-15 04:25:56,"Back + Bi",27m,"Hammer Curl (Dumbbell)",2,70.0,6.0,0,0.0,
2025-07-15 04:25:56,"Back + Bi",27m,"Hammer Curl (Dumbbell)",3,70.0,6.0,0,0.0,
2025-07-17 16:43:13,"Legs",17m,"Squat (Barbell)",1,175.0,6.0,0,0.0,
2025-07-17 16:43:13,"Legs",17m,"Squat (Barbell)",2,165.0,5.0,0,0.0,
2025-07-17 16:43:13,"Legs",17m,"Romanian Deadlift (Barbell)",1,165.0,10.0,0,0.0,
2025-07-17 16:43:13,"Legs",17m,"Romanian Deadlift (Barbell)",2,165.0,6.0,0,0.0,
2025-07-17 16:43:13,"Legs",17m,"Standing Calf Raise (Machine)",1,130.0,9.0,0,0.0,
2025-07-17 16:43:13,"Legs",17m,"Standing Calf Raise (Machine)",2,110.0,7.0,0,0.0,
2025-07-19 11:14:20,"Push",13m,"Bench Press (Barbell)",1,175.0,4.0,0,0.0,
2025-07-19 11:14:20,"Push",13m,"Bench Press (Barbell)",2,165.0,7.0,0,0.0,
2025-07-19 11:14:20,"Push",13m,"Bench Press (Barbell)",3,155.0,7.0,0,0.0,
2025-07-19 11:14:20,"Push",13m,"Triceps Dip",1,10.0,9.0,0,0.0,
2025-07-19 11:14:20,"Push",13m,"Triceps Dip",2,0.0,5.0,0,0.0,
2025-07-22 14:54:27,"Afternoon Workout",43m,"Iso-Lateral Chest Press (Machine)",1,132.28,9.0,0,0.0,
2025-07-22 14:54:27,"Afternoon Workout",43m,"Iso-Lateral Chest Press (Machine)",2,132.28,9.0,0,0.0,
2025-07-22 14:54:27,"Afternoon Workout",43m,"Iso-Lateral Chest Press (Machine)",3,132.28,9.0,0,0.0,
2025-07-23 04:33:39,"Legs",27m,"Hack Squat",1,175.0,7.0,0,0.0,
2025-07-23 04:33:39,"Legs",27m,"Hack Squat",2,165.0,5.0,0,0.0,
2025-07-23 04:33:39,"Legs",27m,"Hack Squat",3,145.0,10.0,0,0.0,
2025-07-23 04:33:39,"Legs",27m,"Seated Leg Curl (Machine)",1,110.0,10.0,0,0.0,
2025-07-23 04:33:39,"Legs",27m,"Seated Leg Curl (Machine)",2,100.0,8.0,0,0.0,
2025-07-23 04:33:39,"Legs",27m,"Seated Leg Curl (Machine)",3,90.0,8.0,0,0.0,
2025-07-23 04:33:39,"Legs",27m,"Seated Calf Raise (Plate Loaded)",1,70.0,10.0,0,0.0,
2025-07-23 04:33:39,"Legs",27m,"Seated Calf Raise (Plate Loaded)",2,70.0,10.0,0,0.0,
2025-07-23 04:33:39,"Legs",27m,"Leg Extension (Machine)",1,120.0,7.0,0,0.0,
2025-07-23 04:33:39,"Legs",27m,"Leg Extension (Machine)",2,90.0,10.0,0,0.0,
2025-07-24 13:50:49,"Back + Bi",16m,"Lat Pulldown (Machine)",1,110.0,13.0,0,0.0,
2025-07-24 13:50:49,"Back + Bi",16m,"Incline Row T Bar",1,60.0,9.0,0,0.0,
2025-07-24 13:50:49,"Back + Bi",16m,"Incline Row T Bar",2,55.0,8.0,0,0.0,
2025-07-24 13:50:49,"Back + Bi",16m,"Incline Row T Bar",3,45.0,12.0,0,0.0,
2025-07-24 13:50:49,"Back + Bi",16m,"Incline Curl (Dumbbell)",1,70.0,8.0,0,0.0,
2025-07-24 13:50:49,"Back + Bi",16m,"Incline Curl (Dumbbell)",2,70.0,9.0,0,0.0,
2025-07-24 13:50:49,"Back + Bi",16m,"Incline Curl (Dumbbell)",3,60.0,7.0,0,0.0,
2025-07-25 17:12:11,"Push",42m,"Bench Press (Barbell)",1,175.0,5.0,0,0.0,
2025-07-25 17:12:11,"Push",42m,"Bench Press (Barbell)",2,165.0,5.0,0,0.0,
2025-07-25 17:12:11,"Push",42m,"Bench Press (Barbell)",3,155.0,5.0,0,0.0,
2025-07-25 17:12:11,"Push",42m,"Incline Bench Press (Smith Machine)",1,70.0,8.0,0,0.0,
2025-07-25 17:12:11,"Push",42m,"Incline Bench Press (Smith Machine)",2,70.0,12.0,0,0.0,
2025-07-25 17:12:11,"Push",42m,"Incline Bench Press (Smith Machine)",3,70.0,6.0,0,0.0,
2025-07-25 17:12:11,"Push",42m,"Triceps Pushdown (Cable - Straight Bar)",1,65.0,8.0,0,0.0,
2025-07-25 17:12:11,"Push",42m,"Triceps Pushdown (Cable - Straight Bar)",2,50.0,12.0,0,0.0,
2025-07-25 17:12:11,"Push",42m,"Triceps Pushdown (Cable - Straight Bar)",3,40.0,10.0,0,0.0,
2025-07-25 17:12:11,"Push",42m,"Rope Pull Down",1,0,0.0,0,60.0,
2025-07-25 17:12:11,"Push",42m,"Rope Pull Down",2,0,0.0,0,60.0,
2025-07-25 17:12:11,"Push",42m,"Lateral Raise (Dumbbell)",1,40.0,5.0,0,0.0,
2025-07-25 17:12:11,"Push",42m,"Lateral Raise (Dumbbell)",2,30.0,10.0,0,0.0,
2025-07-25 17:12:11,"Push",42m,"Lateral Raise (Dumbbell)",3,40.0,7.0,0,0.0,
2025-07-25 17:12:11,"Push",42m,"Shoulder Press (Machine)",1,70.0,7.0,0,0.0,
2025-07-25 17:12:11,"Push",42m,"Shoulder Press (Machine)",2,60.0,5.0,0,0.0,
2025-07-25 17:12:11,"Push",42m,"Face Pull (Cable)",1,50.0,10.0,0,0.0,
2025-07-25 17:12:11,"Push",42m,"Face Pull (Cable)",2,50.0,8.0,0,0.0,
2025-07-25 17:12:11,"Push",42m,"Face Pull (Cable)",3,50.0,7.0,0,0.0,
2025-07-26 12:47:29,"Legs",25m,"Squat (Barbell)",1,165.0,9.0,0,0.0,
2025-07-26 12:47:29,"Legs",25m,"Squat (Barbell)",2,165.0,5.0,0,0.0,
2025-07-26 12:47:29,"Legs",25m,"Seated Leg Curl (Machine)",1,120.0,10.0,0,0.0,
2025-07-26 12:47:29,"Legs",25m,"Seated Leg Curl (Machine)",2,110.0,7.0,0,0.0,
2025-07-26 12:47:29,"Legs",25m,"Seated Leg Curl (Machine)",3,100.0,8.0,0,0.0,
2025-07-26 12:47:29,"Legs",25m,"Leg Extension (Machine)",1,110.0,8.0,0,0.0,
2025-07-26 12:47:29,"Legs",25m,"Leg Extension (Machine)",2,100.0,8.0,0,0.0,
2025-07-26 12:47:29,"Legs",25m,"Leg Extension (Machine)",3,90.0,8.0,0,0.0,
2025-07-26 12:47:29,"Legs",25m,"Seated Calf Raise (Plate Loaded)",1,70.0,10.0,0,0.0,
2025-07-26 12:47:29,"Legs",25m,"Seated Calf Raise (Plate Loaded)",2,70.0,10.0,0,0.0,
2025-07-29 13:44:25,"Back + Bi",36m,"Lat Pulldown (Machine)",1,120.0,9.0,0,0.0,
2025-07-29 13:44:25,"Back + Bi",36m,"Lat Pulldown (Machine)",2,110.0,7.0,0,0.0,
2025-07-29 13:44:25,"Back + Bi",36m,"Lat Pulldown (Machine)",3,90.0,9.0,0,0.0,
2025-07-29 13:44:25,"Back + Bi",36m,"Incline Row T Bar",1,70.0,8.0,0,0.0,
2025-07-29 13:44:25,"Back + Bi",36m,"Incline Row T Bar",2,65.0,11.0,0,0.0,
2025-07-29 13:44:25,"Back + Bi",36m,"Incline Row T Bar",3,65.0,7.0,0,0.0,
2025-07-29 13:44:25,"Back + Bi",36m,"Incline Curl (Dumbbell)",1,70.0,8.0,0,0.0,
2025-07-29 13:44:25,"Back + Bi",36m,"Incline Curl (Dumbbell)",2,70.0,8.0,0,0.0,
2025-07-29 13:44:25,"Back + Bi",36m,"Incline Curl (Dumbbell)",3,70.0,6.0,0,0.0,
2025-07-29 13:44:25,"Back + Bi",36m,"Hammer Curl (Dumbbell)",1,80.0,5.0,0,0.0,
2025-07-29 13:44:25,"Back + Bi",36m,"Hammer Curl (Dumbbell)",2,70.0,9.0,0,0.0,
2025-07-29 13:44:25,"Back + Bi",36m,"Bicep Curl (Barbell)",1,55.0,10.0,0,0.0,
2025-07-29 13:44:25,"Back + Bi",36m,"Bicep Curl (Barbell)",2,55.0,6.0,0,0.0,
2025-07-29 13:44:25,"Back + Bi",36m,"Bicep Curl (Barbell)",3,55.0,5.0,0,0.0,
2025-08-01 13:57:45,"Back + Bi",52m,"Lat Pulldown (Cable)",1,70.0,10.0,0,0.0,
2025-08-01 13:57:45,"Back + Bi",52m,"Lat Pulldown (Cable)",2,65.0,11.0,0,0.0,
2025-08-01 13:57:45,"Back + Bi",52m,"Lat Pulldown (Cable)",3,60.0,9.0,0,0.0,
2025-08-01 13:57:45,"Back + Bi",52m,"Incline Row T Bar",1,70.0,9.0,0,0.0,
2025-08-01 13:57:45,"Back + Bi",52m,"Incline Row T Bar",2,65.0,12.0,0,0.0,
2025-08-01 13:57:45,"Back + Bi",52m,"Incline Row T Bar",3,65.0,8.0,0,0.0,
2025-08-01 13:57:45,"Back + Bi",52m,"Incline Curl (Dumbbell)",1,70.0,11.0,0,0.0,
2025-08-01 13:57:45,"Back + Bi",52m,"Incline Curl (Dumbbell)",2,70.0,8.0,0,0.0,
2025-08-01 13:57:45,"Back + Bi",52m,"Incline Curl (Dumbbell)",3,55.0,10.0,0,0.0,
2025-08-01 13:57:45,"Back + Bi",52m,"Hammer Curl (Cable)",1,42.5,7.0,0,0.0,
2025-08-01 13:57:45,"Back + Bi",52m,"Hammer Curl (Cable)",2,42.5,7.0,0,0.0,
2025-08-01 13:57:45,"Back + Bi",52m,"Hammer Curl (Cable)",3,42.5,7.0,0,0.0,
2025-08-01 13:57:45,"Back + Bi",52m,"Bicep Curl (Barbell)",1,55.0,10.0,0,0.0,
2025-08-01 13:57:45,"Back + Bi",52m,"Bicep Curl (Barbell)",2,55.0,6.0,0,0.0,
2025-08-01 13:57:45,"Back + Bi",52m,"Bicep Curl (Barbell)",3,55.0,5.0,0,0.0,
2025-08-03 12:00:14,"Push",26m,"Bench Press (Barbell)",1,175.0,5.0,0,0.0,
2025-08-03 12:00:14,"Push",26m,"Bench Press (Barbell)",2,155.0,8.0,0,0.0,
2025-08-03 12:00:14,"Push",26m,"Bench Press (Barbell)",3,145.0,8.0,0,0.0,
2025-08-03 12:00:14,"Push",26m,"Triceps Pushdown (Cable - Straight Bar)",1,42.5,10.0,0,0.0,
2025-08-03 12:00:14,"Push",26m,"Triceps Pushdown (Cable - Straight Bar)",2,35.0,8.0,0,0.0,
2025-08-03 12:00:14,"Push",26m,"Lateral Raise (Machine)",1,70.0,10.0,0,0.0,
2025-08-03 12:00:14,"Push",26m,"Lateral Raise (Machine)",2,55.0,9.0,0,0.0,
2025-08-03 12:00:14,"Push",26m,"Lateral Raise (Machine)",3,40.0,9.0,0,0.0,
2025-08-03 12:00:14,"Push",26m,"Chest Fly",1,130.0,9.0,0,0.0,
2025-08-03 12:00:14,"Push",26m,"Chest Fly",2,130.0,7.0,0,0.0,
2025-08-03 12:00:14,"Push",26m,"Shoulder Press (Machine)",1,70.0,7.0,0,0.0,
2025-08-03 12:00:14,"Push",26m,"Shoulder Press (Machine)",2,60.0,5.0,0,0.0,
2025-08-06 15:53:14,"Legs",23m,"Leg Extension (Machine)",1,130.0,13.0,0,0.0,
2025-08-06 15:53:14,"Legs",23m,"Leg Extension (Machine)",2,130.0,11.0,0,0.0,
2025-08-06 15:53:14,"Legs",23m,"Leg Extension (Machine)",3,130.0,10.0,0,0.0,
2025-08-06 15:53:14,"Legs",23m,"Hack Squat",1,165.0,10.0,0,0.0,
2025-08-06 15:53:14,"Legs",23m,"Hack Squat",2,165.0,7.0,0,0.0,
2025-08-06 15:53:14,"Legs",23m,"Lying Leg Curl (Machine)",1,110.0,12.0,0,0.0,
2025-08-06 15:53:14,"Legs",23m,"Lying Leg Curl (Machine)",2,125.0,8.0,0,0.0,
2025-08-06 15:53:14,"Legs",23m,"Lying Leg Curl (Machine)",3,110.0,8.0,0,0.0,
2025-08-06 15:53:14,"Legs",23m,"Shoulder Press (Machine)",1,70.0,9.0,0,0.0,
2025-08-06 15:53:14,"Legs",23m,"Shoulder Press (Machine)",2,65.0,8.0,0,0.0,
2025-08-10 13:25:33,"Push",32m,"Bench Press (Barbell)",1,175.0,3.0,0,0.0,
2025-08-10 13:25:33,"Push",32m,"Bench Press (Barbell)",2,155.0,8.0,0,0.0,
2025-08-10 13:25:33,"Push",32m,"Bench Press (Barbell)",3,145.0,11.0,0,0.0,
2025-08-10 13:25:33,"Push",32m,"Triceps Pushdown (Cable - Straight Bar)",1,50.0,11.0,0,0.0,
2025-08-10 13:25:33,"Push",32m,"Triceps Pushdown (Cable - Straight Bar)",2,42.5,9.0,0,0.0,
2025-08-10 13:25:33,"Push",32m,"Triceps Pushdown (Cable - Straight Bar)",3,35.0,8.0,0,0.0,
2025-08-10 13:25:33,"Push",32m,"Lateral Raise (Machine)",1,70.0,11.0,0,0.0,
2025-08-10 13:25:33,"Push",32m,"Lateral Raise (Machine)",2,55.0,11.0,0,0.0,
2025-08-10 13:25:33,"Push",32m,"Lateral Raise (Machine)",3,40.0,10.0,0,0.0,
2025-08-10 13:25:33,"Push",32m,"Face Pull (Cable)",1,50.0,10.0,0,0.0,
2025-08-10 13:25:33,"Push",32m,"Face Pull (Cable)",2,50.0,10.0,0,0.0,
2025-08-10 13:25:33,"Push",32m,"Shoulder Press (Plate Loaded)",1,120.0,11.0,0,0.0,
2025-08-12 16:58:51,"Back + Bi",27m,"Lat Pulldown (Cable)",1,60.0,8.0,0,0.0,
2025-08-12 16:58:51,"Back + Bi",27m,"Lat Pulldown (Cable)",2,50.0,15.0,0,0.0,
2025-08-12 16:58:51,"Back + Bi",27m,"Lat Pulldown (Machine)",1,110.0,12.0,0,0.0,
2025-08-12 16:58:51,"Back + Bi",27m,"Incline Row T Bar",1,75.0,9.0,0,0.0,
2025-08-12 16:58:51,"Back + Bi",27m,"Incline Row T Bar",2,70.0,7.0,0,0.0,
2025-08-12 16:58:51,"Back + Bi",27m,"Incline Row T Bar",3,70.0,10.0,0,0.0,
2025-08-12 16:58:51,"Back + Bi",27m,"Incline Curl (Dumbbell)",1,70.0,8.0,0,0.0,
2025-08-12 16:58:51,"Back + Bi",27m,"Incline Curl (Dumbbell)",2,55.0,8.0,0,0.0,
2025-08-12 16:58:51,"Back + Bi",27m,"Incline Curl (Dumbbell)",3,55.0,10.0,0,0.0,
2025-08-12 16:58:51,"Back + Bi",27m,"Hammer Curl (Dumbbell)",1,70.0,10.0,0,0.0,
2025-08-12 16:58:51,"Back + Bi",27m,"Hammer Curl (Dumbbell)",2,60.0,8.0,0,0.0,
2025-08-12 16:58:51,"Back + Bi",27m,"Bicep Curl (Barbell)",1,80.0,4.0,0,0.0,
2025-08-12 16:58:51,"Back + Bi",27m,"Bicep Curl (Barbell)",2,65.0,6.0,0,0.0,
2025-08-13 14:18:36,"Legs",16m,"Squat (Barbell)",1,165.0,11.0,0,0.0,
2025-08-13 14:18:36,"Legs",16m,"Squat (Barbell)",2,165.0,5.0,0,0.0,
2025-08-13 14:18:36,"Legs",16m,"Squat (Barbell)",3,135.0,10.0,0,0.0,
2025-08-13 14:18:36,"Legs",16m,"Seated Leg Curl (Machine)",1,120.0,10.0,0,0.0,
2025-08-13 14:18:36,"Legs",16m,"Seated Leg Curl (Machine)",2,110.0,10.0,0,0.0,
2025-08-13 14:18:36,"Legs",16m,"Seated Leg Curl (Machine)",3,100.0,8.0,0,0.0,
2025-08-14 04:27:25,"Push",41m,"Bench Press (Barbell)",1,165.0,5.0,0,0.0,
2025-08-14 04:27:25,"Push",41m,"Bench Press (Barbell)",2,145.0,8.0,0,0.0,
2025-08-14 04:27:25,"Push",41m,"Bench Press (Barbell)",3,135.0,10.0,0,0.0,
2025-08-14 04:27:25,"Push",41m,"Iso-Lateral Chest Press (Machine)",1,90.0,10.0,0,0.0,
2025-08-14 04:27:25,"Push",41m,"Iso-Lateral Chest Press (Machine)",2,90.0,8.0,0,0.0,
2025-08-14 04:27:25,"Push",41m,"Iso-Lateral Chest Press (Machine)",3,90.0,7.0,0,0.0,
2025-08-14 04:27:25,"Push",41m,"Rope Pull Down",1,0,0.0,0,60.0,
2025-08-14 04:27:25,"Push",41m,"Rope Pull Down",2,0,0.0,0,60.0,
2025-08-14 04:27:25,"Push",41m,"Triceps Pushdown (Cable - Straight Bar)",1,50.0,8.0,0,0.0,
2025-08-14 04:27:25,"Push",41m,"Triceps Pushdown (Cable - Straight Bar)",2,42.5,9.0,0,0.0,
2025-08-14 04:27:25,"Push",41m,"Triceps Pushdown (Cable - Straight Bar)",3,35.0,7.0,0,0.0,
2025-08-14 04:27:25,"Push",41m,"Lateral Raise (Machine)",1,70.0,8.0,0,0.0,
2025-08-14 04:27:25,"Push",41m,"Lateral Raise (Machine)",2,55.0,8.0,0,0.0,
2025-08-14 04:27:25,"Push",41m,"Lateral Raise (Machine)",3,40.0,8.0,0,0.0,
2025-08-14 04:27:25,"Push",41m,"Shoulder Press (Plate Loaded)",1,120.0,8.0,0,0.0,
2025-08-14 04:27:25,"Push",41m,"Shoulder Press (Plate Loaded)",2,110.0,7.0,0,0.0,
2025-08-14 04:27:25,"Push",41m,"Face Pull (Cable)",1,50.0,8.0,0,0.0,
2025-08-14 04:27:25,"Push",41m,"Face Pull (Cable)",2,42.5,8.0,0,0.0,
2025-08-14 16:34:59,"Back + Bi",23m,"Lat Pulldown (Machine)",1,140.0,12.0,0,0.0,
2025-08-14 16:34:59,"Back + Bi",23m,"Lat Pulldown (Machine)",2,140.0,12.0,0,0.0,
2025-08-14 16:34:59,"Back + Bi",23m,"Lat Pulldown (Machine)",3,140.0,10.0,0,0.0,
2025-08-14 16:34:59,"Back + Bi",23m,"Incline Row T Bar",1,75.0,10.0,0,0.0,
2025-08-14 16:34:59,"Back + Bi",23m,"Incline Row T Bar",2,70.0,10.0,0,0.0,
2025-08-14 16:34:59,"Back + Bi",23m,"Incline Curl (Dumbbell)",1,60.0,12.0,0,0.0,
2025-08-14 16:34:59,"Back + Bi",23m,"Incline Curl (Dumbbell)",2,60.0,8.0,0,0.0,
2025-08-14 16:34:59,"Back + Bi",23m,"Incline Curl (Dumbbell)",3,55.0,10.0,0,0.0,
2025-08-14 16:34:59,"Back + Bi",23m,"Hammer Curl (Dumbbell)",1,70.0,8.0,0,0.0,
2025-08-14 16:34:59,"Back + Bi",23m,"Hammer Curl (Dumbbell)",2,60.0,8.0,0,0.0,
2025-08-17 12:52:04,"Legs",23m,"Squat (Barbell)",1,165.0,8.0,0,0.0,
2025-08-17 12:52:04,"Legs",23m,"Squat (Barbell)",2,145.0,10.0,0,0.0,
2025-08-17 12:52:04,"Legs",23m,"Squat (Barbell)",3,135.0,10.0,0,0.0,
2025-08-17 12:52:04,"Legs",23m,"Seated Leg Curl (Machine)",1,120.0,11.0,0,0.0,
2025-08-17 12:52:04,"Legs",23m,"Seated Leg Curl (Machine)",2,110.0,11.0,0,0.0,
2025-08-17 12:52:04,"Legs",23m,"Seated Leg Curl (Machine)",3,100.0,8.0,0,0.0,
2025-08-17 12:52:04,"Legs",23m,"Leg Extension (Machine)",1,130.0,6.0,0,0.0,
2025-08-17 12:52:04,"Legs",23m,"Leg Extension (Machine)",2,110.0,9.0,0,0.0,
2025-08-17 12:52:04,"Legs",23m,"Leg Extension (Machine)",3,90.0,6.0,0,0.0,
2025-08-18 16:22:45,"Push",38m,"Bench Press (Barbell)",1,165.0,7.0,0,0.0,
2025-08-18 16:22:45,"Push",38m,"Bench Press (Barbell)",2,155.0,5.0,0,0.0,
2025-08-18 16:22:45,"Push",38m,"Bench Press (Barbell)",3,135.0,11.0,0,0.0,
2025-08-18 16:22:45,"Push",38m,"Iso-Lateral Chest Press (Machine)",1,90.0,12.0,0,0.0,
2025-08-18 16:22:45,"Push",38m,"Iso-Lateral Chest Press (Machine)",2,70.0,14.0,0,0.0,
2025-08-18 16:22:45,"Push",38m,"Iso-Lateral Chest Press (Machine)",3,70.0,13.0,0,0.0,
2025-08-18 16:22:45,"Push",38m,"Rope Pull Down",1,0,0.0,0,60.0,
2025-08-18 16:22:45,"Push",38m,"Rope Pull Down",2,0,0.0,0,60.0,
2025-08-18 16:22:45,"Push",38m,"Triceps Pushdown (Cable - Straight Bar)",1,50.0,10.0,0,0.0,
2025-08-18 16:22:45,"Push",38m,"Triceps Pushdown (Cable - Straight Bar)",2,42.5,10.0,0,0.0,
2025-08-18 16:22:45,"Push",38m,"Triceps Pushdown (Cable - Straight Bar)",3,35.0,9.0,0,0.0,
2025-08-18 16:22:45,"Push",38m,"Lateral Raise (Machine)",1,65.0,12.0,0,0.0,
2025-08-18 16:22:45,"Push",38m,"Lateral Raise (Machine)",2,50.0,10.0,0,0.0,
2025-08-18 16:22:45,"Push",38m,"Lateral Raise (Machine)",3,40.0,12.0,0,0.0,
2025-08-18 16:22:45,"Push",38m,"Shoulder Press (Machine)",1,70.0,8.0,0,0.0,
2025-08-18 16:22:45,"Push",38m,"Shoulder Press (Machine)",2,60.0,7.0,0,0.0,
2025-08-18 16:22:45,"Push",38m,"Shoulder Press (Machine)",3,50.0,7.0,0,0.0,
2025-08-18 16:22:45,"Push",38m,"Face Pull (Cable)",1,50.0,8.0,0,0.0,
2025-08-18 16:22:45,"Push",38m,"Face Pull (Cable)",2,42.5,6.0,0,0.0,
2025-08-20 04:41:29,"Back + Bi",33m,"Lat Pulldown (Machine)",1,160.0,12.0,0,0.0,
2025-08-20 04:41:29,"Back + Bi",33m,"Lat Pulldown (Machine)",2,160.0,10.0,0,0.0,
2025-08-20 04:41:29,"Back + Bi",33m,"Lat Pulldown (Machine)",3,160.0,10.0,0,0.0,
2025-08-20 04:41:29,"Back + Bi",33m,"Incline Row T Bar",1,70.0,9.0,0,0.0,
2025-08-20 04:41:29,"Back + Bi",33m,"Incline Row T Bar",2,70.0,7.0,0,0.0,
2025-08-20 04:41:29,"Back + Bi",33m,"Incline Row T Bar",3,60.0,8.0,0,0.0,
2025-08-20 04:41:29,"Back + Bi",33m,"Incline Curl (Dumbbell)",1,70.0,5.0,0,0.0,
2025-08-20 04:41:29,"Back + Bi",33m,"Incline Curl (Dumbbell)",2,55.0,10.0,0,0.0,
2025-08-20 04:41:29,"Back + Bi",33m,"Incline Curl (Dumbbell)",3,55.0,9.0,0,0.0,
2025-08-20 04:41:29,"Back + Bi",33m,"Hammer Curl (Dumbbell)",1,70.0,8.0,0,0.0,
2025-08-20 04:41:29,"Back + Bi",33m,"Hammer Curl (Dumbbell)",2,60.0,9.0,0,0.0,
2025-08-20 04:41:29,"Back + Bi",33m,"Hammer Curl (Dumbbell)",3,60.0,8.0,0,0.0,
2025-08-20 04:41:29,"Back + Bi",33m,"Pull Up",1,0.0,6.0,0,0.0,
2025-08-23 09:15:59,"Legs",29m,"Squat (Barbell)",1,165.0,11.0,0,0.0,
2025-08-23 09:15:59,"Legs",29m,"Squat (Barbell)",2,145.0,10.0,0,0.0,
2025-08-23 09:15:59,"Legs",29m,"Squat (Barbell)",3,135.0,10.0,0,0.0,
2025-08-23 09:15:59,"Legs",29m,"Seated Leg Curl (Machine)",1,130.0,9.0,0,0.0,
2025-08-23 09:15:59,"Legs",29m,"Seated Leg Curl (Machine)",2,120.0,11.0,0,0.0,
2025-08-23 09:15:59,"Legs",29m,"Seated Leg Curl (Machine)",3,110.0,10.0,0,0.0,
2025-08-23 09:15:59,"Legs",29m,"Standing Calf Raise (Machine)",1,130.0,8.0,0,0.0,
2025-08-23 09:15:59,"Legs",29m,"Standing Calf Raise (Machine)",2,110.0,8.0,0,0.0,
2025-08-23 09:15:59,"Legs",29m,"Leg Extension (Machine)",1,120.0,10.0,0,0.0,
2025-08-23 09:15:59,"Legs",29m,"Leg Extension (Machine)",2,110.0,10.0,0,0.0,
2025-08-25 16:27:28,"Push",29m,"Bench Press (Barbell)",1,165.0,8.0,0,0.0,
2025-08-25 16:27:28,"Push",29m,"Bench Press (Barbell)",2,145.0,9.0,0,0.0,
2025-08-25 16:27:28,"Push",29m,"Bench Press (Barbell)",3,135.0,8.0,0,0.0,
2025-08-25 16:27:28,"Push",29m,"Iso-Lateral Chest Press (Machine)",1,110.0,12.0,0,0.0,
2025-08-25 16:27:28,"Push",29m,"Iso-Lateral Chest Press (Machine)",2,90.0,10.0,0,0.0,
2025-08-25 16:27:28,"Push",29m,"Iso-Lateral Chest Press (Machine)",3,90.0,9.0,0,0.0,
2025-08-25 16:27:28,"Push",29m,"Rope Pull Down",1,0,0.0,0,60.0,
2025-08-25 16:27:28,"Push",29m,"Rope Pull Down",2,0,0.0,0,60.0,
2025-08-25 16:27:28,"Push",29m,"Lateral Raise (Machine)",1,65.0,13.0,0,0.0,
2025-08-25 16:27:28,"Push",29m,"Lateral Raise (Machine)",2,55.0,12.0,0,0.0,
2025-08-25 16:27:28,"Push",29m,"Lateral Raise (Machine)",3,45.0,12.0,0,0.0,
2025-08-26 16:57:45,"Back + Bi",24m,"Lat Pulldown (Machine)",1,190.0,10.0,0,0.0,
2025-08-26 16:57:45,"Back + Bi",24m,"Lat Pulldown (Machine)",2,190.0,8.0,0,0.0,
2025-08-26 16:57:45,"Back + Bi",24m,"Lat Pulldown (Machine)",3,140.0,10.0,0,0.0,
2025-08-26 16:57:45,"Back + Bi",24m,"Incline Row T Bar",1,70.0,10.0,0,0.0,
2025-08-26 16:57:45,"Back + Bi",24m,"Incline Row T Bar",2,70.0,9.0,0,0.0,
2025-08-26 16:57:45,"Back + Bi",24m,"Incline Row T Bar",3,70.0,6.0,0,0.0,
2025-08-26 16:57:45,"Back + Bi",24m,"Bicep Curl (Barbell)",1,60.0,12.0,0,0.0,
2025-08-26 16:57:45,"Back + Bi",24m,"Bicep Curl (Barbell)",2,60.0,8.0,0,0.0,
2025-08-26 16:57:45,"Back + Bi",24m,"Bicep Curl (Barbell)",3,60.0,10.0,0,0.0,
2025-08-26 16:57:45,"Back + Bi",24m,"Preacher Curl (Machine)",1,45.0,9.0,0,0.0,
2025-08-26 16:57:45,"Back + Bi",24m,"Preacher Curl (Machine)",2,45.0,7.0,0,0.0,
2025-08-26 16:57:45,"Back + Bi",24m,"Preacher Curl (Machine)",3,45.0,7.0,0,0.0,
2025-08-29 04:26:55,"Legs",32m,"Squat (Barbell)",1,175.0,3.0,0,0.0,
2025-08-29 04:26:55,"Legs",32m,"Squat (Barbell)",2,155.0,10.0,0,0.0,
2025-08-29 04:26:55,"Legs",32m,"Squat (Barbell)",3,145.0,10.0,0,0.0,
2025-08-29 04:26:55,"Legs",32m,"Seated Leg Curl (Machine)",1,135.0,7.0,0,0.0,
2025-08-29 04:26:55,"Legs",32m,"Seated Leg Curl (Machine)",2,120.0,10.0,0,0.0,
2025-08-29 04:26:55,"Legs",32m,"Seated Leg Curl (Machine)",3,110.0,7.0,0,0.0,
2025-08-29 04:26:55,"Legs",32m,"Leg Extension (Machine)",1,125.0,8.0,0,0.0,
2025-08-29 04:26:55,"Legs",32m,"Leg Extension (Machine)",2,110.0,7.0,0,0.0,
2025-08-29 04:26:55,"Legs",32m,"Leg Extension (Machine)",3,90.0,10.0,0,0.0,
2025-08-29 04:26:55,"Legs",32m,"Standing Calf Raise (Machine)",1,100.0,12.0,0,0.0,
2025-08-29 04:26:55,"Legs",32m,"Standing Calf Raise (Machine)",2,90.0,12.0,0,0.0,
2025-08-30 11:33:38,"Push",41m,"Bench Press (Barbell)",1,175.0,3.0,0,0.0,
2025-08-30 11:33:38,"Push",41m,"Bench Press (Barbell)",2,155.0,9.0,0,0.0,
2025-08-30 11:33:38,"Push",41m,"Bench Press (Barbell)",3,145.0,9.0,0,0.0,
2025-08-30 11:33:38,"Push",41m,"Iso-Lateral Chest Press (Machine)",1,110.0,12.0,0,0.0,
2025-08-30 11:33:38,"Push",41m,"Iso-Lateral Chest Press (Machine)",2,90.0,11.0,0,0.0,
2025-08-30 11:33:38,"Push",41m,"Triceps Pushdown (Cable - Straight Bar)",1,50.0,10.0,0,0.0,
2025-08-30 11:33:38,"Push",41m,"Triceps Pushdown (Cable - Straight Bar)",2,42.5,10.0,0,0.0,
2025-08-30 11:33:38,"Push",41m,"Triceps Pushdown (Cable - Straight Bar)",3,35.0,10.0,0,0.0,
2025-08-30 11:33:38,"Push",41m,"Lateral Raise (Machine)",1,70.0,10.0,0,0.0,
2025-08-30 11:33:38,"Push",41m,"Lateral Raise (Machine)",2,60.0,11.0,0,0.0,
2025-08-30 11:33:38,"Push",41m,"Lateral Raise (Machine)",3,50.0,11.0,0,0.0,
2025-09-01 10:44:52,"Back + Bi",28m,"Incline Row T Bar",1,80.0,10.0,0,0.0,
2025-09-01 10:44:52,"Back + Bi",28m,"Incline Row T Bar",2,70.0,10.0,0,0.0,
2025-09-01 10:44:52,"Back + Bi",28m,"Incline Row T Bar",3,70.0,8.0,0,0.0,
2025-09-01 10:44:52,"Back + Bi",28m,"Pull Up",1,0.0,8.0,0,0.0,
2025-09-01 10:44:52,"Back + Bi",28m,"Pull Up",2,0.0,6.0,0,0.0,
2025-09-01 10:44:52,"Back + Bi",28m,"Incline Curl (Dumbbell)",1,60.0,11.0,0,0.0,
2025-09-01 10:44:52,"Back + Bi",28m,"Incline Curl (Dumbbell)",2,60.0,11.0,0,0.0,
2025-09-01 10:44:52,"Back + Bi",28m,"Incline Curl (Dumbbell)",3,60.0,9.0,0,0.0,
2025-09-01 10:44:52,"Back + Bi",28m,"Hammer Curl (Dumbbell)",1,80.0,8.0,0,0.0,
2025-09-01 10:44:52,"Back + Bi",28m,"Hammer Curl (Dumbbell)",2,70.0,8.0,0,0.0,
2025-09-01 10:44:52,"Back + Bi",28m,"Hammer Curl (Dumbbell)",3,60.0,9.0,0,0.0,
2025-09-03 04:46:21,"Legs",32m,"Squat (Barbell)",1,175.0,2.0,0,0.0,
2025-09-03 04:46:21,"Legs",32m,"Squat (Barbell)",2,165.0,6.0,0,0.0,
2025-09-03 04:46:21,"Legs",32m,"Squat (Barbell)",3,145.0,10.0,0,0.0,
2025-09-03 04:46:21,"Legs",32m,"Squat (Barbell)",4,135.0,7.0,0,0.0,
2025-09-03 04:46:21,"Legs",32m,"Seated Leg Curl (Machine)",1,135.0,7.0,0,0.0,
2025-09-03 04:46:21,"Legs",32m,"Seated Leg Curl (Machine)",2,120.0,10.0,0,0.0,
2025-09-03 04:46:21,"Legs",32m,"Seated Leg Curl (Machine)",3,110.0,7.0,0,0.0,
2025-09-03 04:46:21,"Legs",32m,"Leg Extension (Machine)",1,130.0,10.0,0,0.0,
2025-09-03 04:46:21,"Legs",32m,"Leg Extension (Machine)",2,110.0,7.0,0,0.0,
2025-09-03 04:46:21,"Legs",32m,"Leg Extension (Machine)",3,90.0,10.0,0,0.0,
2025-09-04 16:33:48,"Push",33m,"Bench Press (Barbell)",1,175.0,4.0,0,0.0,
2025-09-04 16:33:48,"Push",33m,"Bench Press (Barbell)",2,155.0,8.0,0,0.0,
2025-09-04 16:33:48,"Push",33m,"Bench Press (Barbell)",3,145.0,9.0,0,0.0,
2025-09-04 16:33:48,"Push",33m,"Iso-Lateral Chest Press (Machine)",1,120.0,12.0,0,0.0,
2025-09-04 16:33:48,"Push",33m,"Iso-Lateral Chest Press (Machine)",2,110.0,10.0,0,0.0,
2025-09-04 16:33:48,"Push",33m,"Iso-Lateral Chest Press (Machine)",3,90.0,9.0,0,0.0,
2025-09-04 16:33:48,"Push",33m,"Rope Pull Down",1,0,0.0,0,60.0,
2025-09-04 16:33:48,"Push",33m,"Rope Pull Down",2,0,0.0,0,30.0,
2025-09-04 16:33:48,"Push",33m,"Triceps Pushdown (Cable - Straight Bar)",1,57.5,8.0,0,0.0,
2025-09-04 16:33:48,"Push",33m,"Triceps Pushdown (Cable - Straight Bar)",2,50.0,10.0,0,0.0,
2025-09-04 16:33:48,"Push",33m,"Lateral Raise (Machine)",1,70.0,7.0,0,0.0,
2025-09-04 16:33:48,"Push",33m,"Lateral Raise (Machine)",2,50.0,10.0,0,0.0,
2025-09-04 16:33:48,"Push",33m,"Shoulder Press (Plate Loaded)",1,140.0,6.0,0,0.0,
2025-09-04 16:33:48,"Push",33m,"Shoulder Press (Plate Loaded)",2,120.0,6.0,0,0.0,
2025-09-05 14:01:59,"Back + Bi",17m,"Incline Row T Bar",1,90.0,8.0,0,0.0,
2025-09-05 14:01:59,"Back + Bi",17m,"Incline Row T Bar",2,90.0,6.0,0,0.0,
2025-09-05 14:01:59,"Back + Bi",17m,"Incline Row T Bar",3,70.0,9.0,0,0.0,
2025-09-05 14:01:59,"Back + Bi",17m,"Incline Curl (Dumbbell)",1,70.0,6.0,0,0.0,
2025-09-05 14:01:59,"Back + Bi",17m,"Incline Curl (Dumbbell)",2,60.0,10.0,0,0.0,
2025-09-05 14:01:59,"Back + Bi",17m,"Incline Curl (Dumbbell)",3,60.0,8.0,0,0.0,
2025-09-06 11:41:58,"Legs",22m,"Squat (Barbell)",1,165.0,9.0,0,0.0,
2025-09-06 11:41:58,"Legs",22m,"Squat (Barbell)",2,155.0,7.0,0,0.0,
2025-09-06 11:41:58,"Legs",22m,"Squat (Barbell)",3,145.0,5.0,0,0.0,
2025-09-06 11:41:58,"Legs",22m,"Seated Leg Curl (Machine)",1,130.0,8.0,0,0.0,
2025-09-06 11:41:58,"Legs",22m,"Seated Leg Curl (Machine)",2,120.0,8.0,0,0.0,
2025-09-06 11:41:58,"Legs",22m,"Seated Leg Curl (Machine)",3,110.0,10.0,0,0.0,
2025-09-06 11:41:58,"Legs",22m,"Leg Extension (Machine)",1,130.0,6.0,0,0.0,
2025-09-08 13:53:32,"Push",56m,"Bench Press (Barbell)",1,175.0,5.0,0,0.0,
2025-09-08 13:53:32,"Push",56m,"Bench Press (Barbell)",2,155.0,8.0,0,0.0,
2025-09-08 13:53:32,"Push",56m,"Bench Press (Barbell)",3,145.0,8.0,0,0.0,
2025-09-08 13:53:32,"Push",56m,"Iso-Lateral Chest Press (Machine)",1,130.0,7.0,0,0.0,
2025-09-08 13:53:32,"Push",56m,"Iso-Lateral Chest Press (Machine)",2,120.0,8.0,0,0.0,
2025-09-08 13:53:32,"Push",56m,"Iso-Lateral Chest Press (Machine)",3,110.0,5.0,0,0.0,
2025-09-08 13:53:32,"Push",56m,"Triceps Extension (Cable)",1,30.0,6.0,0,0.0,
2025-09-08 13:53:32,"Push",56m,"Triceps Extension (Cable)",2,20.0,11.0,0,0.0,
2025-09-08 13:53:32,"Push",56m,"Triceps Extension (Cable)",3,20.0,8.0,0,0.0,
2025-09-08 13:53:32,"Push",56m,"Tricep Press",1,90.0,10.0,0,0.0,
2025-09-08 13:53:32,"Push",56m,"Tricep Press",2,90.0,11.0,0,0.0,
2025-09-08 13:53:32,"Push",56m,"Tricep Press",3,90.0,8.0,0,0.0,
2025-09-08 13:53:32,"Push",56m,"Lateral Raise (Machine)",1,60.0,11.0,0,0.0,
2025-09-08 13:53:32,"Push",56m,"Lateral Raise (Machine)",2,50.0,10.0,0,0.0,
2025-09-08 13:53:32,"Push",56m,"Lateral Raise (Machine)",3,40.0,10.0,0,0.0,
2025-09-08 13:53:32,"Push",56m,"Shoulder Press (Plate Loaded)",1,110.0,10.0,0,0.0,
2025-09-08 13:53:32,"Push",56m,"Shoulder Press (Plate Loaded)",2,90.0,8.0,0,0.0,
2025-09-09 04:38:47,"Back + Bi",34m,"Lat Pulldown (Cable)",1,55.0,10.0,0,0.0,
2025-09-09 04:38:47,"Back + Bi",34m,"Lat Pulldown (Cable)",2,50.0,10.0,0,0.0,
2025-09-09 04:38:47,"Back + Bi",34m,"Lat Pulldown (Cable)",3,42.5,10.0,0,0.0,
2025-09-09 04:38:47,"Back + Bi",34m,"Incline Row T Bar",1,90.0,8.0,0,0.0,
2025-09-09 04:38:47,"Back + Bi",34m,"Incline Row T Bar",2,90.0,6.0,0,0.0,
2025-09-09 04:38:47,"Back + Bi",34m,"Incline Row T Bar",3,70.0,9.0,0,0.0,
2025-09-09 04:38:47,"Back + Bi",34m,"Incline Curl (Dumbbell)",1,60.0,9.0,0,0.0,
2025-09-09 04:38:47,"Back + Bi",34m,"Incline Curl (Dumbbell)",2,55.0,10.0,0,0.0,
2025-09-09 04:38:47,"Back + Bi",34m,"Incline Curl (Dumbbell)",3,50.0,11.0,0,0.0,
2025-09-09 04:38:47,"Back + Bi",34m,"Bicep Curl (Machine)",1,80.0,10.0,0,0.0,
2025-09-09 04:38:47,"Back + Bi",34m,"Bicep Curl (Machine)",2,75.0,10.0,0,0.0,
2025-09-09 04:38:47,"Back + Bi",34m,"Bicep Curl (Machine)",3,70.0,10.0,0,0.0,
2025-09-11 13:12:14,"Legs",12m,"Leg Extension (Machine)",1,130.0,8.0,0,0.0,
2025-09-11 13:12:14,"Legs",12m,"Leg Extension (Machine)",2,120.0,7.0,0,0.0,
2025-09-11 13:12:14,"Legs",12m,"Seated Leg Curl (Machine)",1,130.0,7.0,0,0.0,
2025-09-11 13:12:14,"Legs",12m,"Seated Leg Curl (Machine)",2,120.0,6.0,0,0.0,
2025-09-15 12:25:35,"Push",23m,"Bench Press (Barbell)",1,175.0,3.0,0,0.0,
2025-09-15 12:25:35,"Push",23m,"Bench Press (Barbell)",2,155.0,5.0,0,0.0,
2025-09-15 12:25:35,"Push",23m,"Bench Press (Barbell)",3,135.0,10.0,0,0.0,
2025-09-15 12:25:35,"Push",23m,"Iso-Lateral Chest Press (Machine)",1,140.0,10.0,0,0.0,
2025-09-15 12:25:35,"Push",23m,"Triceps Pushdown (Cable - Straight Bar)",1,60.0,8.0,0,0.0,
2025-09-15 12:25:35,"Push",23m,"Triceps Pushdown (Cable - Straight Bar)",2,50.0,8.0,0,0.0,
2025-09-15 12:25:35,"Push",23m,"Lateral Raise (Machine)",1,70.0,7.0,0,0.0,
2025-09-15 12:25:35,"Push",23m,"Lateral Raise (Machine)",2,60.0,9.0,0,0.0,
2025-09-16 11:36:12,"Back + Bi",47m,"Lat Pulldown (Cable)",1,60.0,10.0,0,0.0,
2025-09-16 11:36:12,"Back + Bi",47m,"Lat Pulldown (Cable)",2,55.0,10.0,0,0.0,
2025-09-16 11:36:12,"Back + Bi",47m,"Lat Pulldown (Cable)",3,50.0,10.0,0,0.0,
2025-09-16 11:36:12,"Back + Bi",47m,"Seated Row (Machine)",1,90.0,10.0,0,0.0,
2025-09-16 11:36:12,"Back + Bi",47m,"Seated Row (Machine)",2,90.0,10.0,0,0.0,
2025-09-16 11:36:12,"Back + Bi",47m,"Seated Row (Machine)",3,80.0,8.0,0,0.0,
2025-09-16 11:36:12,"Back + Bi",47m,"Incline Curl (Dumbbell)",1,60.0,10.0,0,0.0,
2025-09-16 11:36:12,"Back + Bi",47m,"Incline Curl (Dumbbell)",2,60.0,9.0,0,0.0,
2025-09-16 11:36:12,"Back + Bi",47m,"Incline Curl (Dumbbell)",3,55.0,9.0,0,0.0,
2025-09-16 11:36:12,"Back + Bi",47m,"Hammer Curl (Cable)",1,42.5,10.0,0,0.0,
2025-09-16 11:36:12,"Back + Bi",47m,"Hammer Curl (Cable)",2,35.0,11.0,0,0.0,
2025-09-16 11:36:12,"Back + Bi",47m,"Hammer Curl (Cable)",3,35.0,10.0,0,0.0,
2025-09-16 11:36:12,"Back + Bi",47m,"Pull Up",1,0.0,5.0,0,0.0,
2025-09-16 11:36:12,"Back + Bi",47m,"Pull Up",2,0.0,3.0,0,0.0,
2025-09-17 10:35:20,"Legs",33m,"Squat (Barbell)",1,165.0,8.0,0,0.0,
2025-09-17 10:35:20,"Legs",33m,"Squat (Barbell)",2,145.0,9.0,0,0.0,
2025-09-17 10:35:20,"Legs",33m,"Squat (Barbell)",3,135.0,8.0,0,0.0,
2025-09-17 10:35:20,"Legs",33m,"Seated Leg Curl (Machine)",1,120.0,10.0,0,0.0,
2025-09-17 10:35:20,"Legs",33m,"Seated Leg Curl (Machine)",2,130.0,8.0,0,0.0,
2025-09-19 08:40:07,"Push",41m,"Bench Press (Barbell)",1,165.0,5.0,0,0.0,
2025-09-19 08:40:07,"Push",41m,"Bench Press (Barbell)",2,145.0,9.0,0,0.0,
2025-09-19 08:40:07,"Push",41m,"Bench Press (Barbell)",3,135.0,6.0,0,0.0,
2025-09-19 08:40:07,"Push",41m,"Iso-Lateral Chest Press (Machine)",1,140.0,7.0,0,0.0,
2025-09-19 08:40:07,"Push",41m,"Iso-Lateral Chest Press (Machine)",2,140.0,6.0,0,0.0,
2025-09-19 08:40:07,"Push",41m,"Iso-Lateral Chest Press (Machine)",3,140.0,4.0,0,0.0,
2025-09-19 08:40:07,"Push",41m,"Triceps Pushdown (Cable - Straight Bar)",1,57.5,5.0,0,0.0,
2025-09-19 08:40:07,"Push",41m,"Triceps Pushdown (Cable - Straight Bar)",2,42.5,8.0,0,0.0,
2025-09-19 08:40:07,"Push",41m,"Triceps Pushdown (Cable - Straight Bar)",3,35.0,10.0,0,0.0,
2025-09-19 08:40:07,"Push",41m,"Lateral Raise (Machine)",1,55.0,10.0,0,0.0,
2025-09-19 08:40:07,"Push",41m,"Lateral Raise (Machine)",2,50.0,8.0,0,0.0,
2025-09-19 08:40:07,"Push",41m,"Lateral Raise (Machine)",3,40.0,5.0,0,0.0,
2025-09-20 12:46:33,"Back + Bi",33m,"Lat Pulldown (Machine)",1,140.0,8.0,0,0.0,
2025-09-20 12:46:33,"Back + Bi",33m,"Lat Pulldown (Machine)",2,140.0,7.0,0,0.0,
2025-09-20 12:46:33,"Back + Bi",33m,"Lat Pulldown (Machine)",3,140.0,4.0,0,0.0,
2025-09-20 12:46:33,"Back + Bi",33m,"Seated Row (Machine)",1,110.0,10.0,0,0.0,
2025-09-20 12:46:33,"Back + Bi",33m,"Seated Row (Machine)",2,100.0,9.0,0,0.0,
2025-09-20 12:46:33,"Back + Bi",33m,"Seated Row (Machine)",3,90.0,8.0,0,0.0,
2025-09-20 12:46:33,"Back + Bi",33m,"Incline Curl (Dumbbell)",1,60.0,11.0,0,0.0,
2025-09-20 12:46:33,"Back + Bi",33m,"Incline Curl (Dumbbell)",2,60.0,8.0,0,0.0,
2025-09-20 12:46:33,"Back + Bi",33m,"Incline Curl (Dumbbell)",3,60.0,9.0,0,0.0,
2025-09-20 12:46:33,"Back + Bi",33m,"Hammer Curl (Dumbbell)",1,80.0,4.0,0,0.0,
2025-09-20 12:46:33,"Back + Bi",33m,"Hammer Curl (Dumbbell)",2,70.0,6.0,0,0.0,
2025-09-21 14:49:07,"Legs",40m,"Squat (Barbell)",1,175.0,6.0,0,0.0,
2025-09-21 14:49:07,"Legs",40m,"Squat (Barbell)",2,145.0,10.0,0,0.0,
2025-09-21 14:49:07,"Legs",40m,"Squat (Barbell)",3,135.0,10.0,0,0.0,
2025-09-21 14:49:07,"Legs",40m,"Seated Leg Curl (Machine)",1,130.0,12.0,0,0.0,
2025-09-21 14:49:07,"Legs",40m,"Seated Leg Curl (Machine)",2,125.0,9.0,0,0.0,
2025-09-21 14:49:07,"Legs",40m,"Seated Leg Curl (Machine)",3,120.0,8.0,0,0.0,
2025-09-21 14:49:07,"Legs",40m,"Leg Extension (Machine)",1,130.0,5.0,0,0.0,
2025-09-21 14:49:07,"Legs",40m,"Leg Extension (Machine)",2,130.0,5.0,0,0.0,
2025-09-21 14:49:07,"Legs",40m,"Leg Extension (Machine)",3,130.0,5.0,0,0.0,
2025-09-21 14:49:07,"Legs",40m,"Seated Calf Raise (Plate Loaded)",1,90.0,8.0,0,0.0,
2025-09-22 08:32:35,"Push",45m,"Bench Press (Barbell)",1,165.0,7.0,0,0.0,
2025-09-22 08:32:35,"Push",45m,"Bench Press (Barbell)",2,155.0,8.0,0,0.0,
2025-09-22 08:32:35,"Push",45m,"Bench Press (Barbell)",3,145.0,8.0,0,0.0,
2025-09-22 08:32:35,"Push",45m,"Iso-Lateral Chest Press (Machine)",1,140.0,9.0,0,0.0,
2025-09-22 08:32:35,"Push",45m,"Iso-Lateral Chest Press (Machine)",2,170.0,6.0,0,0.0,
2025-09-22 08:32:35,"Push",45m,"Iso-Lateral Chest Press (Machine)",3,140.0,7.0,0,0.0,
2025-09-22 08:32:35,"Push",45m,"Triceps Pushdown (Cable - Straight Bar)",1,57.5,8.0,0,0.0,
2025-09-22 08:32:35,"Push",45m,"Triceps Pushdown (Cable - Straight Bar)",2,50.0,8.0,0,0.0,
2025-09-22 08:32:35,"Push",45m,"Triceps Pushdown (Cable - Straight Bar)",3,42.5,8.0,0,0.0,
2025-09-22 08:32:35,"Push",45m,"Lateral Raise (Machine)",1,55.0,12.0,0,0.0,
2025-09-22 08:32:35,"Push",45m,"Lateral Raise (Machine)",2,50.0,9.0,0,0.0,
2025-09-22 08:32:35,"Push",45m,"Lateral Raise (Machine)",3,45.0,8.0,0,0.0,
2025-09-22 08:32:35,"Push",45m,"Shoulder Press (Machine)",1,70.0,9.0,0,0.0,
2025-09-22 08:32:35,"Push",45m,"Shoulder Press (Machine)",2,60.0,8.0,0,0.0,
2025-09-22 08:32:35,"Push",45m,"Shoulder Press (Machine)",3,50.0,11.0,0,0.0,
2025-09-22 08:32:35,"Push",45m,"Face Pull (Cable)",1,52.5,9.0,0,0.0,
2025-09-22 08:32:35,"Push",45m,"Face Pull (Cable)",2,47.5,8.0,0,0.0,
2025-09-22 08:32:35,"Push",45m,"Triceps Dip",1,0.0,6.0,0,0.0,
2025-09-22 08:32:35,"Push",45m,"Triceps Dip",2,0.0,3.0,0,0.0,
2025-09-23 18:14:28,"Back + Bi",32m,"Lat Pulldown (Machine)",1,160.0,7.0,0,0.0,
2025-09-23 18:14:28,"Back + Bi",32m,"Lat Pulldown (Machine)",2,140.0,11.0,0,0.0,
2025-09-23 18:14:28,"Back + Bi",32m,"Lat Pulldown (Machine)",3,140.0,8.0,0,0.0,
2025-09-23 18:14:28,"Back + Bi",32m,"Seated Row (Machine)",1,90.0,10.0,0,0.0,
2025-09-23 18:14:28,"Back + Bi",32m,"Seated Row (Machine)",2,90.0,10.0,0,0.0,
2025-09-23 18:14:28,"Back + Bi",32m,"Seated Row (Machine)",3,80.0,8.0,0,0.0,
2025-09-23 18:14:28,"Back + Bi",32m,"Preacher Curl (Machine)",1,70.0,8.0,0,0.0,
2025-09-23 18:14:28,"Back + Bi",32m,"Preacher Curl (Machine)",2,70.0,7.0,0,0.0,
2025-09-23 18:14:28,"Back + Bi",32m,"Hammer Curl (Cable)",1,50.0,11.0,0,0.0,
2025-09-23 18:14:28,"Back + Bi",32m,"Hammer Curl (Cable)",2,42.5,12.0,0,0.0,
2025-09-24 15:37:59,"Legs",25m,"Squat (Barbell)",1,175.0,7.0,0,0.0,
2025-09-24 15:37:59,"Legs",25m,"Squat (Barbell)",2,155.0,10.0,0,0.0,
2025-09-24 15:37:59,"Legs",25m,"Squat (Barbell)",3,145.0,9.0,0,0.0,
2025-09-24 15:37:59,"Legs",25m,"Seated Leg Curl (Machine)",1,140.0,9.0,0,0.0,
2025-09-24 15:37:59,"Legs",25m,"Seated Leg Curl (Machine)",2,140.0,9.0,0,0.0,
2025-09-24 15:37:59,"Legs",25m,"Seated Leg Curl (Machine)",3,120.0,10.0,0,0.0,
2025-09-26 09:15:41,"Push",1h 5m,"Bench Press (Barbell)",1,165.0,6.0,0,0.0,
2025-09-26 09:15:41,"Push",1h 5m,"Bench Press (Barbell)",2,155.0,8.0,0,0.0,
2025-09-26 09:15:41,"Push",1h 5m,"Bench Press (Barbell)",3,145.0,9.0,0,0.0,
2025-09-26 09:15:41,"Push",1h 5m,"Iso-Lateral Chest Press (Machine)",1,170.0,7.0,0,0.0,
2025-09-26 09:15:41,"Push",1h 5m,"Iso-Lateral Chest Press (Machine)",2,140.0,9.0,0,0.0,
2025-09-26 09:15:41,"Push",1h 5m,"Triceps Pushdown (Cable - Straight Bar)",1,57.5,8.0,0,0.0,
2025-09-26 09:15:41,"Push",1h 5m,"Triceps Pushdown (Cable - Straight Bar)",2,50.0,9.0,0,0.0,
2025-09-26 09:15:41,"Push",1h 5m,"Triceps Pushdown (Cable - Straight Bar)",3,42.5,8.0,0,0.0,
2025-09-26 09:15:41,"Push",1h 5m,"Lateral Raise (Machine)",1,60.0,11.0,0,0.0,
2025-09-26 09:15:41,"Push",1h 5m,"Lateral Raise (Machine)",2,55.0,11.0,0,0.0,
2025-09-26 09:15:41,"Push",1h 5m,"Lateral Raise (Machine)",3,50.0,8.0,0,0.0,
2025-09-26 09:15:41,"Push",1h 5m,"Shoulder Press (Machine)",1,75.0,8.0,0,0.0,
2025-09-26 09:15:41,"Push",1h 5m,"Shoulder Press (Machine)",2,65.0,7.0,0,0.0,
2025-09-26 09:15:41,"Push",1h 5m,"Shoulder Press (Machine)",3,55.0,12.0,0,0.0,
2025-09-26 09:15:41,"Push",1h 5m,"Chest Fly",1,100.0,8.0,0,0.0,
2025-09-26 09:15:41,"Push",1h 5m,"Chest Fly",2,100.0,5.0,0,0.0,
2025-09-26 09:15:41,"Push",1h 5m,"Face Pull (Cable)",1,42.5,10.0,0,0.0,
2025-09-26 09:15:41,"Push",1h 5m,"Face Pull (Cable)",2,35.0,10.0,0,0.0,
2025-09-26 09:15:41,"Push",1h 5m,"Triceps Dip",1,0.0,6.0,0,0.0,
2025-09-26 09:15:41,"Push",1h 5m,"Triceps Dip",2,0.0,3.0,0,0.0,
2025-09-28 12:43:06,"Legs",27m,"Squat (Barbell)",1,175.0,8.0,0,0.0,
2025-09-28 12:43:06,"Legs",27m,"Squat (Barbell)",2,165.0,10.0,0,0.0,
2025-09-28 12:43:06,"Legs",27m,"Squat (Barbell)",3,155.0,6.0,0,0.0,
2025-09-28 12:43:06,"Legs",27m,"Seated Leg Curl (Machine)",1,145.0,10.0,0,0.0,
2025-09-28 12:43:06,"Legs",27m,"Seated Leg Curl (Machine)",2,140.0,10.0,0,0.0,
2025-09-28 12:43:06,"Legs",27m,"Seated Leg Curl (Machine)",3,135.0,9.0,0,0.0,
2025-09-29 15:59:20,"Back + Bi",36m,"Lat Pulldown (Cable)",1,70.0,6.0,0,0.0,
2025-09-29 15:59:20,"Back + Bi",36m,"Lat Pulldown (Cable)",2,50.0,10.0,0,0.0,
2025-09-29 15:59:20,"Back + Bi",36m,"Lat Pulldown (Cable)",3,50.0,7.0,0,0.0,
2025-09-29 15:59:20,"Back + Bi",36m,"Seated Row (Machine)",1,150.0,5.0,0,0.0,
2025-09-29 15:59:20,"Back + Bi",36m,"Seated Row (Machine)",2,125.0,10.0,0,0.0,
2025-09-29 15:59:20,"Back + Bi",36m,"Seated Row (Machine)",3,110.0,8.0,0,0.0,
2025-09-29 15:59:20,"Back + Bi",36m,"Bicep Curl (Barbell)",1,70.0,10.0,0,0.0,
2025-09-29 15:59:20,"Back + Bi",36m,"Bicep Curl (Barbell)",2,70.0,7.0,0,0.0,
2025-09-29 15:59:20,"Back + Bi",36m,"Bicep Curl (Barbell)",3,70.0,5.0,0,0.0,
2025-09-29 15:59:20,"Back + Bi",36m,"Hammer Curl (Dumbbell)",1,80.0,7.0,0,0.0,
2025-09-29 15:59:20,"Back + Bi",36m,"Hammer Curl (Dumbbell)",2,70.0,8.0,0,0.0,
2025-09-29 15:59:20,"Back + Bi",36m,"Pull Up",1,0.0,5.0,0,0.0,
2025-09-30 18:11:33,"Push",46m,"Bench Press (Barbell)",1,165.0,7.0,0,0.0,
2025-09-30 18:11:33,"Push",46m,"Bench Press (Barbell)",2,155.0,6.0,0,0.0,
2025-09-30 18:11:33,"Push",46m,"Bench Press (Barbell)",3,145.0,8.0,0,0.0,
2025-09-30 18:11:33,"Push",46m,"Incline Bench Press (Dumbbell)",1,110.0,10.0,0,0.0,
2025-09-30 18:11:33,"Push",46m,"Incline Bench Press (Dumbbell)",2,110.0,8.0,0,0.0,
2025-09-30 18:11:33,"Push",46m,"Incline Bench Press (Dumbbell)",3,100.0,8.0,0,0.0,
2025-09-30 18:11:33,"Push",46m,"Triceps Pushdown (Cable - Straight Bar)",1,57.5,8.0,0,0.0,
2025-09-30 18:11:33,"Push",46m,"Triceps Pushdown (Cable - Straight Bar)",2,55.0,10.0,0,0.0,
2025-09-30 18:11:33,"Push",46m,"Triceps Pushdown (Cable - Straight Bar)",3,42.5,8.0,0,0.0,
2025-09-30 18:11:33,"Push",46m,"Lateral Raise (Machine)",1,70.0,12.0,0,0.0,
2025-09-30 18:11:33,"Push",46m,"Lateral Raise (Machine)",2,65.0,12.0,0,0.0,
2025-09-30 18:11:33,"Push",46m,"Lateral Raise (Machine)",3,60.0,9.0,0,0.0,
2025-09-30 18:11:33,"Push",46m,"Triceps Dip",1,0.0,10.0,0,0.0,
2025-09-30 18:11:33,"Push",46m,"Triceps Dip",2,0.0,5.0,0,0.0,
2025-09-30 18:11:33,"Push",46m,"Face Pull (Cable)",1,42.5,10.0,0,0.0,
2025-09-30 18:11:33,"Push",46m,"Face Pull (Cable)",2,42.5,10.0,0,0.0,
2025-10-01 15:42:21,"Legs",40m,"Squat (Barbell)",1,185.0,3.0,0,0.0,
2025-10-01 15:42:21,"Legs",40m,"Squat (Barbell)",2,165.0,7.0,0,0.0,
2025-10-01 15:42:21,"Legs",40m,"Squat (Barbell)",3,155.0,8.0,0,0.0,
2025-10-01 15:42:21,"Legs",40m,"Squat (Barbell)",4,145.0,9.0,0,0.0,
2025-10-01 15:42:21,"Legs",40m,"Seated Leg Curl (Machine)",1,150.0,9.0,0,0.0,
2025-10-01 15:42:21,"Legs",40m,"Seated Leg Curl (Machine)",2,145.0,10.0,0,0.0,
2025-10-01 15:42:21,"Legs",40m,"Seated Leg Curl (Machine)",3,140.0,11.0,0,0.0,
2025-10-01 15:42:21,"Legs",40m,"Bulgarian Split Squat",1,110.0,3.0,0,0.0,
2025-10-01 15:42:21,"Legs",40m,"Bulgarian Split Squat",2,80.0,5.0,0,0.0,
2025-10-01 15:42:21,"Legs",40m,"Seated Calf Raise (Plate Loaded)",1,70.0,10.0,0,0.0,
2025-10-01 15:42:21,"Legs",40m,"Seated Calf Raise (Plate Loaded)",2,70.0,10.0,0,0.0,
2025-10-03 14:14:38,"Back + Bi",50m,"Lat Pulldown (Single Arm)",1,70.0,10.0,0,0.0,
2025-10-03 14:14:38,"Back + Bi",50m,"Lat Pulldown (Single Arm)",2,70.0,10.0,0,0.0,
2025-10-03 14:14:38,"Back + Bi",50m,"Lat Pulldown (Single Arm)",3,70.0,9.0,0,0.0,
2025-10-03 14:14:38,"Back + Bi",50m,"Seated Row (Plate Loaded)",1,180.0,9.0,0,0.0,
2025-10-03 14:14:38,"Back + Bi",50m,"Seated Row (Plate Loaded)",2,230.0,5.0,0,0.0,
2025-10-03 14:14:38,"Back + Bi",50m,"Seated Row (Plate Loaded)",3,180.0,8.0,0,0.0,
2025-10-03 14:14:38,"Back + Bi",50m,"Incline Curl (Dumbbell)",1,70.0,10.0,0,0.0,
2025-10-03 14:14:38,"Back + Bi",50m,"Incline Curl (Dumbbell)",2,60.0,10.0,0,0.0,
2025-10-03 14:14:38,"Back + Bi",50m,"Incline Curl (Dumbbell)",3,55.0,10.0,0,0.0,
2025-10-03 14:14:38,"Back + Bi",50m,"Bicep Curl (Machine)",1,90.0,9.0,0,0.0,
2025-10-03 14:14:38,"Back + Bi",50m,"Bicep Curl (Machine)",2,80.0,8.0,0,0.0,
2025-10-03 14:14:38,"Back + Bi",50m,"Pull Up",1,0.0,5.0,0,0.0,
2025-10-03 14:14:38,"Back + Bi",50m,"Pull Up",2,0.0,5.0,0,0.0,
2025-10-04 11:48:53,"Push",25m,"Bench Press (Barbell)",1,165.0,7.0,0,0.0,
2025-10-04 11:48:53,"Push",25m,"Bench Press (Barbell)",2,155.0,6.0,0,0.0,
2025-10-04 11:48:53,"Push",25m,"Bench Press (Barbell)",3,145.0,8.0,0,0.0,
2025-10-04 11:48:53,"Push",25m,"Iso-Lateral Chest Press (Machine)",1,180.0,9.0,0,0.0,
2025-10-04 11:48:53,"Push",25m,"Iso-Lateral Chest Press (Machine)",2,180.0,6.0,0,0.0,
2025-10-04 11:48:53,"Push",25m,"Iso-Lateral Chest Press (Machine)",3,180.0,5.0,0,0.0,
2025-10-04 11:48:53,"Push",25m,"Triceps Pushdown (Cable - Straight Bar)",1,57.5,8.0,0,0.0,
2025-10-04 11:48:53,"Push",25m,"Triceps Pushdown (Cable - Straight Bar)",2,50.0,8.0,0,0.0,
2025-10-04 11:48:53,"Push",25m,"Triceps Pushdown (Cable - Straight Bar)",3,42.5,8.0,0,0.0,
2025-10-04 11:48:53,"Push",25m,"Lateral Raise (Machine)",1,70.0,12.0,0,0.0,
2025-10-04 11:48:53,"Push",25m,"Lateral Raise (Machine)",2,65.0,12.0,0,0.0,
2025-10-04 11:48:53,"Push",25m,"Lateral Raise (Machine)",3,60.0,9.0,0,0.0,
2025-10-06 18:35:03,"Legs",22m,"Squat (Barbell)",1,185.0,4.0,0,0.0,
2025-10-06 18:35:03,"Legs",22m,"Squat (Barbell)",2,165.0,8.0,0,0.0,
2025-10-06 18:35:03,"Legs",22m,"Squat (Barbell)",3,155.0,9.0,0,0.0,
2025-10-06 18:35:03,"Legs",22m,"Seated Leg Curl (Machine)",1,140.0,10.0,0,0.0,
2025-10-06 18:35:03,"Legs",22m,"Seated Leg Curl (Machine)",2,140.0,6.0,0,0.0,
2025-10-06 18:35:03,"Legs",22m,"Seated Leg Curl (Machine)",3,140.0,5.0,0,0.0,
2025-10-06 18:35:03,"Legs",22m,"Leg Extension (Machine)",1,120.0,7.0,0,0.0,
2025-10-06 18:35:03,"Legs",22m,"Leg Extension (Machine)",2,120.0,7.0,0,0.0,
2025-10-06 18:35:03,"Legs",22m,"Leg Extension (Machine)",3,120.0,5.0,0,0.0,
2025-10-07 17:53:24,"Back + Bi",48m,"Lat Pulldown (Single Arm)",1,80.0,9.0,0,0.0,
2025-10-07 17:53:24,"Back + Bi",48m,"Lat Pulldown (Single Arm)",2,90.0,6.0,0,0.0,
2025-10-07 17:53:24,"Back + Bi",48m,"Lat Pulldown (Single Arm)",3,70.0,8.0,0,0.0,
2025-10-07 17:53:24,"Back + Bi",48m,"Seated Row (Plate Loaded)",1,180.0,10.0,0,0.0,
2025-10-07 17:53:24,"Back + Bi",48m,"Seated Row (Plate Loaded)",2,180.0,12.0,0,0.0,
2025-10-07 17:53:24,"Back + Bi",48m,"Seated Row (Plate Loaded)",3,180.0,9.0,0,0.0,
2025-10-07 17:53:24,"Back + Bi",48m,"Incline Curl (Dumbbell)",1,70.0,12.0,0,0.0,
2025-10-07 17:53:24,"Back + Bi",48m,"Incline Curl (Dumbbell)",2,60.0,10.0,0,0.0,
2025-10-07 17:53:24,"Back + Bi",48m,"Incline Curl (Dumbbell)",3,55.0,10.0,0,0.0,
2025-10-07 17:53:24,"Back + Bi",48m,"Hammer Curl (Cable)",1,57.5,11.0,0,0.0,
2025-10-07 17:53:24,"Back + Bi",48m,"Hammer Curl (Cable)",2,55.0,8.0,0,0.0,
2025-10-07 17:53:24,"Back + Bi",48m,"Hammer Curl (Cable)",3,55.0,9.0,0,0.0,
2025-10-07 17:53:24,"Back + Bi",48m,"Pull Up",1,0.0,5.0,0,0.0,
2025-10-07 17:53:24,"Back + Bi",48m,"Pull Up",2,0.0,3.0,0,0.0,
2025-10-08 15:44:57,"Push",43m,"Iso-Lateral Chest Press (Machine)",1,180.0,10.0,0,0.0,
2025-10-08 15:44:57,"Push",43m,"Iso-Lateral Chest Press (Machine)",2,160.0,11.0,0,0.0,
2025-10-08 15:44:57,"Push",43m,"Iso-Lateral Chest Press (Machine)",3,160.0,5.0,0,0.0,
2025-10-08 15:44:57,"Push",43m,"Bench Press (Barbell)",1,165.0,8.0,0,0.0,
2025-10-08 15:44:57,"Push",43m,"Bench Press (Barbell)",2,145.0,9.0,0,0.0,
2025-10-08 15:44:57,"Push",43m,"Bench Press (Barbell)",3,135.0,9.0,0,0.0,
2025-10-08 15:44:57,"Push",43m,"Triceps Pushdown (Cable - Straight Bar)",1,57.5,9.0,0,0.0,
2025-10-08 15:44:57,"Push",43m,"Triceps Pushdown (Cable - Straight Bar)",2,50.0,10.0,0,0.0,
2025-10-08 15:44:57,"Push",43m,"Triceps Pushdown (Cable - Straight Bar)",3,42.5,9.0,0,0.0,
2025-10-08 15:44:57,"Push",43m,"Lateral Raise (Machine)",1,90.0,6.0,0,0.0,
2025-10-08 15:44:57,"Push",43m,"Lateral Raise (Machine)",2,70.0,12.0,0,0.0,
2025-10-08 15:44:57,"Push",43m,"Lateral Raise (Machine)",3,65.0,12.0,0,0.0,
2025-10-08 15:44:57,"Push",43m,"Shoulder Press (Machine)",1,75.0,12.0,0,0.0,
2025-10-08 15:44:57,"Push",43m,"Shoulder Press (Machine)",2,90.0,5.0,0,0.0,
2025-10-08 15:44:57,"Push",43m,"Shoulder Press (Machine)",3,65.0,10.0,0,0.0,
2025-10-08 15:44:57,"Push",43m,"Face Pull (Cable)",1,57.5,7.0,0,0.0,
2025-10-08 15:44:57,"Push",43m,"Face Pull (Cable)",2,50.0,7.0,0,0.0,
2025-10-10 18:52:04,"Legs",26m,"Squat (Barbell)",1,185.0,4.0,0,0.0,
2025-10-10 18:52:04,"Legs",26m,"Squat (Barbell)",2,165.0,8.0,0,0.0,
2025-10-10 18:52:04,"Legs",26m,"Squat (Barbell)",3,155.0,6.0,0,0.0,
2025-10-10 18:52:04,"Legs",26m,"Leg Extension (Machine)",1,130.0,10.0,0,0.0,
2025-10-10 18:52:04,"Legs",26m,"Leg Extension (Machine)",2,110.0,10.0,0,0.0,
2025-10-10 18:52:04,"Legs",26m,"Leg Extension (Machine)",3,90.0,10.0,0,0.0,
2025-10-11 17:24:14,"Push",47m,"Bench Press (Barbell)",1,165.0,10.0,0,0.0,
2025-10-11 17:24:14,"Push",47m,"Bench Press (Barbell)",2,155.0,8.0,0,0.0,
2025-10-11 17:24:14,"Push",47m,"Bench Press (Barbell)",3,145.0,10.0,0,0.0,
2025-10-11 17:24:14,"Push",47m,"Iso-Lateral Chest Press (Machine)",1,180.0,7.0,0,0.0,
2025-10-11 17:24:14,"Push",47m,"Iso-Lateral Chest Press (Machine)",2,160.0,11.0,0,0.0,
2025-10-11 17:24:14,"Push",47m,"Iso-Lateral Chest Press (Machine)",3,160.0,10.0,0,0.0,
2025-10-11 17:24:14,"Push",47m,"Lateral Raise (Machine)",1,85.0,8.0,0,0.0,
2025-10-11 17:24:14,"Push",47m,"Lateral Raise (Machine)",2,70.0,12.0,0,0.0,
2025-10-11 17:24:14,"Push",47m,"Lateral Raise (Machine)",3,65.0,12.0,0,0.0,
2025-10-11 17:24:14,"Push",47m,"Triceps Pushdown (Cable - Straight Bar)",1,57.5,9.0,0,0.0,
2025-10-11 17:24:14,"Push",47m,"Triceps Pushdown (Cable - Straight Bar)",2,50.0,10.0,0,0.0,
2025-10-11 17:24:14,"Push",47m,"Triceps Pushdown (Cable - Straight Bar)",3,42.5,9.0,0,0.0,
2025-10-11 17:24:14,"Push",47m,"Shoulder Press (Machine)",1,80.0,8.0,0,0.0,
2025-10-11 17:24:14,"Push",47m,"Shoulder Press (Machine)",2,75.0,9.0,0,0.0,
2025-10-11 17:24:14,"Push",47m,"Shoulder Press (Machine)",3,70.0,10.0,0,0.0,
2025-10-11 17:24:14,"Push",47m,"Triceps Dip",1,0.0,10.0,0,0.0,
2025-10-11 17:24:14,"Push",47m,"Triceps Dip",2,0.0,3.0,0,0.0,
2025-10-13 16:57:48,"Back + Bi",51m,"Lat Pulldown (Machine)",1,190.0,5.0,0,0.0,
2025-10-13 16:57:48,"Back + Bi",51m,"Lat Pulldown (Machine)",2,170.0,8.0,0,0.0,
2025-10-13 16:57:48,"Back + Bi",51m,"Lat Pulldown (Machine)",3,130.0,8.0,0,0.0,
2025-10-13 16:57:48,"Back + Bi",51m,"Bent Over Row - Underhand (Barbell)",1,155.0,8.0,0,0.0,
2025-10-13 16:57:48,"Back + Bi",51m,"Bent Over Row - Underhand (Barbell)",2,135.0,11.0,0,0.0,
2025-10-13 16:57:48,"Back + Bi",51m,"Bent Over Row - Underhand (Barbell)",3,135.0,10.0,0,0.0,
2025-10-13 16:57:48,"Back + Bi",51m,"Bicep Curl (Dumbbell)",1,80.0,10.0,0,0.0,
2025-10-13 16:57:48,"Back + Bi",51m,"Bicep Curl (Dumbbell)",2,80.0,8.0,0,0.0,
2025-10-13 16:57:48,"Back + Bi",51m,"Bicep Curl (Dumbbell)",3,70.0,8.0,0,0.0,
2025-10-13 16:57:48,"Back + Bi",51m,"Bicep Curl (Machine)",1,90.0,12.0,0,0.0,
2025-10-13 16:57:48,"Back + Bi",51m,"Bicep Curl (Machine)",2,80.0,10.0,0,0.0,
2025-10-13 16:57:48,"Back + Bi",51m,"Bicep Curl (Machine)",3,70.0,10.0,0,0.0,
2025-10-13 16:57:48,"Back + Bi",51m,"Hammer Curl (Cable)",1,57.5,11.0,0,0.0,
2025-10-13 16:57:48,"Back + Bi",51m,"Hammer Curl (Cable)",2,55.0,8.0,0,0.0,
2025-10-13 16:57:48,"Back + Bi",51m,"Hammer Curl (Cable)",3,50.0,10.0,0,0.0,
2025-10-14 18:08:25,"Push",15m,"Chest Press (Machine)",1,150.0,8.0,0,0.0,
2025-10-14 18:08:25,"Push",15m,"Chest Press (Machine)",2,130.0,10.0,0,0.0,
2025-10-14 18:08:25,"Push",15m,"Chest Press (Machine)",3,110.0,11.0,0,0.0,
2025-10-15 15:09:55,"Legs",17m,"Squat (Barbell)",1,185.0,3.0,0,0.0,
2025-10-15 15:09:55,"Legs",17m,"Squat (Barbell)",2,155.0,5.0,0,0.0,
2025-10-15 15:09:55,"Legs",17m,"Squat (Barbell)",3,155.0,3.0,0,0.0,
2025-10-15 15:09:55,"Legs",17m,"Seated Leg Curl (Machine)",1,130.0,10.0,0,0.0,
2025-10-15 15:09:55,"Legs",17m,"Seated Leg Curl (Machine)",2,120.0,10.0,0,0.0,
2025-10-22 14:47:32,"Back + Bi",54m,"Lat Pulldown (Single Arm)",1,80.0,10.0,0,0.0,
2025-10-22 14:47:32,"Back + Bi",54m,"Lat Pulldown (Single Arm)",2,80.0,8.0,0,0.0,
2025-10-22 14:47:32,"Back + Bi",54m,"Lat Pulldown (Single Arm)",3,70.0,8.0,0,0.0,
2025-10-22 14:47:32,"Back + Bi",54m,"Seated Row (Machine)",1,130.0,9.0,0,0.0,
2025-10-22 14:47:32,"Back + Bi",54m,"Seated Row (Machine)",2,125.0,11.0,0,0.0,
2025-10-22 14:47:32,"Back + Bi",54m,"Seated Row (Machine)",3,120.0,9.0,0,0.0,
2025-10-22 14:47:32,"Back + Bi",54m,"Incline Curl (Dumbbell)",1,80.0,6.0,0,0.0,
2025-10-22 14:47:32,"Back + Bi",54m,"Incline Curl (Dumbbell)",2,60.0,12.0,0,0.0,
2025-10-22 14:47:32,"Back + Bi",54m,"Incline Curl (Dumbbell)",3,60.0,10.0,0,0.0,
2025-10-22 14:47:32,"Back + Bi",54m,"Incline Curl (Dumbbell)",4,60.0,8.0,0,0.0,
2025-10-22 14:47:32,"Back + Bi",54m,"Bicep Curl (Machine)",1,100.0,10.0,0,0.0,
2025-10-22 14:47:32,"Back + Bi",54m,"Bicep Curl (Machine)",2,95.0,9.0,0,0.0,
2025-10-22 14:47:32,"Back + Bi",54m,"Bicep Curl (Machine)",3,80.0,10.0,0,0.0,
2025-10-22 14:47:32,"Back + Bi",54m,"Hammer Curl (Cable)",1,62.5,10.0,0,0.0,
2025-10-22 14:47:32,"Back + Bi",54m,"Hammer Curl (Cable)",2,57.5,8.0,0,0.0,
2025-10-22 14:47:32,"Back + Bi",54m,"Hammer Curl (Cable)",3,55.0,9.0,0,0.0,
2025-10-24 20:32:49,"Push",39m,"Bench Press (Barbell)",1,175.0,4.0,0,0.0,
2025-10-24 20:32:49,"Push",39m,"Bench Press (Barbell)",2,165.0,6.0,0,0.0,
2025-10-24 20:32:49,"Push",39m,"Bench Press (Barbell)",3,145.0,8.0,0,0.0,
2025-10-24 20:32:49,"Push",39m,"Bench Press (Barbell)",4,135.0,8.0,0,0.0,
2025-10-24 20:32:49,"Push",39m,"Push Up",1,0.0,31.0,0,0.0,
2025-10-24 20:32:49,"Push",39m,"Triceps Pushdown (Cable - Straight Bar)",1,57.5,9.0,0,0.0,
2025-10-24 20:32:49,"Push",39m,"Triceps Pushdown (Cable - Straight Bar)",2,52.5,8.0,0,0.0,
2025-10-24 20:32:49,"Push",39m,"Triceps Pushdown (Cable - Straight Bar)",3,47.5,10.0,0,0.0,
2025-10-24 20:32:49,"Push",39m,"Lateral Raise (Machine)",1,80.0,10.0,0,0.0,
2025-10-24 20:32:49,"Push",39m,"Lateral Raise (Machine)",2,75.0,10.0,0,0.0,
2025-10-24 20:32:49,"Push",39m,"Lateral Raise (Machine)",3,70.0,10.0,0,0.0,
2025-10-24 20:32:49,"Push",39m,"Triceps Dip",1,0.0,9.0,0,0.0,
2025-10-24 20:32:49,"Push",39m,"Triceps Dip",2,0.0,2.0,0,0.0,
2025-10-25 18:01:57,"Legs",23m,"Squat (Barbell)",1,185.0,1.0,0,0.0,
2025-10-25 18:01:57,"Legs",23m,"Squat (Barbell)",2,155.0,5.0,0,0.0,
2025-10-25 18:01:57,"Legs",23m,"Seated Leg Curl (Machine)",1,150.0,8.0,0,0.0,
2025-10-25 18:01:57,"Legs",23m,"Seated Leg Curl (Machine)",2,130.0,8.0,0,0.0,
2025-10-25 18:01:57,"Legs",23m,"Seated Leg Curl (Machine)",3,110.0,10.0,0,0.0,
2025-10-25 18:01:57,"Legs",23m,"Leg Extension (Machine)",1,130.0,10.0,0,0.0,
2025-10-25 18:01:57,"Legs",23m,"Leg Extension (Machine)",2,110.0,10.0,0,0.0,
2025-10-25 18:01:57,"Legs",23m,"Leg Extension (Machine)",3,90.0,10.0,0,0.0,
2025-10-25 18:01:57,"Legs",23m,"Standing Calf Raise (Machine)",1,130.0,10.0,0,0.0,
2025-10-25 18:01:57,"Legs",23m,"Standing Calf Raise (Machine)",2,110.0,10.0,0,0.0,
2025-10-27 14:09:03,"Back + Bi",45m,"Lat Pulldown (Machine)",1,170.0,8.0,0,0.0,
2025-10-27 14:09:03,"Back + Bi",45m,"Lat Pulldown (Machine)",2,150.0,7.0,0,0.0,
2025-10-27 14:09:03,"Back + Bi",45m,"Lat Pulldown (Machine)",3,140.0,10.0,0,0.0,
2025-10-27 14:09:03,"Back + Bi",45m,"Seated Row (Machine)",1,130.0,12.0,0,0.0,
2025-10-27 14:09:03,"Back + Bi",45m,"Seated Row (Machine)",2,130.0,7.0,0,0.0,
2025-10-27 14:09:03,"Back + Bi",45m,"Seated Row (Machine)",3,120.0,10.0,0,0.0,
2025-10-27 14:09:03,"Back + Bi",45m,"Bicep Curl (Barbell)",1,80.0,11.0,0,0.0,
2025-10-27 14:09:03,"Back + Bi",45m,"Bicep Curl (Barbell)",2,70.0,11.0,0,0.0,
2025-10-27 14:09:03,"Back + Bi",45m,"Bicep Curl (Barbell)",3,60.0,10.0,0,0.0,
2025-10-27 14:09:03,"Back + Bi",45m,"Incline Curl (Dumbbell)",1,80.0,4.0,0,0.0,
2025-10-27 14:09:03,"Back + Bi",45m,"Incline Curl (Dumbbell)",2,60.0,10.0,0,0.0,
2025-10-27 14:09:03,"Back + Bi",45m,"Incline Curl (Dumbbell)",3,60.0,8.0,0,0.0,
2025-10-27 14:09:03,"Back + Bi",45m,"Hammer Curl (Cable)",1,57.5,11.0,0,0.0,
2025-10-27 14:09:03,"Back + Bi",45m,"Hammer Curl (Cable)",2,55.0,8.0,0,0.0,
2025-10-27 14:09:03,"Back + Bi",45m,"Hammer Curl (Cable)",3,55.0,9.0,0,0.0,
2025-10-28 17:53:15,"Push",45m,"Bench Press (Barbell)",1,165.0,9.0,0,0.0,
2025-10-28 17:53:15,"Push",45m,"Bench Press (Barbell)",2,155.0,6.0,0,0.0,
2025-10-28 17:53:15,"Push",45m,"Bench Press (Barbell)",3,135.0,12.0,0,0.0,
2025-10-28 17:53:15,"Push",45m,"Push Up",1,0.0,22.0,0,0.0,
2025-10-28 17:53:15,"Push",45m,"Push Up",2,0.0,15.0,0,0.0,
2025-10-28 17:53:15,"Push",45m,"Triceps Pushdown (Cable - Straight Bar)",1,57.5,9.0,0,0.0,
2025-10-28 17:53:15,"Push",45m,"Triceps Pushdown (Cable - Straight Bar)",2,52.5,8.0,0,0.0,
2025-10-28 17:53:15,"Push",45m,"Triceps Pushdown (Cable - Straight Bar)",3,47.5,10.0,0,0.0,
2025-10-28 17:53:15,"Push",45m,"Lateral Raise (Machine)",1,80.0,10.0,0,0.0,
2025-10-28 17:53:15,"Push",45m,"Lateral Raise (Machine)",2,75.0,10.0,0,0.0,
2025-10-28 17:53:15,"Push",45m,"Lateral Raise (Machine)",3,70.0,10.0,0,0.0,
2025-10-28 17:53:15,"Push",45m,"Shoulder Press (Machine)",1,95.0,5.0,0,0.0,
2025-10-28 17:53:15,"Push",45m,"Shoulder Press (Machine)",2,70.0,10.0,0,0.0,
2025-10-28 17:53:15,"Push",45m,"Shoulder Press (Machine)",3,70.0,10.0,0,0.0,
2025-10-28 17:53:15,"Push",45m,"Face Pull (Cable)",1,57.5,12.0,0,0.0,
2025-10-28 17:53:15,"Push",45m,"Face Pull (Cable)",2,65.0,8.0,0,0.0,
2025-10-28 17:53:15,"Push",45m,"Triceps Extension (Cable)",1,42.5,8.0,0,0.0,
2025-10-28 17:53:15,"Push",45m,"Triceps Extension (Cable)",2,35.0,10.0,0,0.0,
2025-10-28 17:53:15,"Push",45m,"Triceps Dip",1,0.0,10.0,0,0.0,
2025-10-28 17:53:15,"Push",45m,"Triceps Dip",2,0.0,10.0,0,0.0,
2025-10-31 12:48:52,"Legs",22m,"Hack Squat",1,195.0,9.0,0,0.0,
2025-10-31 12:48:52,"Legs",22m,"Hack Squat",2,215.0,7.0,0,0.0,
2025-10-31 12:48:52,"Legs",22m,"Hack Squat",3,245.0,5.0,0,0.0,
2025-10-31 12:48:52,"Legs",22m,"Seated Leg Curl (Machine)",1,170.0,9.0,0,0.0,
2025-10-31 12:48:52,"Legs",22m,"Seated Leg Curl (Machine)",2,150.0,7.0,0,0.0,
2025-10-31 12:48:52,"Legs",22m,"Seated Leg Curl (Machine)",3,130.0,7.0,0,0.0,
2025-10-31 12:48:52,"Legs",22m,"Leg Extension (Machine)",1,120.0,7.0,0,0.0,
2025-10-31 12:48:52,"Legs",22m,"Leg Extension (Machine)",2,120.0,5.0,0,0.0,
2025-11-08 13:07:34,"Back + Bi",26m,"Lat Pulldown (Cable)",1,100.0,9.0,0,0.0,
2025-11-08 13:07:34,"Back + Bi",26m,"Lat Pulldown (Cable)",2,100.0,8.0,0,0.0,
2025-11-08 13:07:34,"Back + Bi",26m,"Lat Pulldown (Cable)",3,85.0,8.0,0,0.0,
2025-11-08 13:07:34,"Back + Bi",26m,"Incline Curl (Dumbbell)",1,50.0,10.0,0,0.0,
2025-11-08 13:07:34,"Back + Bi",26m,"Incline Curl (Dumbbell)",2,70.0,7.0,0,0.0,
2025-11-08 13:07:34,"Back + Bi",26m,"Incline Curl (Dumbbell)",3,60.0,10.0,0,0.0,
2025-11-08 13:07:34,"Back + Bi",26m,"Hammer Curl (Dumbbell)",1,60.0,8.0,0,0.0,
2025-11-08 13:07:34,"Back + Bi",26m,"Hammer Curl (Dumbbell)",2,60.0,10.0,0,0.0,
2025-11-08 13:07:34,"Back + Bi",26m,"Hammer Curl (Dumbbell)",3,60.0,7.0,0,0.0,
2025-11-10 15:46:12,"Push",28m,"Bench Press (Barbell)",1,165.0,5.0,0,0.0,
2025-11-10 15:46:12,"Push",28m,"Bench Press (Barbell)",2,145.0,8.0,0,0.0,
2025-11-10 15:46:12,"Push",28m,"Bench Press (Barbell)",3,135.0,5.0,0,0.0,
2025-11-10 15:46:12,"Push",28m,"Triceps Pushdown (Cable - Straight Bar)",1,42.5,12.0,0,0.0,
2025-11-10 15:46:12,"Push",28m,"Triceps Pushdown (Cable - Straight Bar)",2,42.5,10.0,0,0.0,
2025-11-10 15:46:12,"Push",28m,"Triceps Pushdown (Cable - Straight Bar)",3,37.5,12.0,0,0.0,
2025-11-10 15:46:12,"Push",28m,"Lateral Raise (Cable)",1,12.5,7.0,0,0.0,
2025-11-10 15:46:12,"Push",28m,"Lateral Raise (Cable)",2,7.5,11.0,0,0.0,
2025-11-10 15:46:12,"Push",28m,"Lateral Raise (Cable)",3,7.5,12.0,0,0.0,
2025-11-10 15:46:12,"Push",28m,"Shoulder Press (Plate Loaded)",1,110.0,12.0,0,0.0,
2025-11-10 15:46:12,"Push",28m,"Shoulder Press (Plate Loaded)",2,110.0,9.0,0,0.0,
2025-11-11 19:18:22,"Legs",37m,"Squat (Smith Machine)",1,90.0,12.0,0,0.0,
2025-11-11 19:18:22,"Legs",37m,"Squat (Smith Machine)",2,140.0,3.0,0,0.0,
2025-11-11 19:18:22,"Legs",37m,"Squat (Smith Machine)",3,110.0,7.0,0,0.0,
2025-11-11 19:18:22,"Legs",37m,"Squat (Smith Machine)",4,90.0,9.0,0,0.0,
2025-11-11 19:18:22,"Legs",37m,"Leg Extension (Machine)",1,130.0,10.0,0,0.0,
2025-11-11 19:18:22,"Legs",37m,"Leg Extension (Machine)",2,120.0,8.0,0,0.0,
2025-11-11 19:18:22,"Legs",37m,"Leg Extension (Machine)",3,110.0,9.0,0,0.0,
2025-11-11 19:18:22,"Legs",37m,"Seated Leg Curl (Machine)",1,170.0,12.0,0,0.0,
2025-11-11 19:18:22,"Legs",37m,"Seated Leg Curl (Machine)",2,150.0,10.0,0,0.0,
2025-11-11 19:18:22,"Legs",37m,"Seated Leg Curl (Machine)",3,130.0,9.0,0,0.0,
2025-11-11 19:18:22,"Legs",37m,"Seated Calf Raise (Plate Loaded)",1,60.0,10.0,0,0.0,
2025-11-11 19:18:22,"Legs",37m,"Seated Calf Raise (Plate Loaded)",2,60.0,12.0,0,0.0,
2025-11-11 19:18:22,"Legs",37m,"Seated Calf Raise (Plate Loaded)",3,60.0,10.0,0,0.0,
2025-11-11 19:18:22,"Legs",37m,"Hip Adductor (Machine)",1,60.0,10.0,0,0.0,
2025-11-11 19:18:22,"Legs",37m,"Hip Adductor (Machine)",2,60.0,12.0,0,0.0,
2025-11-11 19:18:22,"Legs",37m,"Hip Abductor (Machine)",1,60.0,10.0,0,0.0,
2025-11-11 19:18:22,"Legs",37m,"Hip Abductor (Machine)",2,60.0,10.0,0,0.0,
2025-11-12 14:48:23,"Back + Bi",48m,"Lat Pulldown (Cable)",1,120.0,12.0,0,0.0,
2025-11-12 14:48:23,"Back + Bi",48m,"Lat Pulldown (Cable)",2,140.0,8.0,0,0.0,
2025-11-12 14:48:23,"Back + Bi",48m,"Lat Pulldown (Cable)",3,125.0,9.0,0,0.0,
2025-11-12 14:48:23,"Back + Bi",48m,"Seated Row (Plate Loaded)",1,230.0,6.0,0,0.0,
2025-11-12 14:48:23,"Back + Bi",48m,"Seated Row (Plate Loaded)",2,210.0,8.0,0,0.0,
2025-11-12 14:48:23,"Back + Bi",48m,"Seated Row (Plate Loaded)",3,180.0,10.0,0,0.0,
2025-11-12 14:48:23,"Back + Bi",48m,"Seated Row (Plate Loaded)",4,180.0,6.0,0,0.0,
2025-11-12 14:48:23,"Back + Bi",48m,"Incline Curl (Dumbbell)",1,70.0,10.0,0,0.0,
2025-11-12 14:48:23,"Back + Bi",48m,"Incline Curl (Dumbbell)",2,60.0,10.0,0,0.0,
2025-11-12 14:48:23,"Back + Bi",48m,"Incline Curl (Dumbbell)",3,50.0,10.0,0,0.0,
2025-11-12 14:48:23,"Back + Bi",48m,"Bicep Curl (Barbell)",1,70.0,4.0,0,0.0,
2025-11-12 14:48:23,"Back + Bi",48m,"Bicep Curl (Barbell)",2,50.0,12.0,0,0.0,
2025-11-12 14:48:23,"Back + Bi",48m,"Bicep Curl (Barbell)",3,50.0,8.0,0,0.0,
2025-11-12 14:48:23,"Back + Bi",48m,"Bicep Curl (Barbell)",4,50.0,7.0,0,0.0,
2025-11-12 14:48:23,"Back + Bi",48m,"Pull Up",1,0.0,6.0,0,0.0,
2025-11-12 14:48:23,"Back + Bi",48m,"Pull Up",2,0.0,4.0,0,0.0,
2025-11-13 20:48:12,"Push",56m,"Bench Press (Barbell)",1,165.0,8.0,0,0.0,
2025-11-13 20:48:12,"Push",56m,"Bench Press (Barbell)",2,155.0,7.0,0,0.0,
2025-11-13 20:48:12,"Push",56m,"Bench Press (Barbell)",3,145.0,7.0,0,0.0,
2025-11-13 20:48:12,"Push",56m,"Iso-Lateral Chest Press (Machine)",1,180.0,8.0,0,0.0,
2025-11-13 20:48:12,"Push",56m,"Iso-Lateral Chest Press (Machine)",2,160.0,10.0,0,0.0,
2025-11-13 20:48:12,"Push",56m,"Iso-Lateral Chest Press (Machine)",3,160.0,8.0,0,0.0,
2025-11-13 20:48:12,"Push",56m,"Triceps Pushdown (Cable - Straight Bar)",1,57.5,10.0,0,0.0,
2025-11-13 20:48:12,"Push",56m,"Triceps Pushdown (Cable - Straight Bar)",2,50.0,10.0,0,0.0,
2025-11-13 20:48:12,"Push",56m,"Triceps Pushdown (Cable - Straight Bar)",3,42.5,10.0,0,0.0,
2025-11-13 20:48:12,"Push",56m,"Triceps Extension (Cable)",1,35.0,9.0,0,0.0,
2025-11-13 20:48:12,"Push",56m,"Triceps Extension (Cable)",2,30.0,8.0,0,0.0,
2025-11-13 20:48:12,"Push",56m,"Triceps Extension (Cable)",3,25.0,8.0,0,0.0,
2025-11-13 20:48:12,"Push",56m,"Lateral Raise (Machine)",1,95.0,6.0,0,0.0,
2025-11-13 20:48:12,"Push",56m,"Lateral Raise (Machine)",2,75.0,12.0,0,0.0,
2025-11-13 20:48:12,"Push",56m,"Lateral Raise (Machine)",3,70.0,12.0,0,0.0,
2025-11-13 20:48:12,"Push",56m,"Shoulder Press (Machine)",1,85.0,8.0,0,0.0,
2025-11-13 20:48:12,"Push",56m,"Shoulder Press (Machine)",2,75.0,8.0,0,0.0,
2025-11-13 20:48:12,"Push",56m,"Shoulder Press (Machine)",3,70.0,10.0,0,0.0,
2025-11-13 20:48:12,"Push",56m,"Lateral Raise (Cable)",1,12.5,8.0,0,0.0,
2025-11-13 20:48:12,"Push",56m,"Lateral Raise (Cable)",2,7.5,12.0,0,0.0,
2025-11-13 20:48:12,"Push",56m,"Lateral Raise (Cable)",3,7.5,12.0,0,0.0,
2025-11-13 20:48:12,"Push",56m,"Face Pull (Cable)",1,62.5,9.0,0,0.0,
2025-11-13 20:48:12,"Push",56m,"Face Pull (Cable)",2,52.5,9.0,0,0.0,
2025-11-13 20:48:12,"Push",56m,"Face Pull (Cable)",3,42.5,10.0,0,0.0,
2025-11-13 20:48:12,"Push",56m,"Triceps Dip",1,0.0,10.0,0,0.0,
2025-11-13 20:48:12,"Push",56m,"Triceps Dip",2,0.0,6.0,0,0.0,
2025-11-13 20:48:12,"Push",56m,"Triceps Dip",3,0.0,5.0,0,0.0,
2025-11-14 16:24:40,"Legs",30m,"Squat (Barbell)",1,175.0,4.0,0,0.0,
2025-11-14 16:24:40,"Legs",30m,"Squat (Barbell)",2,155.0,10.0,0,0.0,
2025-11-14 16:24:40,"Legs",30m,"Squat (Barbell)",3,145.0,10.0,0,0.0,
2025-11-14 16:24:40,"Legs",30m,"Lying Leg Curl (Machine)",1,140.0,11.0,0,0.0,
2025-11-14 16:24:40,"Legs",30m,"Lying Leg Curl (Machine)",2,140.0,10.0,0,0.0,
2025-11-14 16:24:40,"Legs",30m,"Lying Leg Curl (Machine)",3,140.0,9.0,0,0.0,
2025-11-14 16:24:40,"Legs",30m,"Hip Adductor (Machine)",1,90.0,10.0,0,0.0,
2025-11-16 12:30:49,"Back + Bi",49m,"Lat Pulldown (Cable)",1,80.0,6.0,0,0.0,
2025-11-16 12:30:49,"Back + Bi",49m,"Lat Pulldown (Cable)",2,70.0,8.0,0,0.0,
2025-11-16 12:30:49,"Back + Bi",49m,"Lat Pulldown (Cable)",3,50.0,13.0,0,0.0,
2025-11-16 12:30:49,"Back + Bi",49m,"Lat Pulldown (Cable)",4,50.0,12.0,0,0.0,
2025-11-16 12:30:49,"Back + Bi",49m,"Seated Row (Plate Loaded)",1,230.0,8.0,0,0.0,
2025-11-16 12:30:49,"Back + Bi",49m,"Seated Row (Plate Loaded)",2,200.0,10.0,0,0.0,
2025-11-16 12:30:49,"Back + Bi",49m,"Seated Row (Plate Loaded)",3,180.0,10.0,0,0.0,
2025-11-16 12:30:49,"Back + Bi",49m,"Seated Row (Plate Loaded)",4,180.0,10.0,0,0.0,
2025-11-16 12:30:49,"Back + Bi",49m,"Incline Curl (Dumbbell)",1,70.0,10.0,0,0.0,
2025-11-16 12:30:49,"Back + Bi",49m,"Incline Curl (Dumbbell)",2,60.0,10.0,0,0.0,
2025-11-16 12:30:49,"Back + Bi",49m,"Incline Curl (Dumbbell)",3,55.0,10.0,0,0.0,
2025-11-16 12:30:49,"Back + Bi",49m,"Bicep Curl (Machine)",1,100.0,9.0,0,0.0,
2025-11-16 12:30:49,"Back + Bi",49m,"Bicep Curl (Machine)",2,90.0,8.0,0,0.0,
2025-11-16 12:30:49,"Back + Bi",49m,"Bicep Curl (Machine)",3,70.0,10.0,0,0.0,
2025-11-16 12:30:49,"Back + Bi",49m,"Pull Up (Assisted)",1,0.0,3.0,0,0.0,
2025-11-16 12:30:49,"Back + Bi",49m,"Pull Up (Assisted)",2,70.0,7.0,0,0.0,
2025-11-16 12:30:49,"Back + Bi",49m,"Pull Up (Assisted)",3,70.0,7.0,0,0.0,
2025-11-17 14:18:46,"Push",1h 4m,"Iso-Lateral Chest Press (Machine)",1,180.0,10.0,0,0.0,
2025-11-17 14:18:46,"Push",1h 4m,"Iso-Lateral Chest Press (Machine)",2,160.0,10.0,0,0.0,
2025-11-17 14:18:46,"Push",1h 4m,"Iso-Lateral Chest Press (Machine)",3,160.0,10.0,0,0.0,
2025-11-17 14:18:46,"Push",1h 4m,"Iso-Lateral Chest Press (Machine)",4,160.0,10.0,0,0.0,
2025-11-17 14:18:46,"Push",1h 4m,"Bench Press (Barbell)",1,165.0,8.0,0,0.0,
2025-11-17 14:18:46,"Push",1h 4m,"Bench Press (Barbell)",2,155.0,7.0,0,0.0,
2025-11-17 14:18:46,"Push",1h 4m,"Bench Press (Barbell)",3,145.0,3.0,0,0.0,
2025-11-17 14:18:46,"Push",1h 4m,"Triceps Pushdown (Cable - Straight Bar)",1,57.5,11.0,0,0.0,
2025-11-17 14:18:46,"Push",1h 4m,"Triceps Pushdown (Cable - Straight Bar)",2,52.5,9.0,0,0.0,
2025-11-17 14:18:46,"Push",1h 4m,"Triceps Pushdown (Cable - Straight Bar)",3,47.5,7.0,0,0.0,
2025-11-17 14:18:46,"Push",1h 4m,"Triceps Pushdown (Cable - Straight Bar)",4,42.5,2.0,0,0.0,
2025-11-17 14:18:46,"Push",1h 4m,"Triceps Extension (Cable)",1,32.5,8.0,0,0.0,
2025-11-17 14:18:46,"Push",1h 4m,"Triceps Extension (Cable)",2,30.0,12.0,0,0.0,
2025-11-17 14:18:46,"Push",1h 4m,"Triceps Extension (Cable)",3,30.0,9.0,0,0.0,
2025-11-17 14:18:46,"Push",1h 4m,"Lateral Raise (Machine)",1,90.0,8.0,0,0.0,
2025-11-19 14:50:45,"Legs",23m,"Squat (Barbell)",1,175.0,6.0,0,0.0,
2025-11-19 14:50:45,"Legs",23m,"Squat (Barbell)",2,165.0,8.0,0,0.0,
2025-11-19 14:50:45,"Legs",23m,"Squat (Barbell)",3,155.0,10.0,0,0.0,
2025-11-19 14:50:45,"Legs",23m,"Seated Leg Curl (Machine)",1,140.0,9.0,0,0.0,
2025-11-19 14:50:45,"Legs",23m,"Seated Leg Curl (Machine)",2,140.0,11.0,0,0.0,
2025-11-19 14:50:45,"Legs",23m,"Seated Leg Curl (Machine)",3,140.0,7.0,0,0.0,
2025-11-21 20:57:50,"Push",50m,"Bench Press (Barbell)",1,175.0,7.0,0,0.0,
2025-11-21 20:57:50,"Push",50m,"Bench Press (Barbell)",2,155.0,9.0,0,0.0,
2025-11-21 20:57:50,"Push",50m,"Bench Press (Barbell)",3,145.0,8.0,0,0.0,
2025-11-21 20:57:50,"Push",50m,"Iso-Lateral Chest Press (Machine)",1,180.0,8.0,0,0.0,
2025-11-21 20:57:50,"Push",50m,"Iso-Lateral Chest Press (Machine)",2,160.0,9.0,0,0.0,
2025-11-21 20:57:50,"Push",50m,"Iso-Lateral Chest Press (Machine)",3,160.0,6.0,0,0.0,
2025-11-21 20:57:50,"Push",50m,"Triceps Pushdown (Cable - Straight Bar)",1,57.5,10.0,0,0.0,
2025-11-21 20:57:50,"Push",50m,"Triceps Pushdown (Cable - Straight Bar)",2,55.0,11.0,0,0.0,
2025-11-21 20:57:50,"Push",50m,"Triceps Pushdown (Cable - Straight Bar)",3,50.0,10.0,0,0.0,
2025-11-21 20:57:50,"Push",50m,"Triceps Extension (Cable)",1,35.0,11.0,0,0.0,
2025-11-21 20:57:50,"Push",50m,"Triceps Extension (Cable)",2,30.0,10.0,0,0.0,
2025-11-21 20:57:50,"Push",50m,"Triceps Extension (Cable)",3,30.0,10.0,0,0.0,
2025-11-21 20:57:50,"Push",50m,"Lateral Raise (Machine)",1,90.0,7.0,0,0.0,
2025-11-21 20:57:50,"Push",50m,"Lateral Raise (Machine)",2,70.0,8.0,0,0.0,
2025-11-21 20:57:50,"Push",50m,"Lateral Raise (Machine)",3,60.0,7.0,0,0.0,
2025-11-21 20:57:50,"Push",50m,"Shoulder Press (Machine)",1,80.0,8.0,0,0.0,
2025-11-21 20:57:50,"Push",50m,"Shoulder Press (Machine)",2,70.0,8.0,0,0.0,
2025-11-21 20:57:50,"Push",50m,"Shoulder Press (Machine)",3,60.0,8.0,0,0.0,
2025-11-23 13:13:34,"Back + Bi",29m,"Lat Pulldown (Machine)",1,160.0,10.0,0,0.0,
2025-11-23 13:13:34,"Back + Bi",29m,"Lat Pulldown (Machine)",2,160.0,12.0,0,0.0,
2025-11-23 13:13:34,"Back + Bi",29m,"Lat Pulldown (Machine)",3,140.0,10.0,0,0.0,
2025-11-23 13:13:34,"Back + Bi",29m,"Seated Row (Plate Loaded)",1,230.0,8.0,0,0.0,
2025-11-23 13:13:34,"Back + Bi",29m,"Seated Row (Plate Loaded)",2,200.0,10.0,0,0.0,
2025-11-23 13:13:34,"Back + Bi",29m,"Seated Row (Plate Loaded)",3,180.0,10.0,0,0.0,
2025-11-23 13:13:34,"Back + Bi",29m,"Incline Curl (Dumbbell)",1,70.0,10.0,0,0.0,
2025-11-23 13:13:34,"Back + Bi",29m,"Incline Curl (Dumbbell)",2,60.0,11.0,0,0.0,
2025-11-23 13:13:34,"Back + Bi",29m,"Incline Curl (Dumbbell)",3,55.0,10.0,0,0.0,
2025-11-23 13:13:34,"Back + Bi",29m,"Hammer Curl (Dumbbell)",1,70.0,7.0,0,0.0,
2025-11-23 13:13:34,"Back + Bi",29m,"Hammer Curl (Dumbbell)",2,60.0,10.0,0,0.0,
2025-11-23 13:13:34,"Back + Bi",29m,"Hammer Curl (Dumbbell)",3,60.0,7.0,0,0.0,
2025-11-23 13:13:34,"Back + Bi",29m,"Chin Up",1,0,6.0,0,0.0,
2025-12-01 15:49:06,"Push",52m,"Bench Press (Barbell)",1,185.0,4.0,0,0.0,
2025-12-01 15:49:06,"Push",52m,"Bench Press (Barbell)",2,155.0,11.0,0,0.0,
2025-12-01 15:49:06,"Push",52m,"Bench Press (Barbell)",3,145.0,8.0,0,0.0,
2025-12-01 15:49:06,"Push",52m,"Iso-Lateral Chest Press (Machine)",1,180.0,7.0,0,0.0,
2025-12-01 15:49:06,"Push",52m,"Iso-Lateral Chest Press (Machine)",2,160.0,7.0,0,0.0,
2025-12-01 15:49:06,"Push",52m,"Iso-Lateral Chest Press (Machine)",3,150.0,7.0,0,0.0,
2025-12-01 15:49:06,"Push",52m,"Triceps Pushdown (Cable - Straight Bar)",1,62.5,10.0,0,0.0,
2025-12-01 15:49:06,"Push",52m,"Triceps Pushdown (Cable - Straight Bar)",2,57.5,9.0,0,0.0,
2025-12-01 15:49:06,"Push",52m,"Triceps Pushdown (Cable - Straight Bar)",3,52.5,8.0,0,0.0,
2025-12-01 15:49:06,"Push",52m,"Triceps Extension (Cable)",1,37.5,9.0,0,0.0,
2025-12-01 15:49:06,"Push",52m,"Triceps Extension (Cable)",2,27.5,12.0,0,0.0,
2025-12-01 15:49:06,"Push",52m,"Triceps Extension (Cable)",3,27.5,12.0,0,0.0,
2025-12-01 15:49:06,"Push",52m,"Lateral Raise (Dumbbell)",1,30.0,12.0,0,0.0,
2025-12-01 15:49:06,"Push",52m,"Lateral Raise (Dumbbell)",2,25.0,8.0,0,0.0,
2025-12-01 15:49:06,"Push",52m,"Lateral Raise (Dumbbell)",3,25.0,10.0,0,0.0,
2025-12-09 14:16:56,"Back + Bi",48m,"Lat Pulldown (Cable)",1,75.0,9.0,0,0.0,
2025-12-09 14:16:56,"Back + Bi",48m,"Lat Pulldown (Cable)",2,70.0,10.0,0,0.0,
2025-12-09 14:16:56,"Back + Bi",48m,"Lat Pulldown (Cable)",3,60.0,11.0,0,0.0,
2025-12-09 14:16:56,"Back + Bi",48m,"Seated Row (Machine)",1,150.0,8.0,0,0.0,
2025-12-09 14:16:56,"Back + Bi",48m,"Seated Row (Machine)",2,130.0,8.0,0,0.0,
2025-12-09 14:16:56,"Back + Bi",48m,"Seated Row (Machine)",3,110.0,12.0,0,0.0,
2025-12-09 14:16:56,"Back + Bi",48m,"Bent Over Row (Barbell)",1,115.0,6.0,0,0.0,
2025-12-09 14:16:56,"Back + Bi",48m,"Bent Over Row (Barbell)",2,115.0,6.0,0,0.0,
2025-12-09 14:16:56,"Back + Bi",48m,"Incline Curl (Dumbbell)",1,60.0,10.0,0,0.0,
2025-12-09 14:16:56,"Back + Bi",48m,"Incline Curl (Dumbbell)",2,60.0,7.0,0,0.0,
2025-12-09 14:16:56,"Back + Bi",48m,"Incline Curl (Dumbbell)",3,55.0,5.0,0,0.0,
2025-12-09 14:16:56,"Back + Bi",48m,"Bicep Curl (Barbell)",1,60.0,10.0,0,0.0,
2025-12-09 14:16:56,"Back + Bi",48m,"Bicep Curl (Barbell)",2,50.0,10.0,0,0.0,
2025-12-09 14:16:56,"Back + Bi",48m,"Bicep Curl (Barbell)",3,40.0,10.0,0,0.0,
2025-12-09 14:16:56,"Back + Bi",48m,"Pull Up",1,0.0,6.0,0,0.0,
2025-12-09 14:16:56,"Back + Bi",48m,"Pull Up",2,0.0,2.0,0,0.0,
2025-12-10 20:04:37,"Push",31m,"Bench Press (Barbell)",1,185.0,5.0,0,0.0,
2025-12-10 20:04:37,"Push",31m,"Bench Press (Barbell)",2,155.0,10.0,0,0.0,
2025-12-10 20:04:37,"Push",31m,"Bench Press (Barbell)",3,145.0,9.0,0,0.0,
2025-12-10 20:04:37,"Push",31m,"Chest Press (Machine)",1,150.0,9.0,0,0.0,
2025-12-10 20:04:37,"Push",31m,"Chest Press (Machine)",2,130.0,8.0,0,0.0,
2025-12-10 20:04:37,"Push",31m,"Chest Press (Machine)",3,110.0,10.0,0,0.0,
2025-12-10 20:04:37,"Push",31m,"Chest Fly",1,100.0,15.0,0,0.0,
2025-12-10 20:04:37,"Push",31m,"Chest Fly",2,150.0,8.0,0,0.0,
2025-12-10 20:04:37,"Push",31m,"Triceps Pushdown (Cable - Straight Bar)",1,65.0,10.0,0,0.0,
2025-12-10 20:04:37,"Push",31m,"Triceps Pushdown (Cable - Straight Bar)",2,72.5,9.0,0,0.0,
2025-12-10 20:04:37,"Push",31m,"Triceps Pushdown (Cable - Straight Bar)",3,72.5,8.0,0,0.0,
2025-12-10 20:04:37,"Push",31m,"Lateral Raise (Machine)",1,70.0,10.0,0,0.0,
2025-12-10 20:04:37,"Push",31m,"Lateral Raise (Machine)",2,60.0,8.0,0,0.0,
2025-12-10 20:04:37,"Push",31m,"Lateral Raise (Machine)",3,60.0,7.0,0,0.0,
2025-12-11 16:58:11,"Legs",44m,"Zercher Squat (Barbell)",1,135.0,5.0,0,0.0,
2025-12-11 16:58:11,"Legs",44m,"Zercher Squat (Barbell)",2,135.0,7.0,0,0.0,
2025-12-11 16:58:11,"Legs",44m,"Squat (Barbell)",1,175.0,3.0,0,0.0,
2025-12-11 16:58:11,"Legs",44m,"Squat (Barbell)",2,155.0,6.0,0,0.0,
2025-12-11 16:58:11,"Legs",44m,"Leg Extension (Machine)",1,205.0,8.0,0,0.0,
2025-12-11 16:58:11,"Legs",44m,"Leg Extension (Machine)",2,180.0,10.0,0,0.0,
2025-12-11 16:58:11,"Legs",44m,"Leg Extension (Machine)",3,170.0,7.0,0,0.0,
2025-12-11 16:58:11,"Legs",44m,"Seated Leg Curl (Machine)",1,190.0,7.0,0,0.0,
2025-12-11 16:58:11,"Legs",44m,"Seated Leg Curl (Machine)",2,170.0,7.0,0,0.0,
2025-12-11 16:58:11,"Legs",44m,"Seated Leg Curl (Machine)",3,150.0,12.0,0,0.0,
2025-12-11 16:58:11,"Legs",44m,"Hip Abductor (Machine)",1,110.0,12.0,0,0.0,
2025-12-11 16:58:11,"Legs",44m,"Hip Abductor (Machine)",2,130.0,10.0,0,0.0,
2025-12-11 16:58:11,"Legs",44m,"Hip Adductor (Machine)",1,210.0,10.0,0,0.0,
2025-12-11 16:58:11,"Legs",44m,"Hip Adductor (Machine)",2,150.0,10.0,0,0.0,
2025-12-11 16:58:11,"Legs",44m,"Seated Calf Raise (Plate Loaded)",1,90.0,10.0,0,0.0,
2025-12-11 16:58:11,"Legs",44m,"Seated Calf Raise (Plate Loaded)",2,90.0,5.0,0,0.0,
2025-12-14 12:09:24,"Back + Bi",26m,"Lat Pulldown (Cable)",1,80.0,8.0,0,0.0,
2025-12-14 12:09:24,"Back + Bi",26m,"Lat Pulldown (Cable)",2,60.0,8.0,0,0.0,
2025-12-14 12:09:24,"Back + Bi",26m,"Lat Pulldown (Cable)",3,50.0,12.0,0,0.0,
2025-12-14 12:09:24,"Back + Bi",26m,"Seated Row (Plate Loaded)",1,180.0,8.0,0,0.0,
2025-12-14 12:09:24,"Back + Bi",26m,"Seated Row (Plate Loaded)",2,180.0,9.0,0,0.0,
2025-12-14 12:09:24,"Back + Bi",26m,"Incline Curl (Dumbbell)",1,70.0,9.0,0,0.0,
2025-12-14 12:09:24,"Back + Bi",26m,"Incline Curl (Dumbbell)",2,60.0,9.0,0,0.0,
2025-12-14 12:09:24,"Back + Bi",26m,"Incline Curl (Dumbbell)",3,55.0,10.0,0,0.0,
2025-12-14 12:09:24,"Back + Bi",26m,"Hammer Curl (Cable)",1,57.5,6.0,0,0.0,
2025-12-14 12:09:24,"Back + Bi",26m,"Hammer Curl (Cable)",2,42.5,8.0,0,0.0,
2025-12-14 12:09:24,"Back + Bi",26m,"Hammer Curl (Cable)",3,35.0,8.0,0,0.0,
2025-12-14 12:09:24,"Back + Bi",26m,"Pull Up",1,0.0,6.0,0,0.0,
2025-12-16 16:08:29,"Push",39m,"Bench Press (Barbell)",1,185.0,2.0,0,0.0,
2025-12-16 16:08:29,"Push",39m,"Bench Press (Barbell)",2,155.0,6.0,0,0.0,
2025-12-16 16:08:29,"Push",39m,"Incline Bench Press (Dumbbell)",1,130.0,6.0,0,0.0,
2025-12-16 16:08:29,"Push",39m,"Incline Bench Press (Dumbbell)",2,110.0,10.0,0,0.0,
2025-12-16 16:08:29,"Push",39m,"Incline Bench Press (Dumbbell)",3,110.0,7.0,0,0.0,
2025-12-16 16:08:29,"Push",39m,"Triceps Pushdown (Cable - Straight Bar)",1,65.0,8.0,0,0.0,
2025-12-16 16:08:29,"Push",39m,"Triceps Pushdown (Cable - Straight Bar)",2,57.5,10.0,0,0.0,
2025-12-16 16:08:29,"Push",39m,"Triceps Pushdown (Cable - Straight Bar)",3,50.0,8.0,0,0.0,
2025-12-16 16:08:29,"Push",39m,"Triceps Extension (Cable)",1,42.5,5.0,0,0.0,
2025-12-16 16:08:29,"Push",39m,"Triceps Extension (Cable)",2,35.0,4.0,0,0.0,
2025-12-16 16:08:29,"Push",39m,"Triceps Extension (Cable)",3,30.0,11.0,0,0.0,
2025-12-16 16:08:29,"Push",39m,"Triceps Extension (Cable)",4,25.0,10.0,0,0.0,
2025-12-16 16:08:29,"Push",39m,"Shoulder Press (Machine)",1,60.0,11.0,0,0.0,
2025-12-16 16:08:29,"Push",39m,"Shoulder Press (Machine)",2,50.0,8.0,0,0.0,
2025-12-16 16:08:29,"Push",39m,"Shoulder Press (Machine)",3,40.0,6.0,0,0.0,
2025-12-17 09:32:16,"Legs",28m,"Squat (Barbell)",1,175.0,1.0,0,0.0,
2025-12-17 09:32:16,"Legs",28m,"Squat (Barbell)",2,155.0,6.0,0,0.0,
2025-12-17 09:32:16,"Legs",28m,"Romanian Deadlift (Barbell)",1,185.0,4.0,0,0.0,
2025-12-17 09:32:16,"Legs",28m,"Leg Extension (Machine)",1,205.0,7.0,0,0.0,
2025-12-17 09:32:16,"Legs",28m,"Leg Extension (Machine)",2,175.0,7.0,0,0.0,
2025-12-17 09:32:16,"Legs",28m,"Leg Extension (Machine)",3,160.0,8.0,0,0.0,
2025-12-17 09:32:16,"Legs",28m,"Seated Leg Curl (Machine)",1,130.0,5.0,0,0.0,
2025-12-17 09:32:16,"Legs",28m,"Seated Leg Curl (Machine)",2,100.0,8.0,0,0.0,
2025-12-17 09:32:16,"Legs",28m,"Seated Leg Curl (Machine)",3,100.0,6.0,0,0.0,
2025-12-18 12:59:43,"Back + Bi",27m,"Lat Pulldown (Machine)",1,140.0,12.0,0,0.0,
2025-12-18 12:59:43,"Back + Bi",27m,"Lat Pulldown (Machine)",2,160.0,12.0,0,0.0,
2025-12-18 12:59:43,"Back + Bi",27m,"Lat Pulldown (Machine)",3,160.0,11.0,0,0.0,
2025-12-18 12:59:43,"Back + Bi",27m,"Seated Row (Plate Loaded)",1,180.0,7.0,0,0.0,
2025-12-18 12:59:43,"Back + Bi",27m,"Seated Row (Plate Loaded)",2,180.0,4.0,0,0.0,
2025-12-18 12:59:43,"Back + Bi",27m,"Seated Row (Plate Loaded)",3,140.0,8.0,0,0.0,
2025-12-18 12:59:43,"Back + Bi",27m,"Seated Row (Plate Loaded)",4,140.0,9.0,0,0.0,
2025-12-18 12:59:43,"Back + Bi",27m,"Incline Curl (Dumbbell)",1,70.0,10.0,0,0.0,
2025-12-18 12:59:43,"Back + Bi",27m,"Incline Curl (Dumbbell)",2,60.0,12.0,0,0.0,
2025-12-18 12:59:43,"Back + Bi",27m,"Incline Curl (Dumbbell)",3,55.0,10.0,0,0.0,
2025-12-18 12:59:43,"Back + Bi",27m,"Preacher Curl (Machine)",1,70.0,6.0,0,0.0,
2025-12-18 12:59:43,"Back + Bi",27m,"Preacher Curl (Machine)",2,55.0,7.0,0,0.0,
2025-12-18 12:59:43,"Back + Bi",27m,"Preacher Curl (Machine)",3,55.0,6.0,0,0.0,
2025-12-19 12:57:44,"Push",29m,"Bench Press (Barbell)",1,155.0,6.0,0,0.0,
2025-12-19 12:57:44,"Push",29m,"Bench Press (Barbell)",2,145.0,6.0,0,0.0,
2025-12-19 12:57:44,"Push",29m,"Bench Press (Barbell)",3,135.0,8.0,0,0.0,
2025-12-19 12:57:44,"Push",29m,"Iso-Lateral Chest Press (Machine)",1,180.0,9.0,0,0.0,
2025-12-19 12:57:44,"Push",29m,"Iso-Lateral Chest Press (Machine)",2,160.0,10.0,0,0.0,
2025-12-19 12:57:44,"Push",29m,"Iso-Lateral Chest Press (Machine)",3,160.0,6.0,0,0.0,
2025-12-19 12:57:44,"Push",29m,"Triceps Pushdown (Cable - Straight Bar)",1,65.0,6.0,0,0.0,
2025-12-19 12:57:44,"Push",29m,"Triceps Pushdown (Cable - Straight Bar)",2,55.0,12.0,0,0.0,
2025-12-19 12:57:44,"Push",29m,"Triceps Pushdown (Cable - Straight Bar)",3,50.0,10.0,0,0.0,
2025-12-19 12:57:44,"Push",29m,"Lateral Raise (Machine)",1,70.0,12.0,0,0.0,
2025-12-19 12:57:44,"Push",29m,"Lateral Raise (Machine)",2,70.0,8.0,0,0.0,
2025-12-19 12:57:44,"Push",29m,"Lateral Raise (Machine)",3,60.0,7.0,0,0.0,
2025-12-19 12:57:44,"Push",29m,"Shoulder Press (Machine)",1,60.0,9.0,0,0.0,
2025-12-19 12:57:44,"Push",29m,"Shoulder Press (Machine)",2,50.0,10.0,0,0.0,
2025-12-19 12:57:44,"Push",29m,"Shoulder Press (Machine)",3,40.0,10.0,0,0.0,
2025-12-20 14:18:20,"Legs",29m,"Hack Squat",1,185.0,8.0,0,0.0,
2025-12-20 14:18:20,"Legs",29m,"Hack Squat",2,185.0,7.0,0,0.0,
2025-12-20 14:18:20,"Legs",29m,"Hack Squat",3,155.0,7.0,0,0.0,
2025-12-20 14:18:20,"Legs",29m,"Leg Extension (Machine)",1,205.0,8.0,0,0.0,
2025-12-20 14:18:20,"Legs",29m,"Leg Extension (Machine)",2,175.0,11.0,0,0.0,
2025-12-20 14:18:20,"Legs",29m,"Leg Extension (Machine)",3,170.0,10.0,0,0.0,
2025-12-20 14:18:20,"Legs",29m,"Seated Leg Curl (Machine)",1,120.0,6.0,0,0.0,
2025-12-20 14:18:20,"Legs",29m,"Seated Leg Curl (Machine)",2,100.0,8.0,0,0.0,
2025-12-23 14:38:22,"Back + Bi",18m,"Lat Pulldown (Cable)",1,60.0,9.0,0,0.0,
2025-12-23 14:38:22,"Back + Bi",18m,"Incline Curl (Dumbbell)",1,60.0,12.0,0,0.0,
2025-12-23 14:38:22,"Back + Bi",18m,"Incline Curl (Dumbbell)",2,60.0,12.0,0,0.0,
2025-12-23 14:38:22,"Back + Bi",18m,"Incline Curl (Dumbbell)",3,55.0,10.0,0,0.0,
2025-12-23 14:38:22,"Back + Bi",18m,"Preacher Curl (Machine)",1,60.0,7.0,0,0.0,
2025-12-23 14:38:22,"Back + Bi",18m,"Preacher Curl (Machine)",2,45.0,9.0,0,0.0,
2025-12-23 14:38:22,"Back + Bi",18m,"Preacher Curl (Machine)",3,35.0,10.0,0,0.0,
2025-12-29 05:10:51,"Push",34m,"Bench Press (Barbell)",1,155.0,7.0,0,0.0,
2025-12-29 05:10:51,"Push",34m,"Bench Press (Barbell)",2,135.0,10.0,0,0.0,
2025-12-29 05:10:51,"Push",34m,"Bench Press (Barbell)",3,135.0,8.0,0,0.0,
2025-12-29 05:10:51,"Push",34m,"Incline Bench Press (Dumbbell)",1,110.0,7.0,0,0.0,
2025-12-29 05:10:51,"Push",34m,"Incline Bench Press (Dumbbell)",2,100.0,8.0,0,0.0,
2025-12-29 05:10:51,"Push",34m,"Incline Bench Press (Dumbbell)",3,100.0,7.0,0,0.0,
2025-12-29 05:10:51,"Push",34m,"Triceps Extension (Dumbbell)",1,35.0,10.0,0,0.0,
2025-12-29 05:10:51,"Push",34m,"Triceps Extension (Dumbbell)",2,35.0,10.0,0,0.0,
2025-12-29 05:10:51,"Push",34m,"Lateral Raise (Machine)",1,70.0,12.0,0,0.0,
2025-12-29 05:10:51,"Push",34m,"Lateral Raise (Machine)",2,70.0,8.0,0,0.0,
2025-12-29 05:10:51,"Push",34m,"Lateral Raise (Machine)",3,60.0,7.0,0,0.0,
2025-12-29 05:10:51,"Push",34m,"Shoulder Press (Machine)",1,80.0,6.0,0,0.0,
2025-12-29 05:10:51,"Push",34m,"Shoulder Press (Machine)",2,60.0,10.0,0,0.0,
2025-12-29 05:10:51,"Push",34m,"Shoulder Press (Machine)",3,50.0,10.0,0,0.0,
2025-12-30 05:11:12,"Legs",23m,"Zercher Squat (Barbell)",1,95.0,7.0,0,0.0,
2025-12-30 05:11:12,"Legs",23m,"Zercher Squat (Barbell)",2,115.0,6.0,0,0.0,
2025-12-30 05:11:12,"Legs",23m,"Zercher Squat (Barbell)",3,115.0,3.0,0,0.0,
2025-12-30 05:11:12,"Legs",23m,"Leg Extension (Machine)",1,205.0,9.0,0,0.0,
2025-12-30 05:11:12,"Legs",23m,"Leg Extension (Machine)",2,175.0,11.0,0,0.0,
2025-12-30 05:11:12,"Legs",23m,"Leg Extension (Machine)",3,170.0,10.0,0,0.0,
2025-12-30 05:11:12,"Legs",23m,"Seated Leg Curl (Machine)",1,190.0,7.0,0,0.0,
2025-12-30 05:11:12,"Legs",23m,"Seated Leg Curl (Machine)",2,170.0,7.0,0,0.0,
2025-12-30 05:11:12,"Legs",23m,"Seated Leg Curl (Machine)",3,150.0,12.0,0,0.0,
2025-12-31 05:44:05,"Back + Bi",12m,"Lat Pulldown (Machine)",1,140.0,12.0,0,0.0,
2025-12-31 05:44:05,"Back + Bi",12m,"Lat Pulldown (Machine)",2,160.0,12.0,0,0.0,
2025-12-31 05:44:05,"Back + Bi",12m,"Lat Pulldown (Machine)",3,160.0,11.0,0,0.0,
2025-12-31 05:44:05,"Back + Bi",12m,"Incline Curl (Dumbbell)",1,70.0,8.0,0,0.0,
2025-12-31 05:44:05,"Back + Bi",12m,"Incline Curl (Dumbbell)",2,60.0,12.0,0,0.0,
2025-12-31 05:44:05,"Back + Bi",12m,"Incline Curl (Dumbbell)",3,60.0,10.0,0,0.0,
2026-01-01 04:14:09,"Push",45m,"Bench Press (Barbell)",1,155.0,9.0,0,0.0,
2026-01-01 04:14:09,"Push",45m,"Bench Press (Barbell)",2,135.0,10.0,0,0.0,
2026-01-01 04:14:09,"Push",45m,"Bench Press (Barbell)",3,135.0,6.0,0,0.0,
2026-01-01 04:14:09,"Push",45m,"Incline Bench Press (Dumbbell)",1,110.0,10.0,0,0.0,
2026-01-01 04:14:09,"Push",45m,"Incline Bench Press (Dumbbell)",2,110.0,8.0,0,0.0,
2026-01-01 04:14:09,"Push",45m,"Incline Bench Press (Dumbbell)",3,110.0,8.0,0,0.0,
2026-01-01 04:14:09,"Push",45m,"Triceps Pushdown (Cable - Straight Bar)",1,65.0,6.0,0,0.0,
2026-01-01 04:14:09,"Push",45m,"Triceps Pushdown (Cable - Straight Bar)",2,55.0,12.0,0,0.0,
2026-01-01 04:14:09,"Push",45m,"Triceps Pushdown (Cable - Straight Bar)",3,50.0,10.0,0,0.0,
2026-01-01 04:14:09,"Push",45m,"Skullcrusher (Barbell)",1,30.0,10.0,0,0.0,
2026-01-01 04:14:09,"Push",45m,"Skullcrusher (Barbell)",2,30.0,10.0,0,0.0,
2026-01-01 04:14:09,"Push",45m,"Skullcrusher (Barbell)",3,30.0,10.0,0,0.0,
2026-01-01 04:14:09,"Push",45m,"Lateral Raise (Dumbbell)",1,40.0,8.0,0,0.0,
2026-01-01 04:14:09,"Push",45m,"Lateral Raise (Dumbbell)",2,30.0,8.0,0,0.0,
2026-01-01 04:14:09,"Push",45m,"Lateral Raise (Dumbbell)",3,30.0,7.0,0,0.0,
2026-01-01 04:14:09,"Push",45m,"Shoulder Press (Machine)",1,70.0,12.0,0,0.0,
2026-01-01 04:14:09,"Push",45m,"Shoulder Press (Machine)",2,70.0,8.0,0,0.0,
2026-01-01 04:14:09,"Push",45m,"Shoulder Press (Machine)",3,60.0,10.0,0,0.0,
2026-01-03 20:13:21,"Legs",24m,"Squat (Barbell)",1,155.0,7.0,0,0.0,
2026-01-03 20:13:21,"Legs",24m,"Squat (Barbell)",2,155.0,3.0,0,0.0,
2026-01-03 20:13:21,"Legs",24m,"Leg Extension (Machine)",1,205.0,8.0,0,0.0,
2026-01-03 20:13:21,"Legs",24m,"Leg Extension (Machine)",2,180.0,12.0,0,0.0,
2026-01-03 20:13:21,"Legs",24m,"Leg Extension (Machine)",3,175.0,10.0,0,0.0,
2026-01-03 20:13:21,"Legs",24m,"Seated Leg Curl (Machine)",1,190.0,7.0,0,0.0,
2026-01-03 20:13:21,"Legs",24m,"Seated Leg Curl (Machine)",2,170.0,8.0,0,0.0,
2026-01-03 20:13:21,"Legs",24m,"Seated Leg Curl (Machine)",3,150.0,7.0,0,0.0,
2026-01-04 10:21:21,"Back + Bi",48m,"Lat Pulldown (Machine)",1,140.0,9.0,0,0.0,
2026-01-04 10:21:21,"Back + Bi",48m,"Lat Pulldown (Machine)",2,120.0,12.0,0,0.0,
2026-01-04 10:21:21,"Back + Bi",48m,"Lat Pulldown (Machine)",3,120.0,10.0,0,0.0,
2026-01-04 10:21:21,"Back + Bi",48m,"Seated Row (Machine)",1,150.0,5.0,0,0.0,
2026-01-04 10:21:21,"Back + Bi",48m,"Seated Row (Machine)",2,110.0,10.0,0,0.0,
2026-01-04 10:21:21,"Back + Bi",48m,"Seated Row (Machine)",3,110.0,10.0,0,0.0,
2026-01-04 10:21:21,"Back + Bi",48m,"Seated Row (Machine)",4,90.0,12.0,0,0.0,
2026-01-04 10:21:21,"Back + Bi",48m,"Incline Curl (Dumbbell)",1,70.0,8.0,0,0.0,
2026-01-04 10:21:21,"Back + Bi",48m,"Incline Curl (Dumbbell)",2,60.0,12.0,0,0.0,
2026-01-04 10:21:21,"Back + Bi",48m,"Incline Curl (Dumbbell)",3,60.0,10.0,0,0.0,
2026-01-04 10:21:21,"Back + Bi",48m,"Preacher Curl (Machine)",1,60.0,10.0,0,0.0,
2026-01-04 10:21:21,"Back + Bi",48m,"Preacher Curl (Machine)",2,60.0,7.0,0,0.0,
2026-01-04 10:21:21,"Back + Bi",48m,"Preacher Curl (Machine)",3,50.0,8.0,0,0.0,
2026-01-04 10:21:21,"Back + Bi",48m,"Pull Up",1,0.0,3.0,0,0.0,
2026-01-05 15:59:37,"Push",55m,"Bench Press (Barbell)",1,155.0,10.0,0,0.0,
2026-01-05 15:59:37,"Push",55m,"Bench Press (Barbell)",2,145.0,6.0,0,0.0,
2026-01-05 15:59:37,"Push",55m,"Bench Press (Barbell)",3,135.0,9.0,0,0.0,
2026-01-05 15:59:37,"Push",55m,"Incline Bench Press (Dumbbell)",1,110.0,9.0,0,0.0,
2026-01-05 15:59:37,"Push",55m,"Incline Bench Press (Dumbbell)",2,110.0,9.0,0,0.0,
2026-01-05 15:59:37,"Push",55m,"Incline Bench Press (Dumbbell)",3,110.0,8.0,0,0.0,
2026-01-05 15:59:37,"Push",55m,"Skullcrusher (Barbell)",1,40.0,10.0,0,0.0,
2026-01-05 15:59:37,"Push",55m,"Skullcrusher (Barbell)",2,40.0,12.0,0,0.0,
2026-01-05 15:59:37,"Push",55m,"Skullcrusher (Barbell)",3,40.0,10.0,0,0.0,
2026-01-05 15:59:37,"Push",55m,"Lateral Raise (Dumbbell)",1,30.0,12.0,0,0.0,
2026-01-05 15:59:37,"Push",55m,"Lateral Raise (Dumbbell)",2,30.0,8.0,0,0.0,
2026-01-05 15:59:37,"Push",55m,"Lateral Raise (Dumbbell)",3,30.0,5.0,0,0.0,
2026-01-05 15:59:37,"Push",55m,"Seated Overhead Press (Barbell)",1,55.0,12.0,0,0.0,
2026-01-05 15:59:37,"Push",55m,"Seated Overhead Press (Barbell)",2,95.0,3.0,0,0.0,
2026-01-06 18:49:11,"Legs",30m,"Hack Squat",1,215.0,10.0,0,0.0,
2026-01-06 18:49:11,"Legs",30m,"Hack Squat",2,215.0,6.0,0,0.0,
2026-01-06 18:49:11,"Legs",30m,"Hack Squat",3,195.0,8.0,0,0.0,
2026-01-06 18:49:11,"Legs",30m,"Leg Extension (Machine)",1,190.0,10.0,0,0.0,
2026-01-06 18:49:11,"Legs",30m,"Leg Extension (Machine)",2,185.0,10.0,0,0.0,
2026-01-06 18:49:11,"Legs",30m,"Leg Extension (Machine)",3,175.0,11.0,0,0.0,
2026-01-06 18:49:11,"Legs",30m,"Lying Leg Curl (Machine)",1,160.0,4.0,0,0.0,
2026-01-06 18:49:11,"Legs",30m,"Lying Leg Curl (Machine)",2,130.0,10.0,0,0.0,
2026-01-06 18:49:11,"Legs",30m,"Lying Leg Curl (Machine)",3,110.0,10.0,0,0.0,
2026-01-06 18:49:11,"Legs",30m,"Seated Calf Raise (Plate Loaded)",1,90.0,10.0,0,0.0,
2026-01-06 18:49:11,"Legs",30m,"Seated Calf Raise (Plate Loaded)",2,90.0,10.0,0,0.0,
2026-01-06 18:49:11,"Legs",30m,"Seated Calf Raise (Plate Loaded)",3,90.0,10.0,0,0.0,
2026-01-07 17:24:45,"Back + Bi",37m,"Lat Pulldown (Machine)",1,150.0,12.0,0,0.0,
2026-01-07 17:24:45,"Back + Bi",37m,"Lat Pulldown (Machine)",2,140.0,9.0,0,0.0,
2026-01-07 17:24:45,"Back + Bi",37m,"Lat Pulldown (Machine)",3,130.0,10.0,0,0.0,
2026-01-07 17:24:45,"Back + Bi",37m,"Seated Row (Machine)",1,130.0,7.0,0,0.0,
2026-01-07 17:24:45,"Back + Bi",37m,"Seated Row (Machine)",2,110.0,9.0,0,0.0,
2026-01-07 17:24:45,"Back + Bi",37m,"Seated Row (Machine)",3,110.0,10.0,0,0.0,
2026-01-07 17:24:45,"Back + Bi",37m,"Seated Row (Machine)",4,100.0,11.0,0,0.0,
2026-01-07 17:24:45,"Back + Bi",37m,"Incline Curl (Dumbbell)",1,50.0,15.0,0,0.0,
2026-01-07 17:24:45,"Back + Bi",37m,"Incline Curl (Dumbbell)",2,70.0,7.0,0,0.0,
2026-01-07 17:24:45,"Back + Bi",37m,"Bicep Curl (Barbell)",1,60.0,8.0,0,0.0,
2026-01-07 17:24:45,"Back + Bi",37m,"Bicep Curl (Barbell)",2,50.0,10.0,0,0.0,
2026-01-07 17:24:45,"Back + Bi",37m,"Hammer Curl (Dumbbell)",1,70.0,10.0,0,0.0,
2026-01-07 17:24:45,"Back + Bi",37m,"Hammer Curl (Dumbbell)",2,50.0,15.0,0,0.0,
2026-01-09 16:16:53,"Push",39m,"Bench Press (Barbell)",1,165.0,7.0,0,0.0,
2026-01-09 16:16:53,"Push",39m,"Bench Press (Barbell)",2,155.0,8.0,0,0.0,
2026-01-09 16:16:53,"Push",39m,"Bench Press (Barbell)",3,145.0,8.0,0,0.0,
2026-01-09 16:16:53,"Push",39m,"Incline Bench Press (Barbell)",1,135.0,2.0,0,0.0,
2026-01-09 16:16:53,"Push",39m,"Incline Bench Press (Barbell)",2,115.0,6.0,0,0.0,
2026-01-09 16:16:53,"Push",39m,"Incline Bench Press (Barbell)",3,115.0,7.0,0,0.0,
2026-01-09 16:16:53,"Push",39m,"Skullcrusher (Barbell)",1,40.0,12.0,0,0.0,
2026-01-09 16:16:53,"Push",39m,"Skullcrusher (Barbell)",2,40.0,11.0,0,0.0,
2026-01-09 16:16:53,"Push",39m,"Skullcrusher (Barbell)",3,40.0,10.0,0,0.0,
2026-01-09 16:16:53,"Push",39m,"Lateral Raise (Machine)",1,95.0,6.0,0,0.0,
2026-01-09 16:16:53,"Push",39m,"Lateral Raise (Machine)",2,70.0,9.0,0,0.0,
2026-01-10 16:22:27,"Legs",50m,"Squat (Barbell)",1,155.0,12.0,0,0.0,
2026-01-10 16:22:27,"Legs",50m,"Squat (Barbell)",2,155.0,7.0,0,0.0,
2026-01-10 16:22:27,"Legs",50m,"Squat (Barbell)",3,145.0,8.0,0,0.0,
2026-01-10 16:22:27,"Legs",50m,"Leg Extension (Machine)",1,210.0,8.0,0,0.0,
2026-01-10 16:22:27,"Legs",50m,"Leg Extension (Machine)",2,190.0,10.0,0,0.0,
2026-01-10 16:22:27,"Legs",50m,"Leg Extension (Machine)",3,180.0,11.0,0,0.0,
2026-01-10 16:22:27,"Legs",50m,"Seated Leg Curl (Machine)",1,190.0,8.0,0,0.0,
2026-01-10 16:22:27,"Legs",50m,"Seated Leg Curl (Machine)",2,190.0,8.0,0,0.0,
2026-01-10 16:22:27,"Legs",50m,"Seated Leg Curl (Machine)",3,170.0,7.0,0,0.0,
2026-01-10 16:22:27,"Legs",50m,"Hip Adductor (Machine)",1,190.0,10.0,0,0.0,
2026-01-10 16:22:27,"Legs",50m,"Hip Adductor (Machine)",2,210.0,10.0,0,0.0,
2026-01-10 16:22:27,"Legs",50m,"Hip Abductor (Machine)",1,190.0,10.0,0,0.0,
2026-01-10 16:22:27,"Legs",50m,"Hip Abductor (Machine)",2,150.0,10.0,0,0.0,
2026-01-11 17:48:33,"Back + Bi",34m,"Lat Pulldown (Cable)",1,80.0,4.0,0,0.0,
2026-01-11 17:48:33,"Back + Bi",34m,"Lat Pulldown (Cable)",2,70.0,9.0,0,0.0,
2026-01-11 17:48:33,"Back + Bi",34m,"Lat Pulldown (Cable)",3,60.0,10.0,0,0.0,
2026-01-11 17:48:33,"Back + Bi",34m,"Seated Row (Machine)",1,130.0,12.0,0,0.0,
2026-01-11 17:48:33,"Back + Bi",34m,"Seated Row (Machine)",2,130.0,10.0,0,0.0,
2026-01-11 17:48:33,"Back + Bi",34m,"Seated Row (Machine)",3,110.0,10.0,0,0.0,
2026-01-11 17:48:33,"Back + Bi",34m,"Seated Row (Machine)",4,100.0,12.0,0,0.0,
2026-01-11 17:48:33,"Back + Bi",34m,"Incline Curl (Dumbbell)",1,70.0,9.0,0,0.0,
2026-01-11 17:48:33,"Back + Bi",34m,"Incline Curl (Dumbbell)",2,60.0,12.0,0,0.0,
2026-01-11 17:48:33,"Back + Bi",34m,"Incline Curl (Dumbbell)",3,60.0,9.0,0,0.0,
2026-01-11 17:48:33,"Back + Bi",34m,"Bicep Curl (Barbell)",1,60.0,10.0,0,0.0,
2026-01-11 17:48:33,"Back + Bi",34m,"Bicep Curl (Barbell)",2,50.0,10.0,0,0.0,
2026-01-12 16:43:15,"Push",50m,"Bench Press (Barbell)",1,165.0,9.0,0,0.0,
2026-01-12 16:43:15,"Push",50m,"Bench Press (Barbell)",2,155.0,8.0,0,0.0,
2026-01-12 16:43:15,"Push",50m,"Bench Press (Barbell)",3,145.0,8.0,0,0.0,
2026-01-12 16:43:15,"Push",50m,"Incline Bench Press (Dumbbell)",1,110.0,12.0,0,0.0,
2026-01-12 16:43:15,"Push",50m,"Incline Bench Press (Dumbbell)",2,110.0,8.0,0,0.0,
2026-01-12 16:43:15,"Push",50m,"Incline Bench Press (Dumbbell)",3,100.0,10.0,0,0.0,
2026-01-12 16:43:15,"Push",50m,"Skullcrusher (Barbell)",1,50.0,7.0,0,0.0,
2026-01-12 16:43:15,"Push",50m,"Skullcrusher (Barbell)",2,30.0,12.0,0,0.0,
2026-01-12 16:43:15,"Push",50m,"Skullcrusher (Barbell)",3,40.0,10.0,0,0.0,
2026-01-12 16:43:15,"Push",50m,"Lateral Raise (Machine)",1,75.0,12.0,0,0.0,
2026-01-12 16:43:15,"Push",50m,"Lateral Raise (Machine)",2,70.0,10.0,0,0.0,
2026-01-12 16:43:15,"Push",50m,"Lateral Raise (Machine)",3,60.0,10.0,0,0.0,
2026-01-13 17:40:53,"Legs",35m,"Squat (Barbell)",1,165.0,8.0,0,0.0,
2026-01-13 17:40:53,"Legs",35m,"Squat (Barbell)",2,155.0,10.0,0,0.0,
2026-01-13 17:40:53,"Legs",35m,"Squat (Barbell)",3,145.0,10.0,0,0.0,
2026-01-13 17:40:53,"Legs",35m,"Seated Leg Curl (Machine)",1,190.0,9.0,0,0.0,
2026-01-13 17:40:53,"Legs",35m,"Seated Leg Curl (Machine)",2,180.0,9.0,0,0.0,
2026-01-13 17:40:53,"Legs",35m,"Seated Leg Curl (Machine)",3,170.0,9.0,0,0.0,
2026-01-13 17:40:53,"Legs",35m,"Leg Extension (Machine)",1,210.0,10.0,0,0.0,
2026-01-13 17:40:53,"Legs",35m,"Leg Extension (Machine)",2,190.0,9.0,0,0.0,
2026-01-13 17:40:53,"Legs",35m,"Leg Extension (Machine)",3,180.0,8.0,0,0.0,
2026-01-13 17:40:53,"Legs",35m,"Seated Calf Raise (Plate Loaded)",1,90.0,10.0,0,0.0,
2026-01-13 17:40:53,"Legs",35m,"Seated Calf Raise (Plate Loaded)",2,90.0,10.0,0,0.0,
2026-01-13 17:40:53,"Legs",35m,"Seated Calf Raise (Plate Loaded)",3,90.0,10.0,0,0.0,
2026-01-14 20:20:48,"Back + Bi",34m,"Lat Pulldown (Machine)",1,160.0,9.0,0,0.0,
2026-01-14 20:20:48,"Back + Bi",34m,"Lat Pulldown (Machine)",2,140.0,12.0,0,0.0,
2026-01-14 20:20:48,"Back + Bi",34m,"Lat Pulldown (Machine)",3,130.0,10.0,0,0.0,
2026-01-14 20:20:48,"Back + Bi",34m,"Seated Row (Machine)",1,150.0,8.0,0,0.0,
2026-01-14 20:20:48,"Back + Bi",34m,"Seated Row (Machine)",2,130.0,12.0,0,0.0,
2026-01-14 20:20:48,"Back + Bi",34m,"Seated Row (Machine)",3,130.0,9.0,0,0.0,
2026-01-14 20:20:48,"Back + Bi",34m,"Seated Row (Machine)",4,110.0,12.0,0,0.0,
2026-01-14 20:20:48,"Back + Bi",34m,"Bicep Curl (Machine)",1,115.0,12.0,0,0.0,
2026-01-14 20:20:48,"Back + Bi",34m,"Bicep Curl (Machine)",2,100.0,11.0,0,0.0,
2026-01-14 20:20:48,"Back + Bi",34m,"Bicep Curl (Machine)",3,90.0,10.0,0,0.0,
2026-01-14 20:20:48,"Back + Bi",34m,"Bicep Curl (Barbell)",1,70.0,7.0,0,0.0,
2026-01-14 20:20:48,"Back + Bi",34m,"Bicep Curl (Barbell)",2,50.0,10.0,0,0.0,
2026-01-14 20:20:48,"Back + Bi",34m,"Bicep Curl (Barbell)",3,50.0,10.0,0,0.0,
2026-01-15 17:30:41,"Push",57m,"Bench Press (Barbell)",1,165.0,10.0,0,0.0,
2026-01-15 17:30:41,"Push",57m,"Bench Press (Barbell)",2,155.0,8.0,0,0.0,
2026-01-15 17:30:41,"Push",57m,"Bench Press (Barbell)",3,145.0,7.0,0,0.0,
2026-01-15 17:30:41,"Push",57m,"Iso-Lateral Chest Press (Machine)",1,180.0,6.0,0,0.0,
2026-01-15 17:30:41,"Push",57m,"Iso-Lateral Chest Press (Machine)",2,160.0,7.0,0,0.0,
2026-01-15 17:30:41,"Push",57m,"Iso-Lateral Chest Press (Machine)",3,160.0,5.0,0,0.0,
2026-01-15 17:30:41,"Push",57m,"Triceps Pushdown (Cable - Straight Bar)",1,70.0,9.0,0,0.0,
2026-01-15 17:30:41,"Push",57m,"Triceps Pushdown (Cable - Straight Bar)",2,60.0,10.0,0,0.0,
2026-01-15 17:30:41,"Push",57m,"Triceps Pushdown (Cable - Straight Bar)",3,50.0,10.0,0,0.0,
2026-01-15 17:30:41,"Push",57m,"Skullcrusher (Barbell)",1,40.0,12.0,0,0.0,
2026-01-15 17:30:41,"Push",57m,"Skullcrusher (Barbell)",2,40.0,10.0,0,0.0,
2026-01-15 17:30:41,"Push",57m,"Skullcrusher (Barbell)",3,30.0,12.0,0,0.0,
2026-01-15 17:30:41,"Push",57m,"Lateral Raise (Dumbbell)",1,40.0,9.0,0,0.0,
2026-01-15 17:30:41,"Push",57m,"Lateral Raise (Dumbbell)",2,35.0,9.0,0,0.0,
2026-01-15 17:30:41,"Push",57m,"Lateral Raise (Dumbbell)",3,30.0,10.0,0,0.0,
2026-01-15 17:30:41,"Push",57m,"Seated Overhead Press (Barbell)",1,75.0,10.0,0,0.0,
2026-01-15 17:30:41,"Push",57m,"Seated Overhead Press (Barbell)",2,75.0,6.0,0,0.0,
2026-01-17 11:37:15,"Legs",27m,"Squat (Barbell)",1,165.0,9.0,0,0.0,
2026-01-17 11:37:15,"Legs",27m,"Squat (Barbell)",2,155.0,10.0,0,0.0,
2026-01-17 11:37:15,"Legs",27m,"Squat (Barbell)",3,145.0,4.0,0,0.0,
2026-01-17 11:37:15,"Legs",27m,"Squat (Barbell)",4,135.0,7.0,0,0.0,
2026-01-17 11:37:15,"Legs",27m,"Leg Extension (Machine)",1,210.0,10.0,0,0.0,
2026-01-17 11:37:15,"Legs",27m,"Leg Extension (Machine)",2,190.0,10.0,0,0.0,
2026-01-17 11:37:15,"Legs",27m,"Leg Extension (Machine)",3,180.0,9.0,0,0.0,
2026-01-17 11:37:15,"Legs",27m,"Seated Leg Curl (Machine)",1,160.0,6.0,0,0.0,
2026-01-17 11:37:15,"Legs",27m,"Seated Leg Curl (Machine)",2,145.0,5.0,0,0.0,
2026-01-18 20:13:03,"Push",41m,"Bench Press (Barbell)",1,185.0,1.0,0,0.0,
2026-01-18 20:13:03,"Push",41m,"Bench Press (Barbell)",2,175.0,5.0,0,0.0,
2026-01-18 20:13:03,"Push",41m,"Bench Press (Barbell)",3,155.0,7.0,0,0.0,
2026-01-18 20:13:03,"Push",41m,"Bench Press (Barbell)",4,155.0,4.0,0,0.0,
2026-01-18 20:13:03,"Push",41m,"Iso-Lateral Chest Press (Machine)",1,140.0,12.0,0,0.0,
2026-01-18 20:13:03,"Push",41m,"Iso-Lateral Chest Press (Machine)",2,140.0,10.0,0,0.0,
2026-01-18 20:13:03,"Push",41m,"Iso-Lateral Chest Press (Machine)",3,140.0,8.0,0,0.0,
2026-01-18 20:13:03,"Push",41m,"Triceps Pushdown (Cable - Straight Bar)",1,85.0,5.0,0,0.0,
2026-01-18 20:13:03,"Push",41m,"Triceps Pushdown (Cable - Straight Bar)",2,70.0,10.0,0,0.0,
2026-01-18 20:13:03,"Push",41m,"Triceps Pushdown (Cable - Straight Bar)",3,60.0,10.0,0,0.0,
2026-01-18 20:13:03,"Push",41m,"Lateral Raise (Dumbbell)",1,40.0,9.0,0,0.0,
2026-01-18 20:13:03,"Push",41m,"Lateral Raise (Dumbbell)",2,35.0,9.0,0,0.0,
2026-01-18 20:13:03,"Push",41m,"Lateral Raise (Dumbbell)",3,30.0,10.0,0,0.0,
2026-01-19 14:24:30,"Back + Bi",51m,"Lat Pulldown (Machine)",1,140.0,10.0,0,0.0,
2026-01-19 14:24:30,"Back + Bi",51m,"Lat Pulldown (Machine)",2,140.0,10.0,0,0.0,
2026-01-19 14:24:30,"Back + Bi",51m,"Lat Pulldown (Machine)",3,140.0,7.0,0,0.0,
2026-01-19 14:24:30,"Back + Bi",51m,"Seated Row (Machine)",1,150.0,8.0,0,0.0,
2026-01-19 14:24:30,"Back + Bi",51m,"Seated Row (Machine)",2,140.0,9.0,0,0.0,
2026-01-19 14:24:30,"Back + Bi",51m,"Seated Row (Machine)",3,130.0,12.0,0,0.0,
2026-01-19 14:24:30,"Back + Bi",51m,"Seated Row (Machine)",4,120.0,12.0,0,0.0,
2026-01-19 14:24:30,"Back + Bi",51m,"Incline Curl (Dumbbell)",1,70.0,10.0,0,0.0,
2026-01-19 14:24:30,"Back + Bi",51m,"Incline Curl (Dumbbell)",2,50.0,10.0,0,0.0,
2026-01-19 14:24:30,"Back + Bi",51m,"Incline Curl (Dumbbell)",3,50.0,13.0,0,0.0,
2026-01-19 14:24:30,"Back + Bi",51m,"Hammer Curl (Cable)",1,50.0,10.0,0,0.0,
2026-01-19 14:24:30,"Back + Bi",51m,"Hammer Curl (Cable)",2,42.5,10.0,0,0.0,
2026-01-19 14:24:30,"Back + Bi",51m,"Hammer Curl (Cable)",3,35.0,12.0,0,0.0,
2026-01-19 14:24:30,"Back + Bi",51m,"Preacher Curl (Machine)",1,60.0,10.0,0,0.0,
2026-01-19 14:24:30,"Back + Bi",51m,"Preacher Curl (Machine)",2,55.0,9.0,0,0.0,
2026-01-19 14:24:30,"Back + Bi",51m,"Preacher Curl (Machine)",3,50.0,8.0,0,0.0,
2026-01-20 17:30:00,"Legs",46m,"Squat (Barbell)",1,165.0,12.0,0,0.0,
2026-01-20 17:30:00,"Legs",46m,"Squat (Barbell)",2,155.0,10.0,0,0.0,
2026-01-20 17:30:00,"Legs",46m,"Squat (Barbell)",3,145.0,6.0,0,0.0,
2026-01-20 17:30:00,"Legs",46m,"Lying Leg Curl (Machine)",1,150.0,8.0,0,0.0,
2026-01-20 17:30:00,"Legs",46m,"Lying Leg Curl (Machine)",2,140.0,9.0,0,0.0,
2026-01-20 17:30:00,"Legs",46m,"Lying Leg Curl (Machine)",3,130.0,8.0,0,0.0,
2026-01-20 17:30:00,"Legs",46m,"Leg Extension (Machine)",1,200.0,7.0,0,0.0,
2026-01-20 17:30:00,"Legs",46m,"Leg Extension (Machine)",2,180.0,8.0,0,0.0,
2026-01-20 17:30:00,"Legs",46m,"Leg Extension (Machine)",3,180.0,6.0,0,0.0,
2026-01-20 17:30:00,"Legs",46m,"Seated Calf Raise (Plate Loaded)",1,90.0,9.0,0,0.0,
2026-01-20 17:30:00,"Legs",46m,"Seated Calf Raise (Plate Loaded)",2,90.0,10.0,0,0.0,
2026-01-20 17:30:00,"Legs",46m,"Seated Calf Raise (Plate Loaded)",3,90.0,10.0,0,0.0,
2026-01-20 17:30:00,"Legs",46m,"Hip Adductor (Machine)",1,210.0,10.0,0,0.0,
2026-01-20 17:30:00,"Legs",46m,"Hip Adductor (Machine)",2,210.0,8.0,0,0.0,
2026-01-20 17:30:00,"Legs",46m,"Hip Abductor (Machine)",1,190.0,10.0,0,0.0,
2026-01-20 17:30:00,"Legs",46m,"Hip Abductor (Machine)",2,150.0,10.0,0,0.0,
2026-01-22 19:47:27,"Push",30m,"Bench Press (Barbell)",1,175.0,4.0,0,0.0,
2026-01-22 19:47:27,"Push",30m,"Bench Press (Barbell)",2,155.0,8.0,0,0.0,
2026-01-22 19:47:27,"Push",30m,"Bench Press (Barbell)",3,135.0,10.0,0,0.0,
2026-01-22 19:47:27,"Push",30m,"Incline Bench Press (Dumbbell)",1,120.0,6.0,0,0.0,
2026-01-22 19:47:27,"Push",30m,"Incline Bench Press (Dumbbell)",2,110.0,11.0,0,0.0,
2026-01-22 19:47:27,"Push",30m,"Incline Bench Press (Dumbbell)",3,110.0,7.0,0,0.0,
2026-01-22 19:47:27,"Push",30m,"Skullcrusher (Barbell)",1,40.0,12.0,0,0.0,
2026-01-22 19:47:27,"Push",30m,"Skullcrusher (Barbell)",2,40.0,10.0,0,0.0,
2026-01-22 19:47:27,"Push",30m,"Skullcrusher (Barbell)",3,40.0,10.0,0,0.0,
2026-01-22 19:47:27,"Push",30m,"Triceps Pushdown (Cable - Straight Bar)",1,72.5,7.0,0,0.0,
2026-01-22 19:47:27,"Push",30m,"Triceps Pushdown (Cable - Straight Bar)",2,65.0,10.0,0,0.0,
2026-01-22 19:47:27,"Push",30m,"Triceps Pushdown (Cable - Straight Bar)",3,57.5,11.0,0,0.0,
2026-01-23 20:33:28,"Back + Bi",22m,"Lat Pulldown (Cable)",1,50.0,10.0,0,0.0,
2026-01-23 20:33:28,"Back + Bi",22m,"Lat Pulldown (Cable)",2,42.5,10.0,0,0.0,
2026-01-23 20:33:28,"Back + Bi",22m,"Lat Pulldown (Cable)",3,42.5,12.0,0,0.0,
2026-01-23 20:33:28,"Back + Bi",22m,"Seated Row (Cable)",1,42.5,10.0,0,0.0,
2026-01-23 20:33:28,"Back + Bi",22m,"Seated Row (Cable)",2,70.0,6.0,0,0.0,
2026-01-23 20:33:28,"Back + Bi",22m,"Incline Curl (Dumbbell)",1,70.0,10.0,0,0.0,
2026-01-23 20:33:28,"Back + Bi",22m,"Incline Curl (Dumbbell)",2,60.0,12.0,0,0.0,
2026-01-23 20:33:28,"Back + Bi",22m,"Preacher Curl (Machine)",1,70.0,6.0,0,0.0,
2026-01-23 20:33:28,"Back + Bi",22m,"Preacher Curl (Machine)",2,55.0,7.0,0,0.0,
2026-01-24 12:23:52,"Legs",29m,"Squat (Smith Machine)",1,110.0,10.0,0,0.0,
2026-01-24 12:23:52,"Legs",29m,"Squat (Smith Machine)",2,110.0,8.0,0,0.0,
2026-01-24 12:23:52,"Legs",29m,"Squat (Smith Machine)",3,90.0,8.0,0,0.0,
2026-01-24 12:23:52,"Legs",29m,"Seated Leg Curl (Machine)",1,160.0,8.0,0,0.0,
2026-01-24 12:23:52,"Legs",29m,"Seated Leg Curl (Machine)",2,140.0,10.0,0,0.0,
2026-01-24 12:23:52,"Legs",29m,"Seated Leg Curl (Machine)",3,120.0,10.0,0,0.0,
2026-01-24 12:23:52,"Legs",29m,"Leg Extension (Machine)",1,200.0,7.0,0,0.0,
2026-01-24 12:23:52,"Legs",29m,"Leg Extension (Machine)",2,180.0,8.0,0,0.0,
2026-01-24 12:23:52,"Legs",29m,"Leg Extension (Machine)",3,170.0,9.0,0,0.0,
2026-01-24 12:23:52,"Legs",29m,"Seated Calf Raise (Plate Loaded)",1,90.0,12.0,0,0.0,
2026-01-24 12:23:52,"Legs",29m,"Seated Calf Raise (Plate Loaded)",2,90.0,10.0,0,0.0,
2026-01-24 12:23:52,"Legs",29m,"Seated Calf Raise (Plate Loaded)",3,90.0,10.0,0,0.0,
2026-01-26 17:09:43,"Push",39m,"Bench Press (Barbell)",1,165.0,8.0,0,0.0,
2026-01-26 17:09:43,"Push",39m,"Bench Press (Barbell)",2,155.0,11.0,0,0.0,
2026-01-26 17:09:43,"Push",39m,"Bench Press (Barbell)",3,145.0,9.0,0,0.0,
2026-01-26 17:09:43,"Push",39m,"Incline Bench Press (Dumbbell)",1,120.0,8.0,0,0.0,
2026-01-26 17:09:43,"Push",39m,"Incline Bench Press (Dumbbell)",2,110.0,9.0,0,0.0,
2026-01-26 17:09:43,"Push",39m,"Incline Bench Press (Dumbbell)",3,100.0,10.0,0,0.0,
2026-01-26 17:09:43,"Push",39m,"Triceps Pushdown (Cable - Straight Bar)",1,72.5,9.0,0,0.0,
2026-01-26 17:09:43,"Push",39m,"Triceps Pushdown (Cable - Straight Bar)",2,65.0,10.0,0,0.0,
2026-01-26 17:09:43,"Push",39m,"Triceps Pushdown (Cable - Straight Bar)",3,57.5,10.0,0,0.0,
2026-01-26 17:09:43,"Push",39m,"Skullcrusher (Dumbbell)",1,50.0,5.0,0,0.0,
2026-01-26 17:09:43,"Push",39m,"Skullcrusher (Dumbbell)",2,40.0,10.0,0,0.0,
2026-01-26 17:09:43,"Push",39m,"Lateral Raise (Dumbbell)",1,40.0,8.0,0,0.0,
2026-01-26 17:09:43,"Push",39m,"Lateral Raise (Dumbbell)",2,30.0,10.0,0,0.0,
2026-01-26 17:09:43,"Push",39m,"Lateral Raise (Dumbbell)",3,30.0,12.0,0,0.0,
2026-01-26 17:09:43,"Push",39m,"Shoulder Press (Machine)",1,70.0,12.0,0,0.0,
2026-01-26 17:09:43,"Push",39m,"Shoulder Press (Machine)",2,70.0,8.0,0,0.0,
2026-01-26 17:09:43,"Push",39m,"Shoulder Press (Machine)",3,60.0,10.0,0,0.0,
2026-01-28 13:23:05,"Back + Bi",43m,"Lat Pulldown (Machine)",1,140.0,8.0,0,0.0,
2026-01-28 13:23:05,"Back + Bi",43m,"Lat Pulldown (Machine)",2,140.0,6.0,0,0.0,
2026-01-28 13:23:05,"Back + Bi",43m,"Lat Pulldown (Machine)",3,120.0,6.0,0,0.0,
2026-01-28 13:23:05,"Back + Bi",43m,"Seated Row (Cable)",1,120.0,10.0,0,0.0,
2026-01-28 13:23:05,"Back + Bi",43m,"Seated Row (Cable)",2,100.0,12.0,0,0.0,
2026-01-28 13:23:05,"Back + Bi",43m,"Seated Row (Cable)",3,100.0,10.0,0,0.0,
2026-01-28 13:23:05,"Back + Bi",43m,"Incline Curl (Dumbbell)",1,70.0,9.0,0,0.0,
2026-01-28 13:23:05,"Back + Bi",43m,"Incline Curl (Dumbbell)",2,60.0,12.0,0,0.0,
2026-01-28 13:23:05,"Back + Bi",43m,"Incline Curl (Dumbbell)",3,60.0,10.0,0,0.0,
2026-01-28 13:23:05,"Back + Bi",43m,"Preacher Curl (Machine)",1,55.0,6.0,0,0.0,
2026-01-28 13:23:05,"Back + Bi",43m,"Preacher Curl (Machine)",2,45.0,8.0,0,0.0,
2026-01-28 13:23:05,"Back + Bi",43m,"Preacher Curl (Machine)",3,25.0,10.0,0,0.0,
2026-01-28 13:23:05,"Back + Bi",43m,"Hammer Curl (Cable)",1,50.0,10.0,0,0.0,
2026-01-28 13:23:05,"Back + Bi",43m,"Hammer Curl (Cable)",2,42.5,10.0,0,0.0,
2026-01-29 13:26:53,"Legs",52m,"Hack Squat",1,215.0,14.0,0,0.0,
2026-01-29 13:26:53,"Legs",52m,"Hack Squat",2,215.0,13.0,0,0.0,
2026-01-29 13:26:53,"Legs",52m,"Hack Squat",3,235.0,5.0,0,0.0,
2026-01-29 13:26:53,"Legs",52m,"Seated Leg Curl (Machine)",1,190.0,8.0,0,0.0,
2026-01-29 13:26:53,"Legs",52m,"Seated Leg Curl (Machine)",2,180.0,8.0,0,0.0,
2026-01-29 13:26:53,"Legs",52m,"Seated Leg Curl (Machine)",3,170.0,8.0,0,0.0,
2026-01-29 13:26:53,"Legs",52m,"Leg Extension (Machine)",1,250.0,9.0,0,0.0,
2026-01-29 13:26:53,"Legs",52m,"Leg Extension (Machine)",2,235.0,8.0,0,0.0,
2026-01-29 13:26:53,"Legs",52m,"Leg Extension (Machine)",3,210.0,9.0,0,0.0,
2026-01-29 13:26:53,"Legs",52m,"Seated Calf Raise (Plate Loaded)",1,70.0,10.0,0,0.0,
2026-01-29 13:26:53,"Legs",52m,"Seated Calf Raise (Plate Loaded)",2,70.0,10.0,0,0.0,
2026-01-29 13:26:53,"Legs",52m,"Seated Calf Raise (Plate Loaded)",3,70.0,10.0,0,0.0,
2026-01-29 13:26:53,"Legs",52m,"Hip Adductor (Machine)",1,220.0,10.0,0,0.0,
2026-01-29 13:26:53,"Legs",52m,"Hip Adductor (Machine)",2,220.0,10.0,0,0.0,
2026-01-29 13:26:53,"Legs",52m,"Hip Abductor (Machine)",1,170.0,10.0,0,0.0,
2026-01-29 13:26:53,"Legs",52m,"Hip Abductor (Machine)",2,170.0,10.0,0,0.0,
2026-01-30 19:53:14,"Push",34m,"Bench Press (Barbell)",1,165.0,10.0,0,0.0,
2026-01-30 19:53:14,"Push",34m,"Bench Press (Barbell)",2,155.0,11.0,0,0.0,
2026-01-30 19:53:14,"Push",34m,"Bench Press (Barbell)",3,145.0,9.0,0,0.0,
2026-01-30 19:53:14,"Push",34m,"Incline Bench Press (Dumbbell)",1,120.0,6.0,0,0.0,
2026-01-30 19:53:14,"Push",34m,"Incline Bench Press (Dumbbell)",2,110.0,9.0,0,0.0,
2026-01-30 19:53:14,"Push",34m,"Incline Bench Press (Dumbbell)",3,100.0,9.0,0,0.0,
2026-01-30 19:53:14,"Push",34m,"Triceps Pushdown (Cable - Straight Bar)",1,57.5,10.0,0,0.0,
2026-01-30 19:53:14,"Push",34m,"Triceps Pushdown (Cable - Straight Bar)",2,50.0,10.0,0,0.0,
2026-01-30 19:53:14,"Push",34m,"Triceps Pushdown (Cable - Straight Bar)",3,42.5,9.0,0,0.0,
2026-01-30 19:53:14,"Push",34m,"Triceps Extension (Cable)",1,35.0,10.0,0,0.0,
2026-01-30 19:53:14,"Push",34m,"Triceps Extension (Cable)",2,30.0,10.0,0,0.0,
2026-01-30 19:53:14,"Push",34m,"Triceps Extension (Cable)",3,30.0,12.0,0,0.0,
2026-02-02 17:44:20,"Back + Bi",1h,"Lat Pulldown (Machine)",1,120.0,11.0,0,0.0,
2026-02-02 17:44:20,"Back + Bi",1h,"Lat Pulldown (Machine)",2,110.0,10.0,0,0.0,
2026-02-02 17:44:20,"Back + Bi",1h,"Lat Pulldown (Machine)",3,100.0,10.0,0,0.0,
2026-02-02 17:44:20,"Back + Bi",1h,"Seated Row (Cable)",1,120.0,12.0,0,0.0,
2026-02-02 17:44:20,"Back + Bi",1h,"Seated Row (Cable)",2,120.0,10.0,0,0.0,
2026-02-02 17:44:20,"Back + Bi",1h,"Seated Row (Cable)",3,110.0,10.0,0,0.0,
2026-02-02 17:44:20,"Back + Bi",1h,"Incline Curl (Dumbbell)",1,60.0,12.0,0,0.0,
2026-02-02 17:44:20,"Back + Bi",1h,"Incline Curl (Dumbbell)",2,60.0,12.0,0,0.0,
2026-02-02 17:44:20,"Back + Bi",1h,"Incline Curl (Dumbbell)",3,50.0,12.0,0,0.0,
2026-02-02 17:44:20,"Back + Bi",1h,"Preacher Curl (Dumbbell)",1,25.0,10.0,0,0.0,
2026-02-02 17:44:20,"Back + Bi",1h,"Preacher Curl (Dumbbell)",2,20.0,18.0,0,0.0,
2026-02-02 17:44:20,"Back + Bi",1h,"Preacher Curl (Dumbbell)",3,20.0,17.0,0,0.0,
2026-02-03 18:23:24,"Legs",24m,"Hack Squat",1,175.0,11.0,0,0.0,
2026-02-03 18:23:24,"Legs",24m,"Hack Squat",2,175.0,8.0,0,0.0,
2026-02-03 18:23:24,"Legs",24m,"Hack Squat",3,155.0,8.0,0,0.0,
2026-02-03 18:23:24,"Legs",24m,"Seated Leg Curl (Machine)",1,190.0,8.0,0,0.0,
2026-02-03 18:23:24,"Legs",24m,"Seated Leg Curl (Machine)",2,170.0,10.0,0,0.0,
2026-02-03 18:23:24,"Legs",24m,"Leg Extension (Machine)",1,250.0,8.0,0,0.0,
2026-02-03 18:23:24,"Legs",24m,"Leg Extension (Machine)",2,235.0,8.0,0,0.0,
2026-02-03 18:23:24,"Legs",24m,"Leg Extension (Machine)",3,210.0,8.0,0,0.0,
2026-02-04 17:54:59,"Push",36m,"Bench Press (Barbell)",1,175.0,7.0,0,0.0,
2026-02-04 17:54:59,"Push",36m,"Bench Press (Barbell)",2,155.0,11.0,0,0.0,
2026-02-04 17:54:59,"Push",36m,"Bench Press (Barbell)",3,145.0,10.0,0,0.0,
2026-02-04 17:54:59,"Push",36m,"Incline Bench Press (Dumbbell)",1,120.0,12.0,0,0.0,
2026-02-04 17:54:59,"Push",36m,"Incline Bench Press (Dumbbell)",2,110.0,10.0,0,0.0,
2026-02-04 17:54:59,"Push",36m,"Incline Bench Press (Dumbbell)",3,110.0,8.0,0,0.0,
2026-02-04 17:54:59,"Push",36m,"Triceps Pushdown (Cable - Straight Bar)",1,72.5,10.0,0,0.0,
2026-02-04 17:54:59,"Push",36m,"Triceps Pushdown (Cable - Straight Bar)",2,65.0,10.0,0,0.0,
2026-02-04 17:54:59,"Push",36m,"Triceps Pushdown (Cable - Straight Bar)",3,57.5,10.0,0,0.0,
2026-02-04 17:54:59,"Push",36m,"Skullcrusher (Dumbbell)",1,50.0,5.0,0,0.0,
2026-02-04 17:54:59,"Push",36m,"Skullcrusher (Dumbbell)",2,40.0,10.0,0,0.0,
2026-02-06 15:18:58,"Back + Bi",36m,"Lat Pulldown (Machine)",1,130.0,9.0,0,0.0,
2026-02-06 15:18:58,"Back + Bi",36m,"Lat Pulldown (Machine)",2,120.0,9.0,0,0.0,
2026-02-06 15:18:58,"Back + Bi",36m,"Lat Pulldown (Machine)",3,110.0,11.0,0,0.0,
2026-02-06 15:18:58,"Back + Bi",36m,"Seated Row (Plate Loaded)",1,120.0,8.0,0,0.0,
2026-02-06 15:18:58,"Back + Bi",36m,"Seated Row (Plate Loaded)",2,100.0,10.0,0,0.0,
2026-02-06 15:18:58,"Back + Bi",36m,"Seated Row (Plate Loaded)",3,85.0,12.0,0,0.0,
2026-02-06 15:18:58,"Back + Bi",36m,"Incline Curl (Dumbbell)",1,70.0,10.0,0,0.0,
2026-02-06 15:18:58,"Back + Bi",36m,"Incline Curl (Dumbbell)",2,60.0,12.0,0,0.0,
2026-02-06 15:18:58,"Back + Bi",36m,"Incline Curl (Dumbbell)",3,50.0,12.0,0,0.0,
2026-02-06 15:18:58,"Back + Bi",36m,"Bicep Curl (Dumbbell)",1,40.0,10.0,0,0.0,
2026-02-06 15:18:58,"Back + Bi",36m,"Bicep Curl (Dumbbell)",2,30.0,12.0,0,0.0,
2026-02-06 15:18:58,"Back + Bi",36m,"Bicep Curl (Dumbbell)",3,30.0,10.0,0,0.0,
2026-02-06 15:18:58,"Back + Bi",36m,"Hammer Curl (Cable)",1,50.0,10.0,0,0.0,
2026-02-09 16:36:25,"Legs",18m,"Hip Thrust (Barbell)",1,180.0,12.0,0,0.0,
2026-02-09 16:36:25,"Legs",18m,"Hip Thrust (Barbell)",2,230.0,10.0,0,0.0,
2026-02-09 16:36:25,"Legs",18m,"Hip Thrust (Barbell)",3,230.0,10.0,0,0.0,
2026-02-09 16:36:25,"Legs",18m,"Seated Leg Curl (Machine)",1,190.0,7.0,0,0.0,
2026-02-09 16:36:25,"Legs",18m,"Seated Leg Curl (Machine)",2,170.0,10.0,0,0.0,
2026-02-09 16:36:25,"Legs",18m,"Seated Leg Curl (Machine)",3,150.0,10.0,0,0.0,
2026-02-11 18:22:26,"Push",28m,"Bench Press (Barbell)",1,175.0,6.0,0,0.0,
2026-02-11 18:22:26,"Push",28m,"Bench Press (Barbell)",2,165.0,5.0,0,0.0,
2026-02-11 18:22:26,"Push",28m,"Incline Bench Press (Dumbbell)",1,130.0,7.0,0,0.0,
2026-02-11 18:22:26,"Push",28m,"Incline Bench Press (Dumbbell)",2,120.0,10.0,0,0.0,
2026-02-11 18:22:26,"Push",28m,"Incline Bench Press (Dumbbell)",3,110.0,10.0,0,0.0,
2026-02-11 18:22:26,"Push",28m,"Triceps Pushdown (Cable - Straight Bar)",1,72.5,10.0,0,0.0,
2026-02-11 18:22:26,"Push",28m,"Triceps Pushdown (Cable - Straight Bar)",2,65.0,10.0,0,0.0,
2026-02-11 18:22:26,"Push",28m,"Triceps Pushdown (Cable - Straight Bar)",3,57.5,10.0,0,0.0,
2026-02-11 18:22:26,"Push",28m,"Skullcrusher (Dumbbell)",1,50.0,7.0,0,0.0,
2026-02-11 18:22:26,"Push",28m,"Skullcrusher (Dumbbell)",2,40.0,10.0,0,0.0,
2026-02-11 18:22:26,"Push",28m,"Skullcrusher (Dumbbell)",3,40.0,10.0,0,0.0,
2026-02-11 18:22:26,"Push",28m,"Shoulder Press (Machine)",1,70.0,12.0,0,0.0,
2026-02-11 18:22:26,"Push",28m,"Shoulder Press (Machine)",2,70.0,8.0,0,0.0,
2026-02-11 18:22:26,"Push",28m,"Shoulder Press (Machine)",3,60.0,10.0,0,0.0,
2026-02-15 15:07:01,"Back + Bi",23m,"Lat Pulldown (Cable)",1,120.0,12.0,0,0.0,
2026-02-15 15:07:01,"Back + Bi",23m,"Lat Pulldown (Cable)",2,120.0,6.0,0,0.0,
2026-02-15 15:07:01,"Back + Bi",23m,"Lat Pulldown (Cable)",3,120.0,8.0,0,0.0,
2026-02-15 15:07:01,"Back + Bi",23m,"Lat Pulldown (Cable)",4,120.0,4.0,0,0.0,
2026-02-15 15:07:01,"Back + Bi",23m,"Lat Pulldown (Cable)",5,100.0,12.0,0,0.0,
2026-02-15 15:07:01,"Back + Bi",23m,"Lat Pulldown (Cable)",6,100.0,8.0,0,0.0,
2026-02-15 15:07:01,"Back + Bi",23m,"Incline Curl (Dumbbell)",1,70.0,10.0,0,0.0,
2026-02-15 15:07:01,"Back + Bi",23m,"Incline Curl (Dumbbell)",2,60.0,12.0,0,0.0,
2026-02-15 15:07:01,"Back + Bi",23m,"Incline Curl (Dumbbell)",3,55.0,12.0,0,0.0,
2026-02-15 15:07:01,"Back + Bi",23m,"Bicep Curl (Barbell)",1,70.0,7.0,0,0.0,
2026-02-16 20:45:37,"Legs",41m,"Squat (Barbell)",1,175.0,5.0,0,0.0,
2026-02-16 20:45:37,"Legs",41m,"Squat (Barbell)",2,155.0,8.0,0,0.0,
2026-02-16 20:45:37,"Legs",41m,"Squat (Barbell)",3,145.0,10.0,0,0.0,
2026-02-16 20:45:37,"Legs",41m,"Lying Leg Curl (Machine)",1,150.0,9.0,0,0.0,
2026-02-16 20:45:37,"Legs",41m,"Lying Leg Curl (Machine)",2,135.0,7.0,0,0.0,
2026-02-16 20:45:37,"Legs",41m,"Lying Leg Curl (Machine)",3,105.0,9.0,0,0.0,
2026-02-16 20:45:37,"Legs",41m,"Leg Extension (Machine)",1,250.0,8.0,0,0.0,
2026-02-16 20:45:37,"Legs",41m,"Leg Extension (Machine)",2,235.0,7.0,0,0.0,
2026-02-16 20:45:37,"Legs",41m,"Leg Extension (Machine)",3,210.0,9.0,0,0.0,
2026-02-16 20:45:37,"Legs",41m,"Seated Calf Raise (Plate Loaded)",1,90.0,10.0,0,0.0,
2026-02-16 20:45:37,"Legs",41m,"Seated Calf Raise (Plate Loaded)",2,90.0,10.0,0,0.0,
2026-02-16 20:45:37,"Legs",41m,"Seated Calf Raise (Plate Loaded)",3,90.0,10.0,0,0.0,
2026-02-17 17:20:37,"Push",46m,"Bench Press (Barbell)",1,175.0,8.0,0,0.0,
2026-02-17 17:20:37,"Push",46m,"Bench Press (Barbell)",2,155.0,10.0,0,0.0,
2026-02-17 17:20:37,"Push",46m,"Bench Press (Barbell)",3,135.0,8.0,0,0.0,
2026-02-17 17:20:37,"Push",46m,"Incline Bench Press (Dumbbell)",1,110.0,8.0,0,0.0,
2026-02-17 17:20:37,"Push",46m,"Incline Bench Press (Dumbbell)",2,110.0,9.0,0,0.0,
2026-02-17 17:20:37,"Push",46m,"Incline Bench Press (Dumbbell)",3,110.0,6.0,0,0.0,
2026-02-17 17:20:37,"Push",46m,"Triceps Pushdown (Cable - Straight Bar)",1,57.5,10.0,0,0.0,
2026-02-17 17:20:37,"Push",46m,"Triceps Pushdown (Cable - Straight Bar)",2,50.0,12.0,0,0.0,
2026-02-17 17:20:37,"Push",46m,"Triceps Pushdown (Cable - Straight Bar)",3,50.0,10.0,0,0.0,
2026-02-17 17:20:37,"Push",46m,"Skullcrusher (Barbell)",1,50.0,10.0,0,0.0,
2026-02-17 17:20:37,"Push",46m,"Skullcrusher (Barbell)",2,40.0,10.0,0,0.0,
2026-02-17 17:20:37,"Push",46m,"Skullcrusher (Barbell)",3,40.0,9.0,0,0.0,
2026-02-17 17:20:37,"Push",46m,"Seated Overhead Press (Barbell)",1,95.0,6.0,0,0.0,
2026-02-17 17:20:37,"Push",46m,"Seated Overhead Press (Barbell)",2,95.0,5.0,0,0.0,
2026-02-17 17:20:37,"Push",46m,"Seated Overhead Press (Barbell)",3,45.0,10.0,0,0.0,
2026-02-17 17:20:37,"Push",46m,"Lateral Raise (Dumbbell)",1,25.0,12.0,0,0.0,
2026-02-17 17:20:37,"Push",46m,"Lateral Raise (Dumbbell)",2,30.0,12.0,0,0.0,
2026-02-17 17:20:37,"Push",46m,"Lateral Raise (Dumbbell)",3,30.0,12.0,0,0.0,
2026-02-18 13:05:57,"Back + Bi",47m,"Lat Pulldown (Machine)",1,140.0,7.0,0,0.0,
2026-02-18 13:05:57,"Back + Bi",47m,"Lat Pulldown (Machine)",2,120.0,10.0,0,0.0,
2026-02-18 13:05:57,"Back + Bi",47m,"Lat Pulldown (Machine)",3,110.0,10.0,0,0.0,
2026-02-18 13:05:57,"Back + Bi",47m,"Seated Row (Machine)",1,150.0,8.0,0,0.0,
2026-02-18 13:05:57,"Back + Bi",47m,"Seated Row (Machine)",2,130.0,10.0,0,0.0,
2026-02-18 13:05:57,"Back + Bi",47m,"Seated Row (Machine)",3,120.0,10.0,0,0.0,
2026-02-18 13:05:57,"Back + Bi",47m,"Bicep Curl (Dumbbell)",1,45.0,10.0,0,0.0,
2026-02-18 13:05:57,"Back + Bi",47m,"Bicep Curl (Dumbbell)",2,35.0,10.0,0,0.0,
2026-02-18 13:05:57,"Back + Bi",47m,"Bicep Curl (Dumbbell)",3,35.0,10.0,0,0.0,
2026-02-18 13:05:57,"Back + Bi",47m,"Hammer Curl (Dumbbell)",1,60.0,4.0,0,0.0,
2026-02-18 13:05:57,"Back + Bi",47m,"Hammer Curl (Dumbbell)",2,50.0,10.0,0,0.0,
2026-02-18 13:05:57,"Back + Bi",47m,"Hammer Curl (Dumbbell)",3,40.0,8.0,0,0.0,
2026-02-18 13:05:57,"Back + Bi",47m,"Preacher Curl (Machine)",1,45.0,10.0,0,0.0,
2026-02-18 13:05:57,"Back + Bi",47m,"Preacher Curl (Machine)",2,45.0,8.0,0,0.0,
2026-02-18 13:05:57,"Back + Bi",47m,"Preacher Curl (Machine)",3,45.0,6.0,0,0.0,
2026-02-19 19:56:30,"Legs",23m,"Squat (Barbell)",1,175.0,6.0,0,0.0,
2026-02-19 19:56:30,"Legs",23m,"Squat (Barbell)",2,155.0,8.0,0,0.0,
2026-02-19 19:56:30,"Legs",23m,"Squat (Barbell)",3,145.0,9.0,0,0.0,
2026-02-19 19:56:30,"Legs",23m,"Leg Extension (Machine)",1,225.0,7.0,0,0.0,
2026-02-19 19:56:30,"Legs",23m,"Leg Extension (Machine)",2,205.0,6.0,0,0.0,
2026-02-19 19:56:30,"Legs",23m,"Leg Extension (Machine)",3,190.0,6.0,0,0.0,
2026-02-19 19:56:30,"Legs",23m,"Tibialis Raise",1,0.0,10.0,0,0.0,
2026-02-19 19:56:30,"Legs",23m,"Tibialis Raise",2,0.0,10.0,0,0.0,
2026-02-19 19:56:30,"Legs",23m,"Seated Calf Raise (Plate Loaded)",1,90.0,10.0,0,0.0,
2026-02-19 19:56:30,"Legs",23m,"Seated Calf Raise (Plate Loaded)",2,90.0,10.0,0,0.0,
2026-02-21 15:21:36,"Push",30m,"Incline Bench Press (Dumbbell)",1,120.0,12.0,0,0.0,
2026-02-21 15:21:36,"Push",30m,"Incline Bench Press (Dumbbell)",2,130.0,8.0,0,0.0,
2026-02-21 15:21:36,"Push",30m,"Incline Bench Press (Dumbbell)",3,90.0,10.0,0,0.0,
2026-02-21 15:21:36,"Push",30m,"Iso-Lateral Chest Press (Machine)",1,180.0,9.0,0,0.0,
2026-02-21 15:21:36,"Push",30m,"Iso-Lateral Chest Press (Machine)",2,180.0,9.0,0,0.0,
2026-02-21 15:21:36,"Push",30m,"Iso-Lateral Chest Press (Machine)",3,180.0,9.0,0,0.0,
2026-02-22 13:44:37,"Back + Bi",46m,"Lat Pulldown (Cable)",1,140.0,10.0,0,0.0,
2026-02-22 13:44:37,"Back + Bi",46m,"Lat Pulldown (Cable)",2,130.0,10.0,0,0.0,
2026-02-22 13:44:37,"Back + Bi",46m,"Lat Pulldown (Cable)",3,120.0,10.0,0,0.0,
2026-02-22 13:44:37,"Back + Bi",46m,"Lat pulldown close grip",1,100.0,14.0,0,0.0,
2026-02-22 13:44:37,"Back + Bi",46m,"Lat pulldown close grip",2,100.0,10.0,0,0.0,
2026-02-22 13:44:37,"Back + Bi",46m,"Lat pulldown close grip",3,100.0,8.0,0,0.0,
2026-02-22 13:44:37,"Back + Bi",46m,"Seated Row (Machine)",1,150.0,8.0,0,0.0,
2026-02-22 13:44:37,"Back + Bi",46m,"Seated Row (Machine)",2,130.0,10.0,0,0.0,
2026-02-22 13:44:37,"Back + Bi",46m,"Bicep Curl (Dumbbell)",1,50.0,8.0,0,0.0,
2026-02-22 13:44:37,"Back + Bi",46m,"Bicep Curl (Dumbbell)",2,45.0,8.0,0,0.0,
2026-02-22 13:44:37,"Back + Bi",46m,"Bicep Curl (Dumbbell)",3,40.0,10.0,0,0.0,
2026-02-22 13:44:37,"Back + Bi",46m,"Hammer Curl (Dumbbell)",1,55.0,6.0,0,0.0,
2026-02-22 13:44:37,"Back + Bi",46m,"Hammer Curl (Dumbbell)",2,50.0,8.0,0,0.0,
2026-02-22 13:44:37,"Back + Bi",46m,"Hammer Curl (Dumbbell)",3,40.0,10.0,0,0.0,
2026-02-22 13:44:37,"Back + Bi",46m,"Preacher Curl (Machine)",1,55.0,9.0,0,0.0,
2026-02-22 13:44:37,"Back + Bi",46m,"Preacher Curl (Machine)",2,55.0,8.0,0,0.0,
2026-02-23 20:29:55,"Legs",43m,"Squat (Barbell)",1,175.0,8.0,0,0.0,
2026-02-23 20:29:55,"Legs",43m,"Squat (Barbell)",2,155.0,10.0,0,0.0,
2026-02-23 20:29:55,"Legs",43m,"Squat (Barbell)",3,135.0,10.0,0,0.0,
2026-02-23 20:29:55,"Legs",43m,"Lying Leg Curl (Machine)",1,155.0,8.0,0,0.0,
2026-02-23 20:29:55,"Legs",43m,"Lying Leg Curl (Machine)",2,125.0,10.0,0,0.0,
2026-02-23 20:29:55,"Legs",43m,"Lying Leg Curl (Machine)",3,115.0,10.0,0,0.0,
2026-02-23 20:29:55,"Legs",43m,"Leg Extension (Machine)",1,255.0,8.0,0,0.0,
2026-02-23 20:29:55,"Legs",43m,"Leg Extension (Machine)",2,205.0,8.0,0,0.0,
2026-02-23 20:29:55,"Legs",43m,"Leg Extension (Machine)",3,175.0,10.0,0,0.0,
2026-02-23 20:29:55,"Legs",43m,"Tibialis Raise",1,13.2,10.0,0,0.0,
2026-02-23 20:29:55,"Legs",43m,"Tibialis Raise",2,13.2,10.0,0,0.0,
2026-02-23 20:29:55,"Legs",43m,"Tibialis Raise",3,0.0,10.0,0,0.0,
2026-02-23 20:29:55,"Legs",43m,"Seated Calf Raise (Plate Loaded)",1,90.0,10.0,0,0.0,
2026-02-23 20:29:55,"Legs",43m,"Seated Calf Raise (Plate Loaded)",2,90.0,10.0,0,0.0,
2026-02-23 20:29:55,"Legs",43m,"Seated Calf Raise (Plate Loaded)",3,90.0,10.0,0,0.0,
2026-02-23 20:29:55,"Legs",43m,"Hip Adductor (Machine)",1,205.0,8.0,0,0.0,
2026-02-23 20:29:55,"Legs",43m,"Hip Adductor (Machine)",2,175.0,10.0,0,0.0,
2026-02-23 20:29:55,"Legs",43m,"Hip Abductor (Machine)",1,205.0,8.0,0,0.0,
2026-02-23 20:29:55,"Legs",43m,"Hip Abductor (Machine)",2,170.0,8.0,0,0.0,
2026-02-24 17:43:48,"Push",1h 3m,"Bench Press (Barbell)",1,175.0,8.0,0,0.0,
2026-02-24 17:43:48,"Push",1h 3m,"Bench Press (Barbell)",2,155.0,9.0,0,0.0,
2026-02-24 17:43:48,"Push",1h 3m,"Bench Press (Barbell)",3,135.0,9.0,0,0.0,
2026-02-24 17:43:48,"Push",1h 3m,"Chest Press (Machine)",1,110.0,10.0,0,0.0,
2026-02-24 17:43:48,"Push",1h 3m,"Chest Press (Machine)",2,110.0,10.0,0,0.0,
2026-02-24 17:43:48,"Push",1h 3m,"Chest Press (Machine)",3,110.0,10.0,0,0.0,
2026-02-24 17:43:48,"Push",1h 3m,"Triceps Pushdown (Cable - Straight Bar)",1,50.0,8.0,0,0.0,
2026-02-24 17:43:48,"Push",1h 3m,"Triceps Pushdown (Cable - Straight Bar)",2,40.0,10.0,0,0.0,
2026-02-24 17:43:48,"Push",1h 3m,"Triceps Pushdown (Cable - Straight Bar)",3,30.0,10.0,0,0.0,
2026-02-24 17:43:48,"Push",1h 3m,"Skullcrusher (Dumbbell)",1,50.0,12.0,0,0.0,
2026-02-24 17:43:48,"Push",1h 3m,"Skullcrusher (Dumbbell)",2,50.0,10.0,0,0.0,
2026-02-24 17:43:48,"Push",1h 3m,"Skullcrusher (Dumbbell)",3,50.0,10.0,0,0.0,
2026-02-24 17:43:48,"Push",1h 3m,"Lateral Raise (Machine)",1,70.0,9.0,0,0.0,
2026-02-24 17:43:48,"Push",1h 3m,"Lateral Raise (Machine)",2,60.0,9.0,0,0.0,
2026-02-24 17:43:48,"Push",1h 3m,"Lateral Raise (Machine)",3,50.0,10.0,0,0.0,
2026-02-24 17:43:48,"Push",1h 3m,"Shoulder Press (Machine)",1,80.0,9.0,0,0.0,
2026-02-24 17:43:48,"Push",1h 3m,"Shoulder Press (Machine)",2,70.0,8.0,0,0.0,
2026-02-24 17:43:48,"Push",1h 3m,"Shoulder Press (Machine)",3,60.0,11.0,0,0.0,
2026-02-25 12:07:55,"Back + Bi",52m,"Lat Pulldown (Machine)",1,150.0,9.0,0,0.0,
2026-02-25 12:07:55,"Back + Bi",52m,"Lat Pulldown (Machine)",2,140.0,10.0,0,0.0,
2026-02-25 12:07:55,"Back + Bi",52m,"Lat Pulldown (Machine)",3,120.0,10.0,0,0.0,
2026-02-25 12:07:55,"Back + Bi",52m,"Seated Row (Machine)",1,150.0,8.0,0,0.0,
2026-02-25 12:07:55,"Back + Bi",52m,"Seated Row (Machine)",2,130.0,10.0,0,0.0,
2026-02-25 12:07:55,"Back + Bi",52m,"Seated Row (Machine)",3,130.0,10.0,0,0.0,
2026-02-25 12:07:55,"Back + Bi",52m,"Bicep Curl (Dumbbell)",1,45.0,11.0,0,0.0,
2026-02-25 12:07:55,"Back + Bi",52m,"Bicep Curl (Dumbbell)",2,40.0,11.0,0,0.0,
2026-02-25 12:07:55,"Back + Bi",52m,"Bicep Curl (Dumbbell)",3,40.0,8.0,0,0.0,
2026-02-25 12:07:55,"Back + Bi",52m,"Preacher Curl (Machine)",1,70.0,8.0,0,0.0,
2026-02-25 12:07:55,"Back + Bi",52m,"Preacher Curl (Machine)",2,55.0,9.0,0,0.0,
2026-02-25 12:07:55,"Back + Bi",52m,"Preacher Curl (Machine)",3,45.0,9.0,0,0.0,
2026-02-25 12:07:55,"Back + Bi",52m,"Hammer Curl (Dumbbell)",1,50.0,10.0,0,0.0,
2026-02-25 12:07:55,"Back + Bi",52m,"Hammer Curl (Dumbbell)",2,45.0,10.0,0,0.0,
2026-02-25 12:07:55,"Back + Bi",52m,"Hammer Curl (Dumbbell)",3,40.0,10.0,0,0.0,
2026-03-10 16:56:35,"Push",18m,"Chest Press (Machine)",1,150.0,10.0,0,0.0,
2026-03-10 16:56:35,"Push",18m,"Chest Press (Machine)",2,150.0,7.0,0,0.0,
2026-03-10 16:56:35,"Push",18m,"Triceps Pushdown (Cable - Straight Bar)",1,45.0,10.0,0,0.0,
2026-03-10 16:56:35,"Push",18m,"Triceps Pushdown (Cable - Straight Bar)",2,45.0,9.0,0,0.0,
2026-03-10 16:56:35,"Push",18m,"Triceps Pushdown (Cable - Straight Bar)",3,40.0,10.0,0,0.0,
2026-03-10 16:56:35,"Push",18m,"Lateral Raise (Machine)",1,70.0,9.0,0,0.0,
2026-03-10 16:56:35,"Push",18m,"Lateral Raise (Machine)",2,60.0,8.0,0,0.0,
2026-03-12 17:08:11,"Back + Bi",9m,"Lat Pulldown (Cable)",1,140.0,10.0,0,0.0,
2026-03-12 17:08:11,"Back + Bi",9m,"Lat Pulldown (Cable)",2,120.0,10.0,0,0.0,
2026-03-12 17:08:11,"Back + Bi",9m,"Lat Pulldown (Cable)",3,100.0,10.0,0,0.0,
2026-03-12 17:08:11,"Back + Bi",9m,"Bicep Curl (Barbell)",1,80.0,6.0,0,0.0,
2026-03-15 17:28:54,"Legs",14m,"Hack Squat",1,175.0,11.0,0,0.0,
2026-03-15 17:28:54,"Legs",14m,"Hack Squat",2,175.0,8.0,0,0.0,
2026-03-15 17:28:54,"Legs",14m,"Leg Extension (Machine)",1,220.0,5.0,0,0.0,
2026-03-16 17:42:20,"Push",24m,"Bench Press (Barbell)",1,175.0,8.0,0,0.0,
2026-03-16 17:42:20,"Push",24m,"Bench Press (Barbell)",2,155.0,10.0,0,0.0,
2026-03-16 17:42:20,"Push",24m,"Bench Press (Barbell)",3,135.0,8.0,0,0.0,
2026-03-16 17:42:20,"Push",24m,"Skullcrusher (Barbell)",1,50.0,10.0,0,0.0,
2026-03-16 17:42:20,"Push",24m,"Skullcrusher (Barbell)",2,50.0,10.0,0,0.0,
2026-03-16 17:42:20,"Push",24m,"Skullcrusher (Barbell)",3,50.0,9.0,0,0.0,
2026-03-17 15:54:36,"Back + Bi",21m,"Lat Pulldown (Single Arm)",1,70.0,8.0,0,0.0,
2026-03-17 15:54:36,"Back + Bi",21m,"Lat Pulldown (Single Arm)",2,60.0,10.0,0,0.0,
2026-03-17 15:54:36,"Back + Bi",21m,"Bicep Curl (Barbell)",1,80.0,10.0,0,0.0,
2026-03-17 15:54:36,"Back + Bi",21m,"Bicep Curl (Barbell)",2,70.0,8.0,0,0.0,
2026-03-17 15:54:36,"Back + Bi",21m,"Bicep Curl (Dumbbell)",1,40.0,10.0,0,0.0,
2026-03-18 11:25:39,"Legs",32m,"Squat (Barbell)",1,185.0,3.0,0,0.0,
2026-03-18 11:25:39,"Legs",32m,"Squat (Barbell)",2,155.0,10.0,0,0.0,
2026-03-18 11:25:39,"Legs",32m,"Zercher Squat (Barbell)",1,135.0,5.0,0,0.0,
2026-03-18 11:25:39,"Legs",32m,"Zercher Squat (Barbell)",2,135.0,5.0,0,0.0,
2026-03-21 15:08:42,"Push",33m,"Bench Press (Barbell)",1,185.0,3.0,0,0.0,
2026-03-21 15:08:42,"Push",33m,"Bench Press (Barbell)",2,155.0,10.0,0,0.0,
2026-03-21 15:08:42,"Push",33m,"Bench Press (Barbell)",3,145.0,8.0,0,0.0,
2026-03-21 15:08:42,"Push",33m,"Incline Bench Press (Smith Machine)",1,120.0,3.0,0,0.0,
2026-03-21 15:08:42,"Push",33m,"Incline Bench Press (Smith Machine)",2,90.0,8.0,0,0.0,
2026-03-21 15:08:42,"Push",33m,"Incline Bench Press (Smith Machine)",3,70.0,12.0,0,0.0,
2026-03-21 15:08:42,"Push",33m,"Triceps Pushdown (Cable - Straight Bar)",1,45.0,6.0,0,0.0,
2026-03-21 15:08:42,"Push",33m,"Triceps Pushdown (Cable - Straight Bar)",2,35.0,6.0,0,0.0,
2026-03-21 15:08:42,"Push",33m,"Skullcrusher (Dumbbell)",1,25.0,10.0,0,0.0,
2026-03-21 15:08:42,"Push",33m,"Skullcrusher (Dumbbell)",2,40.0,8.0,0,0.0,
2026-03-21 15:08:42,"Push",33m,"Skullcrusher (Dumbbell)",3,40.0,8.0,0,0.0,
2026-03-22 12:02:11,"Back + Bi",30m,"Lat Pulldown (Cable)",1,140.0,9.0,0,0.0,
2026-03-22 12:02:11,"Back + Bi",30m,"Lat Pulldown (Cable)",2,120.0,9.0,0,0.0,
2026-03-22 12:02:11,"Back + Bi",30m,"Lat Pulldown (Cable)",3,100.0,10.0,0,0.0,
2026-03-22 12:02:11,"Back + Bi",30m,"Seated Row (Machine)",1,150.0,7.0,0,0.0,
2026-03-22 12:02:11,"Back + Bi",30m,"Seated Row (Machine)",2,130.0,6.0,0,0.0,
2026-03-22 12:02:11,"Back + Bi",30m,"Bicep Curl (Barbell)",1,90.0,2.0,0,0.0,
2026-03-22 12:02:11,"Back + Bi",30m,"Bicep Curl (Barbell)",2,70.0,8.0,0,0.0,
2026-03-22 12:02:11,"Back + Bi",30m,"Bicep Curl (Dumbbell)",1,50.0,8.0,0,0.0,
2026-03-22 12:02:11,"Back + Bi",30m,"Bicep Curl (Dumbbell)",2,45.0,10.0,0,0.0,
2026-03-22 12:02:11,"Back + Bi",30m,"Bicep Curl (Dumbbell)",3,35.0,8.0,0,0.0,
2026-03-30 18:05:59,"Push",43m,"Bench Press (Barbell)",1,185.0,4.0,0,0.0,
2026-03-30 18:05:59,"Push",43m,"Bench Press (Barbell)",2,155.0,10.0,0,0.0,
2026-03-30 18:05:59,"Push",43m,"Bench Press (Barbell)",3,145.0,9.0,0,0.0,
2026-03-30 18:05:59,"Push",43m,"Incline Bench Press (Smith Machine)",1,110.0,8.0,0,0.0,
2026-03-30 18:05:59,"Push",43m,"Incline Bench Press (Smith Machine)",2,100.0,6.0,0,0.0,
2026-03-30 18:05:59,"Push",43m,"Incline Bench Press (Smith Machine)",3,90.0,8.0,0,0.0,
2026-03-30 18:05:59,"Push",43m,"Triceps Extension (Machine)",1,220.0,5.0,0,0.0,
2026-03-30 18:05:59,"Push",43m,"Triceps Extension (Machine)",2,180.0,8.0,0,0.0,
2026-03-30 18:05:59,"Push",43m,"Triceps Extension (Machine)",3,160.0,14.0,0,0.0,
2026-03-30 18:05:59,"Push",43m,"Skullcrusher (Dumbbell)",1,40.0,8.0,0,0.0,
2026-03-30 18:05:59,"Push",43m,"Skullcrusher (Dumbbell)",2,40.0,8.0,0,0.0,
2026-03-30 18:05:59,"Push",43m,"Skullcrusher (Dumbbell)",3,40.0,8.0,0,0.0,
2026-03-31 12:42:24,"Back + Bi",1h,"Bicep Curl (Dumbbell)",1,40.0,10.0,0,0.0,
2026-03-31 12:42:24,"Back + Bi",1h,"Bicep Curl (Dumbbell)",2,40.0,10.0,0,0.0,
2026-03-31 12:42:24,"Back + Bi",1h,"Bicep Curl (Dumbbell)",3,40.0,10.0,0,0.0,
2026-03-31 12:42:24,"Back + Bi",1h,"Lat Prayers",1,57.5,8.0,0,0.0,
2026-03-31 12:42:24,"Back + Bi",1h,"Lat Prayers",2,50.0,6.0,0,0.0,
2026-03-31 12:42:24,"Back + Bi",1h,"Lat Prayers",3,42.5,6.0,0,0.0,
2026-03-31 12:42:24,"Back + Bi",1h,"Seated Row (Machine)",1,130.0,8.0,0,0.0,
2026-03-31 12:42:24,"Back + Bi",1h,"Seated Row (Machine)",2,110.0,10.0,0,0.0,
2026-03-31 12:42:24,"Back + Bi",1h,"Seated Row (Machine)",3,110.0,10.0,0,0.0,
2026-03-31 12:42:24,"Back + Bi",1h,"Bicep Curl (Machine)",1,115.0,8.0,0,0.0,
2026-03-31 12:42:24,"Back + Bi",1h,"Bicep Curl (Machine)",2,100.0,10.0,0,0.0,
2026-03-31 12:42:24,"Back + Bi",1h,"Bicep Curl (Machine)",3,90.0,10.0,0,0.0,
2026-03-31 12:42:24,"Back + Bi",1h,"Preacher Curl (Barbell)",1,50.0,7.0,0,0.0,
2026-03-31 12:42:24,"Back + Bi",1h,"Preacher Curl (Barbell)",2,50.0,4.0,0,0.0,
2026-03-31 12:42:24,"Back + Bi",1h,"Preacher Curl (Barbell)",3,30.0,8.0,0,0.0,
2026-04-01 17:46:57,"Legs",39m,"Squat (Barbell)",1,175.0,6.0,0,0.0,
2026-04-01 17:46:57,"Legs",39m,"Squat (Barbell)",2,155.0,9.0,0,0.0,
2026-04-01 17:46:57,"Legs",39m,"Squat (Barbell)",3,145.0,8.0,0,0.0,
2026-04-01 17:46:57,"Legs",39m,"Seated Leg Curl (Machine)",1,190.0,5.0,0,0.0,
2026-04-01 17:46:57,"Legs",39m,"Seated Leg Curl (Machine)",2,170.0,12.0,0,0.0,
2026-04-01 17:46:57,"Legs",39m,"Seated Leg Curl (Machine)",3,150.0,11.0,0,0.0,
2026-04-01 17:46:57,"Legs",39m,"Lateral Raise (Machine)",1,80.0,8.0,0,0.0,
2026-04-01 17:46:57,"Legs",39m,"Lateral Raise (Machine)",2,60.0,9.0,0,0.0,
2026-04-01 17:46:57,"Legs",39m,"Lateral Raise (Machine)",3,40.0,9.0,0,0.0,
2026-04-01 17:46:57,"Legs",39m,"Seated Overhead Press (Barbell)",1,95.0,8.0,0,0.0,
2026-04-01 17:46:57,"Legs",39m,"Seated Overhead Press (Barbell)",2,95.0,5.0,0,0.0,
2026-04-06 21:10:26,"Push",39m,"Bench Press (Barbell)",1,184.0,4.0,0,0.0,
2026-04-06 21:10:26,"Push",39m,"Bench Press (Barbell)",2,165.0,7.0,0,0.0,
2026-04-06 21:10:26,"Push",39m,"Bench Press (Barbell)",3,155.0,9.0,0,0.0,
2026-04-06 21:10:26,"Push",39m,"Incline Bench Press (Dumbbell)",1,130.0,7.0,0,0.0,
2026-04-06 21:10:26,"Push",39m,"Incline Bench Press (Dumbbell)",2,120.0,5.0,0,0.0,
2026-04-06 21:10:26,"Push",39m,"Incline Bench Press (Dumbbell)",3,120.0,2.0,0,0.0,
2026-04-06 21:10:26,"Push",39m,"Triceps Pushdown (Cable - Straight Bar)",1,80.0,8.0,0,0.0,
2026-04-06 21:10:26,"Push",39m,"Triceps Pushdown (Cable - Straight Bar)",2,70.0,10.0,0,0.0,
2026-04-06 21:10:26,"Push",39m,"Triceps Pushdown (Cable - Straight Bar)",3,40.0,10.0,0,0.0,
2026-04-06 21:10:26,"Push",39m,"Triceps Extension (Cable)",1,42.5,8.0,0,0.0,
2026-04-06 21:10:26,"Push",39m,"Triceps Extension (Cable)",2,35.0,11.0,0,0.0,
2026-04-06 21:10:26,"Push",39m,"Triceps Extension (Cable)",3,30.0,11.0,0,0.0,
2026-04-06 21:10:26,"Push",39m,"Triceps Dip",1,25.0,5.0,0,0.0,
2026-04-06 21:10:26,"Push",39m,"Triceps Dip",2,0.0,5.0,0,0.0,
2026-04-07 07:33:02,"Back + Bi",44m,"Lat Prayers",1,50.0,9.0,0,0.0,
2026-04-07 07:33:02,"Back + Bi",44m,"Lat Prayers",2,50.0,10.0,0,0.0,
2026-04-07 07:33:02,"Back + Bi",44m,"Lat Prayers",3,42.5,9.0,0,0.0,
2026-04-07 07:33:02,"Back + Bi",44m,"Lat Pulldown (Cable)",1,140.0,8.0,0,0.0,
2026-04-07 07:33:02,"Back + Bi",44m,"Lat Pulldown (Cable)",2,120.0,10.0,0,0.0,
2026-04-07 07:33:02,"Back + Bi",44m,"Lat Pulldown (Cable)",3,100.0,12.0,0,0.0,
2026-04-07 07:33:02,"Back + Bi",44m,"Bicep Curl (Dumbbell)",1,50.0,8.0,0,0.0,
2026-04-07 07:33:02,"Back + Bi",44m,"Bicep Curl (Dumbbell)",2,40.0,10.0,0,0.0,
2026-04-07 07:33:02,"Back + Bi",44m,"Bicep Curl (Dumbbell)",3,40.0,11.0,0,0.0,
2026-04-07 07:33:02,"Back + Bi",44m,"Bent Over Row (Barbell)",1,135.0,6.0,0,0.0,
2026-04-07 07:33:02,"Back + Bi",44m,"Bent Over Row (Barbell)",2,135.0,5.0,0,0.0,
2026-04-07 07:33:02,"Back + Bi",44m,"Bicep Curl (Barbell)",1,80.0,8.0,0,0.0,
2026-04-07 07:33:02,"Back + Bi",44m,"Hammer Curl (Dumbbell)",1,45.0,8.0,0,0.0,
2026-04-08 17:54:06,"Legs",31m,"Squat (Barbell)",1,175.0,7.0,0,0.0,
2026-04-08 17:54:06,"Legs",31m,"Squat (Barbell)",2,155.0,8.0,0,0.0,
2026-04-08 17:54:06,"Legs",31m,"Squat (Barbell)",3,135.0,10.0,0,0.0,
2026-04-08 17:54:06,"Legs",31m,"Seated Leg Curl (Machine)",1,120.0,10.0,0,0.0,
2026-04-08 17:54:06,"Legs",31m,"Seated Leg Curl (Machine)",2,170.0,7.0,0,0.0,
2026-04-08 17:54:06,"Legs",31m,"Lateral Raise (Machine)",1,80.0,10.0,0,0.0,
2026-04-08 17:54:06,"Legs",31m,"Lateral Raise (Machine)",2,70.0,10.0,0,0.0,
2026-04-08 17:54:06,"Legs",31m,"Lateral Raise (Machine)",3,50.0,9.0,0,0.0,
2026-04-08 17:54:06,"Legs",31m,"Shoulder Press (Machine)",1,80.0,12.0,0,0.0,
2026-04-08 17:54:06,"Legs",31m,"Shoulder Press (Machine)",2,70.0,10.0,0,0.0,
2026-04-08 17:54:06,"Legs",31m,"Shoulder Press (Machine)",3,60.0,10.0,0,0.0,
2026-04-11 17:29:54,"Push",18m,"Bench Press (Barbell)",1,175.0,6.0,0,0.0,
2026-04-11 17:29:54,"Push",18m,"Bench Press (Barbell)",2,155.0,8.0,0,0.0,
2026-04-11 17:29:54,"Push",18m,"Triceps Pushdown (Cable - Straight Bar)",1,70.0,6.0,0,0.0,
2026-04-11 17:29:54,"Push",18m,"Triceps Pushdown (Cable - Straight Bar)",2,50.0,11.0,0,0.0,
2026-04-11 17:29:54,"Push",18m,"Iso-Lateral Chest Press (Machine)",1,140.0,8.0,0,0.0,
2026-04-11 17:29:54,"Push",18m,"Iso-Lateral Chest Press (Machine)",2,90.0,11.0,0,0.0,
2026-04-11 17:29:54,"Push",18m,"Skullcrusher (Dumbbell)",1,40.0,9.0,0,0.0,
2026-04-11 17:29:54,"Push",18m,"Skullcrusher (Dumbbell)",2,40.0,9.0,0,0.0,
2026-04-19 21:17:43,"Legs",6m,"Zercher Squat (Barbell)",1,135.0,6.0,0,0.0,
2026-04-19 21:17:43,"Legs",6m,"Zercher Squat (Barbell)",2,135.0,5.0,0,0.0,
2026-04-20 20:14:53,"Push",29m,"Bench Press (Barbell)",1,175.0,5.0,0,0.0,
2026-04-20 20:14:53,"Push",29m,"Bench Press (Barbell)",2,155.0,8.0,0,0.0,
2026-04-20 20:14:53,"Push",29m,"Bench Press (Barbell)",3,135.0,9.0,0,0.0,
2026-04-20 20:14:53,"Push",29m,"Iso-Lateral Chest Press (Machine)",1,140.0,10.0,0,0.0,
2026-04-20 20:14:53,"Push",29m,"Iso-Lateral Chest Press (Machine)",2,90.0,10.0,0,0.0,
2026-04-20 20:14:53,"Push",29m,"Iso-Lateral Chest Press (Machine)",3,90.0,8.0,0,0.0,
2026-04-20 20:14:53,"Push",29m,"Triceps Pushdown (Cable - Straight Bar)",1,70.0,6.0,0,0.0,
2026-04-20 20:14:53,"Push",29m,"Triceps Pushdown (Cable - Straight Bar)",2,50.0,10.0,0,0.0,
2026-04-20 20:14:53,"Push",29m,"Triceps Pushdown (Cable - Straight Bar)",3,40.0,10.0,0,0.0,
2026-04-20 20:14:53,"Push",29m,"Skullcrusher (Dumbbell)",1,40.0,9.0,0,0.0,
2026-04-20 20:14:53,"Push",29m,"Skullcrusher (Dumbbell)",2,40.0,6.0,0,0.0,
2026-04-20 20:14:53,"Push",29m,"Skullcrusher (Dumbbell)",3,35.0,10.0,0,0.0,
2026-04-20 20:14:53,"Push",29m,"Lateral Raise (Dumbbell)",1,35.0,8.0,0,0.0,
2026-04-20 20:14:53,"Push",29m,"Lateral Raise (Dumbbell)",2,30.0,10.0,0,0.0,
2026-04-21 11:11:38,"Back + Bi",41m,"Lat Pulldown (Machine)",1,170.0,6.0,0,0.0,
2026-04-21 11:11:38,"Back + Bi",41m,"Lat Pulldown (Machine)",2,135.0,9.0,0,0.0,
2026-04-21 11:11:38,"Back + Bi",41m,"Lat Pulldown (Machine)",3,120.0,10.0,0,0.0,
2026-04-21 11:11:38,"Back + Bi",41m,"Bent Over One Arm Row (Dumbbell)",1,90.0,10.0,0,0.0,
2026-04-21 11:11:38,"Back + Bi",41m,"Bent Over One Arm Row (Dumbbell)",2,90.0,10.0,0,0.0,
2026-04-21 11:11:38,"Back + Bi",41m,"Bent Over One Arm Row (Dumbbell)",3,90.0,10.0,0,0.0,
2026-04-21 11:11:38,"Back + Bi",41m,"Bicep Curl (Dumbbell)",1,50.0,9.0,0,0.0,
2026-04-21 11:11:38,"Back + Bi",41m,"Bicep Curl (Dumbbell)",2,40.0,10.0,0,0.0,
2026-04-21 11:11:38,"Back + Bi",41m,"Bicep Curl (Dumbbell)",3,40.0,11.0,0,0.0,
2026-04-21 11:11:38,"Back + Bi",41m,"Hammer Curl (Dumbbell)",1,45.0,8.0,0,0.0,
2026-04-23 20:08:26,"Legs",36m,"Squat (Barbell)",1,175.0,8.0,0,0.0,
2026-04-23 20:08:26,"Legs",36m,"Squat (Barbell)",2,155.0,8.0,0,0.0,
2026-04-23 20:08:26,"Legs",36m,"Zercher Squat (Barbell)",1,135.0,7.0,0,0.0,
2026-04-23 20:08:26,"Legs",36m,"Zercher Squat (Barbell)",2,135.0,6.0,0,0.0,
2026-04-23 20:08:26,"Legs",36m,"Seated Leg Curl (Machine)",1,190.0,8.0,0,0.0,
2026-04-23 20:08:26,"Legs",36m,"Seated Leg Curl (Machine)",2,170.0,10.0,0,0.0,
2026-04-23 20:08:26,"Legs",36m,"Seated Leg Curl (Machine)",3,150.0,10.0,0,0.0,
2026-04-23 20:08:26,"Legs",36m,"Lateral Raise (Machine)",1,80.0,10.0,0,0.0,
2026-04-23 20:08:26,"Legs",36m,"Lateral Raise (Machine)",2,70.0,8.0,0,0.0,
2026-04-23 20:08:26,"Legs",36m,"Lateral Raise (Machine)",3,50.0,9.0,0,0.0,
2026-04-23 20:08:26,"Legs",36m,"Seated Overhead Press (Barbell)",1,95.0,7.0,0,0.0,
2026-04-24 15:02:30,"Push",30m,"Bench Press (Barbell)",1,175.0,8.0,0,0.0,
2026-04-24 15:02:30,"Push",30m,"Bench Press (Barbell)",2,155.0,8.0,0,0.0,
2026-04-24 15:02:30,"Push",30m,"Bench Press (Barbell)",3,135.0,9.0,0,0.0,
2026-04-25 08:08:08,"Back + Bi",39m,"Lat Pulldown (Cable)",1,140.0,6.0,0,0.0,
2026-04-25 08:08:08,"Back + Bi",39m,"Lat Pulldown (Cable)",2,120.0,10.0,0,0.0,
2026-04-25 08:08:08,"Back + Bi",39m,"Lat Pulldown (Cable)",3,110.0,12.0,0,0.0,
2026-04-25 08:08:08,"Back + Bi",39m,"Seated Row (Plate Loaded)",1,120.0,8.0,0,0.0,
2026-04-25 08:08:08,"Back + Bi",39m,"Seated Row (Plate Loaded)",2,100.0,10.0,0,0.0,
2026-04-25 08:08:08,"Back + Bi",39m,"Seated Row (Plate Loaded)",3,85.0,12.0,0,0.0,
2026-04-25 08:08:08,"Back + Bi",39m,"Seated Row (Plate Loaded)",4,85.0,12.0,0,0.0,
2026-04-25 08:08:08,"Back + Bi",39m,"Bicep Curl (Barbell)",1,80.0,5.0,0,0.0,
2026-04-25 08:08:08,"Back + Bi",39m,"Bicep Curl (Barbell)",2,70.0,5.0,0,0.0,
2026-04-25 08:08:08,"Back + Bi",39m,"Bicep Curl (Dumbbell)",1,50.0,10.0,0,0.0,
2026-04-25 08:08:08,"Back + Bi",39m,"Bicep Curl (Dumbbell)",2,45.0,10.0,0,0.0,
2026-04-25 08:08:08,"Back + Bi",39m,"Bicep Curl (Dumbbell)",3,40.0,10.0,0,0.0,
2026-04-25 08:08:08,"Back + Bi",39m,"Hammer Curl (Dumbbell)",1,50.0,8.0,0,0.0,
2026-04-25 08:08:08,"Back + Bi",39m,"Hammer Curl (Dumbbell)",2,40.0,8.0,0,0.0,
2026-04-27 11:09:09,"Legs",45m,"Squat (Barbell)",1,185.0,5.0,0,0.0,
2026-04-27 11:09:09,"Legs",45m,"Squat (Barbell)",2,155.0,10.0,0,0.0,
2026-04-27 11:09:09,"Legs",45m,"Zercher Squat (Barbell)",1,135.0,8.0,0,0.0,
2026-04-27 11:09:09,"Legs",45m,"Zercher Squat (Barbell)",2,135.0,9.0,0,0.0,
2026-04-27 11:09:09,"Legs",45m,"Seated Leg Curl (Machine)",1,130.0,9.0,0,0.0,
2026-04-27 11:09:09,"Legs",45m,"Seated Leg Curl (Machine)",2,130.0,8.0,0,0.0,
2026-04-27 11:09:09,"Legs",45m,"Seated Leg Curl (Machine)",3,130.0,8.0,0,0.0,
2026-04-27 11:09:09,"Legs",45m,"Seated Calf Raise (Plate Loaded)",1,100.0,8.0,0,0.0,
2026-04-27 11:09:09,"Legs",45m,"Seated Calf Raise (Plate Loaded)",2,100.0,6.0,0,0.0,
2026-04-27 11:09:09,"Legs",45m,"Lateral Raise (Dumbbell)",1,25.0,10.0,0,0.0,
2026-04-27 11:09:09,"Legs",45m,"Lateral Raise (Dumbbell)",2,25.0,10.0,0,0.0,
2026-04-27 11:09:09,"Legs",45m,"Lateral Raise (Dumbbell)",3,25.0,8.0,0,0.0,
2026-04-27 11:09:09,"Legs",45m,"Seated Overhead Press (Dumbbell)",1,100.0,7.0,0,0.0,
2026-04-27 11:09:09,"Legs",45m,"Seated Overhead Press (Dumbbell)",2,90.0,7.0,0,0.0,
2026-04-28 15:50:21,"Back + Bi",38m,"Lat Pulldown (Machine)",1,170.0,6.0,0,0.0,
2026-04-28 15:50:21,"Back + Bi",38m,"Lat Pulldown (Machine)",2,135.0,10.0,0,0.0,
2026-04-28 15:50:21,"Back + Bi",38m,"Lat Pulldown (Machine)",3,120.0,11.0,0,0.0,
2026-04-28 15:50:21,"Back + Bi",38m,"Seated Row (Machine)",1,130.0,10.0,0,0.0,
2026-04-28 15:50:21,"Back + Bi",38m,"Seated Row (Machine)",2,120.0,9.0,0,0.0,
2026-04-28 15:50:21,"Back + Bi",38m,"Seated Row (Machine)",3,120.0,9.0,0,0.0,
2026-04-28 15:50:21,"Back + Bi",38m,"Bicep Curl (Barbell)",1,80.0,6.0,0,0.0,
2026-04-28 15:50:21,"Back + Bi",38m,"Bicep Curl (Barbell)",2,70.0,8.0,0,0.0,
2026-04-28 15:50:21,"Back + Bi",38m,"Bicep Curl (Dumbbell)",1,50.0,10.0,0,0.0,
2026-04-28 15:50:21,"Back + Bi",38m,"Bicep Curl (Dumbbell)",2,45.0,9.0,0,0.0,
2026-04-28 15:50:21,"Back + Bi",38m,"Bicep Curl (Dumbbell)",3,40.0,10.0,0,0.0,
2026-04-28 15:50:21,"Back + Bi",38m,"Hammer Curl (Dumbbell)",1,45.0,8.0,0,0.0,
2026-04-28 15:50:21,"Back + Bi",38m,"Hammer Curl (Dumbbell)",2,40.0,10.0,0,0.0,
2026-04-28 15:50:21,"Back + Bi",38m,"Hammer Curl (Dumbbell)",3,35.0,8.0,0,0.0,
2026-04-29 17:45:54,"Push",41m,"Bench Press (Barbell)",1,175.0,8.0,0,0.0,
2026-04-29 17:45:54,"Push",41m,"Bench Press (Barbell)",2,155.0,8.0,0,0.0,
2026-04-29 17:45:54,"Push",41m,"Bench Press (Barbell)",3,135.0,9.0,0,0.0,
2026-04-29 17:45:54,"Push",41m,"Chest Press (Machine)",1,150.0,8.0,0,0.0,
2026-04-29 17:45:54,"Push",41m,"Chest Press (Machine)",2,130.0,6.0,0,0.0,
2026-04-29 17:45:54,"Push",41m,"Chest Press (Machine)",3,110.0,6.0,0,0.0,
2026-04-29 17:45:54,"Push",41m,"Tricep press (plate Loaded)",1,150.0,9.0,0,0.0,
2026-04-29 17:45:54,"Push",41m,"Tricep press (plate Loaded)",2,150.0,10.0,0,0.0,
2026-04-29 17:45:54,"Push",41m,"Tricep press (plate Loaded)",3,150.0,8.0,0,0.0,
2026-04-29 17:45:54,"Push",41m,"Skullcrusher (Dumbbell)",1,40.0,9.0,0,0.0,
2026-04-29 17:45:54,"Push",41m,"Skullcrusher (Dumbbell)",2,35.0,10.0,0,0.0,
2026-04-29 17:45:54,"Push",41m,"Skullcrusher (Dumbbell)",3,30.0,10.0,0,0.0,
2026-04-30 13:18:16,"Back + Bi",37m,"Lat Pulldown (Cable)",1,135.0,10.0,0,0.0,
2026-04-30 13:18:16,"Back + Bi",37m,"Lat Pulldown (Cable)",2,120.0,11.0,0,0.0,
2026-04-30 13:18:16,"Back + Bi",37m,"Lat Pulldown (Cable)",3,115.0,9.0,0,0.0,
2026-04-30 13:18:16,"Back + Bi",37m,"Seated Row (Machine)",1,130.0,12.0,0,0.0,
2026-04-30 13:18:16,"Back + Bi",37m,"Seated Row (Machine)",2,115.0,10.0,0,0.0,
2026-04-30 13:18:16,"Back + Bi",37m,"Bicep Curl (Barbell)",1,80.0,7.0,0,0.0,
2026-04-30 13:18:16,"Back + Bi",37m,"Bicep Curl (Barbell)",2,70.0,9.0,0,0.0,
2026-04-30 13:18:16,"Back + Bi",37m,"Bicep Curl (Dumbbell)",1,60.0,6.0,0,0.0,
2026-04-30 13:18:16,"Back + Bi",37m,"Bicep Curl (Dumbbell)",2,45.0,9.0,0,0.0,
2026-04-30 13:18:16,"Back + Bi",37m,"Bicep Curl (Dumbbell)",3,40.0,10.0,0,0.0,
2026-04-30 13:18:16,"Back + Bi",37m,"Hammer Curl (Dumbbell)",1,45.0,9.0,0,0.0,
2026-04-30 13:18:16,"Back + Bi",37m,"Hammer Curl (Dumbbell)",2,40.0,7.0,0,0.0,
2026-05-02 16:22:56,"Legs",14m,"Squat (Barbell)",1,185.0,5.0,0,0.0,
2026-05-02 16:22:56,"Legs",14m,"Squat (Barbell)",2,155.0,9.0,0,0.0,
2026-05-02 16:22:56,"Legs",14m,"Lying Leg Curl (Machine)",1,150.0,6.0,0,0.0,
2026-05-02 16:22:56,"Legs",14m,"Lying Leg Curl (Machine)",2,135.0,7.0,0,0.0,
2026-05-02 16:22:56,"Legs",14m,"Lateral Raise (Machine)",1,80.0,6.0,0,0.0,
2026-05-02 16:22:56,"Legs",14m,"Lateral Raise (Machine)",2,70.0,6.0,0,0.0,
2026-05-03 16:10:00,"Push",27m,"Bench Press (Barbell)",1,185.0,3.0,0,0.0,
2026-05-03 16:10:00,"Push",27m,"Bench Press (Barbell)",2,155.0,9.0,0,0.0,
2026-05-03 16:10:00,"Push",27m,"Bench Press (Barbell)",3,135.0,10.0,0,0.0,
2026-05-03 16:10:00,"Push",27m,"Triceps Pushdown (Cable - Straight Bar)",1,60.0,10.0,0,0.0,
2026-05-03 16:10:00,"Push",27m,"Triceps Pushdown (Cable - Straight Bar)",2,40.0,10.0,0,0.0,
2026-05-05 16:07:49,"Back + Bi",22m,"Pull Up",1,35.0,3.0,0,0.0,
2026-05-05 16:07:49,"Back + Bi",22m,"Pull Up",2,35.0,3.0,0,0.0,
2026-05-05 16:07:49,"Back + Bi",22m,"Pull Up",3,35.0,3.0,0,0.0,
2026-05-05 16:07:49,"Back + Bi",22m,"Seated Row (Machine)",1,130.0,12.0,0,0.0,
2026-05-05 16:07:49,"Back + Bi",22m,"Seated Row (Machine)",2,115.0,10.0,0,0.0,
2026-05-05 16:07:49,"Back + Bi",22m,"Bicep Curl (Barbell)",1,80.0,9.0,0,0.0,
2026-05-05 16:07:49,"Back + Bi",22m,"Bicep Curl (Barbell)",2,70.0,9.0,0,0.0,
2026-05-05 16:07:49,"Back + Bi",22m,"Bicep Curl (Dumbbell)",1,60.0,7.0,0,0.0,
2026-05-05 16:07:49,"Back + Bi",22m,"Bicep Curl (Dumbbell)",2,50.0,8.0,0,0.0,
2026-05-06 20:22:55,"Legs",23m,"Squat (Barbell)",1,185.0,7.0,0,0.0,
2026-05-06 20:22:55,"Legs",23m,"Squat (Barbell)",2,155.0,7.0,0,0.0,
2026-05-06 20:22:55,"Legs",23m,"Lateral Raise (Dumbbell)",1,25.0,10.0,0,0.0,
2026-05-06 20:22:55,"Legs",23m,"Lateral Raise (Dumbbell)",2,25.0,10.0,0,0.0,
2026-05-12 20:06:22,"Push",48m,"Bench Press (Barbell)",1,175.0,7.0,0,0.0,
2026-05-12 20:06:22,"Push",48m,"Bench Press (Barbell)",2,155.0,10.0,0,0.0,
2026-05-12 20:06:22,"Push",48m,"Bench Press (Barbell)",3,135.0,10.0,0,0.0,
2026-05-12 20:06:22,"Push",48m,"Iso-Lateral Chest Press (Machine)",1,140.0,9.0,0,0.0,
2026-05-12 20:06:22,"Push",48m,"Iso-Lateral Chest Press (Machine)",2,90.0,10.0,0,0.0,
2026-05-12 20:06:22,"Push",48m,"Iso-Lateral Chest Press (Machine)",3,90.0,10.0,0,0.0,
2026-05-12 20:06:22,"Push",48m,"Tricep press (plate Loaded)",1,160.0,10.0,0,0.0,
2026-05-12 20:06:22,"Push",48m,"Tricep press (plate Loaded)",2,160.0,7.0,0,0.0,
2026-05-12 20:06:22,"Push",48m,"Tricep press (plate Loaded)",3,150.0,10.0,0,0.0,
2026-05-12 20:06:22,"Push",48m,"Skullcrusher (Dumbbell)",1,40.0,12.0,0,0.0,
2026-05-12 20:06:22,"Push",48m,"Skullcrusher (Dumbbell)",2,40.0,10.0,0,0.0,
2026-05-12 20:06:22,"Push",48m,"Lateral Raise (Dumbbell)",1,30.0,14.0,0,0.0,
2026-05-13 19:08:42,"Back + Bi",23m,"Pull Up",1,0.0,10.0,0,0.0,
2026-05-13 19:08:42,"Back + Bi",23m,"Pull Up",2,0.0,8.0,0,0.0,
2026-05-13 19:08:42,"Back + Bi",23m,"Lat Prayers",1,52.5,10.0,0,0.0,
2026-05-13 19:08:42,"Back + Bi",23m,"Seated Row (Machine)",1,170.0,5.0,0,0.0,
2026-05-13 19:08:42,"Back + Bi",23m,"Seated Row (Machine)",2,150.0,10.0,0,0.0,
2026-05-13 19:08:42,"Back + Bi",23m,"Seated Row (Machine)",3,130.0,10.0,0,0.0,
2026-05-13 19:08:42,"Back + Bi",23m,"Bicep Curl (Barbell)",1,90.0,2.0,0,0.0,
2026-05-13 19:08:42,"Back + Bi",23m,"Bicep Curl (Barbell)",2,80.0,5.0,0,0.0,
2026-05-13 19:08:42,"Back + Bi",23m,"Bicep Curl (Dumbbell)",1,60.0,8.0,0,0.0,
2026-05-13 19:08:42,"Back + Bi",23m,"Bicep Curl (Dumbbell)",2,50.0,9.0,0,0.0,
2026-05-13 19:08:42,"Back + Bi",23m,"Hammer Curl (Dumbbell)",1,50.0,9.0,0,0.0,
2026-05-13 19:08:42,"Back + Bi",23m,"Hammer Curl (Dumbbell)",2,40.0,7.0,0,0.0,
2026-05-14 12:23:28,"Legs",34m,"Squat (Barbell)",1,185.0,3.0,0,0.0,
2026-05-14 12:23:28,"Legs",34m,"Zercher Squat (Barbell)",1,135.0,5.0,0,0.0,
2026-05-14 12:23:28,"Legs",34m,"Zercher Squat (Barbell)",2,135.0,7.0,0,0.0,
2026-05-14 12:23:28,"Legs",34m,"Seated Leg Curl (Machine)",1,180.0,5.0,0,0.0,
2026-05-14 12:23:28,"Legs",34m,"Lateral Raise (Machine)",1,70.0,8.0,0,0.0,
2026-05-14 12:23:28,"Legs",34m,"Lateral Raise (Machine)",2,50.0,11.0,0,0.0,
2026-05-14 12:23:28,"Legs",34m,"Lateral Raise (Machine)",3,30.0,12.0,0,0.0,
2026-05-14 12:23:28,"Legs",34m,"Strict Military Press (Barbell)",1,60.0,8.0,0,0.0,
2026-05-18 17:30:37,"Push",23m,"Bench Press (Barbell)",1,175.0,5.0,0,0.0,
2026-05-18 17:30:37,"Push",23m,"Bench Press (Barbell)",2,155.0,7.0,0,0.0,
2026-05-18 17:30:37,"Push",23m,"Bench Press (Barbell)",3,135.0,9.0,0,0.0,
2026-05-18 17:30:37,"Push",23m,"Tricep press (plate Loaded)",1,160.0,12.0,0,0.0,
2026-05-18 17:30:37,"Push",23m,"Tricep press (plate Loaded)",2,160.0,8.0,0,0.0,
2026-05-18 17:30:37,"Push",23m,"Tricep press (plate Loaded)",3,150.0,10.0,0,0.0,
2026-05-18 17:30:37,"Push",23m,"Skullcrusher (Dumbbell)",1,40.0,9.0,0,0.0,
2026-05-18 17:30:37,"Push",23m,"Skullcrusher (Dumbbell)",2,40.0,9.0,0,0.0,
2026-05-19 12:20:18,"Back + Bi",33m,"Lat Pulldown (Cable)",1,140.0,6.0,0,0.0,
2026-05-19 12:20:18,"Back + Bi",33m,"Lat Pulldown (Cable)",2,110.0,10.0,0,0.0,
2026-05-19 12:20:18,"Back + Bi",33m,"Lat Pulldown (Cable)",3,100.0,11.0,0,0.0,
2026-05-19 12:20:18,"Back + Bi",33m,"Seated Row (Machine)",1,150.0,6.0,0,0.0,
2026-05-19 12:20:18,"Back + Bi",33m,"Seated Row (Machine)",2,130.0,9.0,0,0.0,
2026-05-19 12:20:18,"Back + Bi",33m,"Seated Row (Machine)",3,110.0,9.0,0,0.0,
2026-05-19 12:20:18,"Back + Bi",33m,"Bicep Curl (Barbell)",1,80.0,9.0,0,0.0,
2026-05-19 12:20:18,"Back + Bi",33m,"Bicep Curl (Barbell)",2,70.0,8.0,0,0.0,
2026-05-19 12:20:18,"Back + Bi",33m,"Bicep Curl (Dumbbell)",1,50.0,9.0,0,0.0,
2026-05-19 12:20:18,"Back + Bi",33m,"Bicep Curl (Dumbbell)",2,50.0,6.0,0,0.0,
2026-05-19 12:20:18,"Back + Bi",33m,"Bicep Curl (Dumbbell)",3,45.0,9.0,0,0.0,
2026-05-19 12:20:18,"Back + Bi",33m,"Hammer Curl (Dumbbell)",1,45.0,9.0,0,0.0,
2026-05-19 12:20:18,"Back + Bi",33m,"Hammer Curl (Dumbbell)",2,40.0,9.0,0,0.0,
2026-05-19 12:20:18,"Back + Bi",33m,"Hammer Curl (Dumbbell)",3,40.0,9.0,0,0.0,
2026-05-20 17:37:15,"Legs",28m,"Squat (Barbell)",1,185.0,3.0,0,0.0,
2026-05-20 17:37:15,"Legs",28m,"Squat (Barbell)",2,155.0,10.0,0,0.0,
2026-05-20 17:37:15,"Legs",28m,"Lying Leg Curl (Machine)",1,130.0,8.0,0,0.0,
2026-05-20 17:37:15,"Legs",28m,"Lying Leg Curl (Machine)",2,130.0,6.0,0,0.0,
2026-05-20 17:37:15,"Legs",28m,"Lateral Raise (Machine)",1,60.0,9.0,0,0.0,
2026-05-20 17:37:15,"Legs",28m,"Lateral Raise (Machine)",2,50.0,6.0,0,0.0,
2026-05-20 17:37:15,"Legs",28m,"Shoulder Press (Machine)",1,90.0,9.0,0,0.0,
2026-05-20 17:37:15,"Legs",28m,"Shoulder Press (Machine)",2,70.0,9.0,0,0.0,
2026-05-21 21:47:50,"Push",22m,"Bench Press (Barbell)",1,175.0,5.0,0,0.0,
2026-05-21 21:47:50,"Push",22m,"Bench Press (Barbell)",2,155.0,8.0,0,0.0,
2026-05-21 21:47:50,"Push",22m,"Bench Press (Barbell)",3,135.0,9.0,0,0.0,
2026-05-21 21:47:50,"Push",22m,"Iso-Lateral Chest Press (Machine)",1,140.0,9.0,0,0.0,
2026-05-21 21:47:50,"Push",22m,"Iso-Lateral Chest Press (Machine)",2,90.0,7.0,0,0.0,
2026-05-21 21:47:50,"Push",22m,"Tricep press (plate Loaded)",1,180.0,8.0,0,0.0,
2026-05-21 21:47:50,"Push",22m,"Tricep press (plate Loaded)",2,160.0,10.0,0,0.0,
2026-05-21 21:47:50,"Push",22m,"Tricep press (plate Loaded)",3,160.0,10.0,0,0.0,
2026-05-26 09:37:07,"Push",40m,"Incline Bench Press (Barbell)",1,135.0,5.0,0,0.0,
2026-05-26 09:37:07,"Push",40m,"Incline Bench Press (Barbell)",2,115.0,9.0,0,0.0,
2026-05-26 09:37:07,"Push",40m,"Incline Bench Press (Barbell)",3,115.0,8.0,0,0.0,
2026-05-26 09:37:07,"Push",40m,"Bench Press (Dumbbell)",1,140.0,4.0,0,0.0,
2026-05-26 09:37:07,"Push",40m,"Tricep press (plate Loaded)",1,180.0,9.0,0,0.0,
2026-05-26 09:37:07,"Push",40m,"Tricep press (plate Loaded)",2,160.0,10.0,0,0.0,
2026-05-26 09:37:07,"Push",40m,"Tricep press (plate Loaded)",3,160.0,9.0,0,0.0,
2026-05-26 09:37:07,"Push",40m,"Skullcrusher (Dumbbell)",1,40.0,12.0,0,0.0,
2026-05-26 09:37:07,"Push",40m,"Skullcrusher (Dumbbell)",2,45.0,6.0,0,0.0,
2026-05-26 09:37:07,"Push",40m,"Skullcrusher (Dumbbell)",3,40.0,10.0,0,0.0,
2026-05-26 09:37:07,"Push",40m,"Triceps Extension (Machine)",1,190.0,7.0,0,0.0,
2026-05-26 09:37:07,"Push",40m,"Triceps Extension (Machine)",2,170.0,9.0,0,0.0,
2026-05-26 09:37:07,"Push",40m,"Triceps Extension (Machine)",3,150.0,8.0,0,0.0,
2026-05-29 17:09:34,"Back + Bi",10m,"Lat Prayers",1,52.5,10.0,0,0.0,
2026-05-29 17:09:34,"Back + Bi",10m,"Lat Prayers",2,52.5,10.0,0,0.0,
2026-05-29 17:09:34,"Back + Bi",10m,"Seated Row (Machine)",1,130.0,12.0,0,0.0,
2026-05-29 17:09:34,"Back + Bi",10m,"Seated Row (Machine)",2,115.0,10.0,0,0.0,
2026-05-29 17:09:34,"Back + Bi",10m,"Bicep Curl (Barbell)",1,80.0,8.0,0,0.0,
2026-05-29 17:09:34,"Back + Bi",10m,"Bicep Curl (Dumbbell)",1,50.0,10.0,0,0.0,
2026-05-29 17:09:34,"Back + Bi",10m,"Bicep Curl (Dumbbell)",2,45.0,9.0,0,0.0,
2026-06-01 11:29:02,"Push",32m,"Incline Bench Press (Barbell)",1,135.0,6.0,0,0.0,
2026-06-01 11:29:02,"Push",32m,"Incline Bench Press (Barbell)",2,115.0,9.0,0,0.0,
2026-06-01 11:29:02,"Push",32m,"Incline Bench Press (Barbell)",3,115.0,8.0,0,0.0,
2026-06-01 11:29:02,"Push",32m,"Iso-Lateral Chest Press (Machine)",1,140.0,10.0,0,0.0,
2026-06-01 11:29:02,"Push",32m,"Iso-Lateral Chest Press (Machine)",2,90.0,12.0,0,0.0,
2026-06-01 11:29:02,"Push",32m,"Iso-Lateral Chest Press (Machine)",3,90.0,10.0,0,0.0,
2026-06-01 11:29:02,"Push",32m,"Tricep press (plate Loaded)",1,160.0,12.0,0,0.0,
2026-06-01 11:29:02,"Push",32m,"Tricep press (plate Loaded)",2,160.0,9.0,0,0.0,
2026-06-01 11:29:02,"Push",32m,"Tricep press (plate Loaded)",3,140.0,12.0,0,0.0,
2026-06-01 11:29:02,"Push",32m,"Skullcrusher (Dumbbell)",1,50.0,7.0,0,0.0,
2026-06-01 11:29:02,"Push",32m,"Skullcrusher (Dumbbell)",2,35.0,12.0,0,0.0,
2026-06-01 11:29:02,"Push",32m,"Skullcrusher (Dumbbell)",3,35.0,12.0,0,0.0,
2026-06-02 08:28:47,"Back + Bi",25m,"Lat Prayers",1,57.5,7.0,0,0.0,
2026-06-02 08:28:47,"Back + Bi",25m,"Lat Prayers",2,50.0,8.0,0,0.0,
2026-06-02 08:28:47,"Back + Bi",25m,"Lat Prayers",3,42.5,10.0,0,0.0,
2026-06-02 08:28:47,"Back + Bi",25m,"T Bar Row",1,70.0,8.0,0,0.0,
2026-06-02 08:28:47,"Back + Bi",25m,"T Bar Row",2,70.0,11.0,0,0.0,
2026-06-02 08:28:47,"Back + Bi",25m,"Bicep Curl (Barbell)",1,80.0,8.0,0,0.0,
2026-06-02 08:28:47,"Back + Bi",25m,"Bicep Curl (Dumbbell)",1,55.0,10.0,0,0.0,
2026-06-02 08:28:47,"Back + Bi",25m,"Bicep Curl (Dumbbell)",2,50.0,9.0,0,0.0,
2026-06-02 08:28:47,"Back + Bi",25m,"Bicep Curl (Dumbbell)",3,50.0,8.0,0,0.0,
2026-06-06 12:15:43,"Legs",23m,"Squat (Barbell)",1,165.0,7.0,0,0.0,
2026-06-06 12:15:43,"Legs",23m,"Squat (Barbell)",2,155.0,4.0,0,0.0,
2026-06-06 12:15:43,"Legs",23m,"Seated Leg Curl (Machine)",1,180.0,6.0,0,0.0,
2026-06-06 12:15:43,"Legs",23m,"Seated Leg Curl (Machine)",2,160.0,8.0,0,0.0,
2026-06-06 12:15:43,"Legs",23m,"Seated Leg Curl (Machine)",3,130.0,8.0,0,0.0,
2026-06-06 12:15:43,"Legs",23m,"Lateral Raise (Machine)",1,60.0,10.0,0,0.0,
2026-06-06 12:15:43,"Legs",23m,"Lateral Raise (Machine)",2,50.0,9.0,0,0.0,
2026-06-06 12:15:43,"Legs",23m,"Seated Overhead Press (Barbell)",1,95.0,6.0,0,0.0,
2026-06-06 12:15:43,"Legs",23m,"Seated Overhead Press (Barbell)",2,95.0,5.0,0,0.0,
2026-06-08 15:30:24,"Push",1h 1m,"Incline Bench Press (Dumbbell)",1,110.0,12.0,0,0.0,
2026-06-08 15:30:24,"Push",1h 1m,"Incline Bench Press (Dumbbell)",2,120.0,8.0,0,0.0,
2026-06-08 15:30:24,"Push",1h 1m,"Incline Bench Press (Dumbbell)",3,120.0,7.0,0,0.0,
2026-06-09 15:42:41,"Back + Bi",30m,"Lat Pulldown (Cable)",1,130.0,10.0,0,0.0,
2026-06-09 15:42:41,"Back + Bi",30m,"Lat Pulldown (Cable)",2,110.0,11.0,0,0.0,
2026-06-09 15:42:41,"Back + Bi",30m,"Lat Pulldown (Cable)",3,100.0,12.0,0,0.0,
2026-06-09 15:42:41,"Back + Bi",30m,"Seated Row (Machine)",1,140.0,8.0,0,0.0,
2026-06-09 15:42:41,"Back + Bi",30m,"Seated Row (Machine)",2,120.0,8.0,0,0.0,
2026-06-09 15:42:41,"Back + Bi",30m,"Seated Row (Machine)",3,100.0,8.0,0,0.0,
2026-06-09 15:42:41,"Back + Bi",30m,"Bicep Curl (Dumbbell)",1,60.0,7.0,0,0.0,
2026-06-09 15:42:41,"Back + Bi",30m,"Bicep Curl (Dumbbell)",2,50.0,9.0,0,0.0,
2026-06-09 15:42:41,"Back + Bi",30m,"Bicep Curl (Dumbbell)",3,40.0,8.0,0,0.0,
2026-06-09 15:42:41,"Back + Bi",30m,"Hammer Curl (Dumbbell)",1,45.0,9.0,0,0.0,